
 /----------------------------------------------------------------------------\
 |                                                                            |
 |  yosys -- Yosys Open SYnthesis Suite                                       |
 |                                                                            |
 |  Copyright (C) 2012 - 2020  Claire Xenia Wolf <claire@yosyshq.com>         |
 |                                                                            |
 |  Permission to use, copy, modify, and/or distribute this software for any  |
 |  purpose with or without fee is hereby granted, provided that the above    |
 |  copyright notice and this permission notice appear in all copies.         |
 |                                                                            |
 |  THE SOFTWARE IS PROVIDED "AS IS" AND THE AUTHOR DISCLAIMS ALL WARRANTIES  |
 |  WITH REGARD TO THIS SOFTWARE INCLUDING ALL IMPLIED WARRANTIES OF          |
 |  MERCHANTABILITY AND FITNESS. IN NO EVENT SHALL THE AUTHOR BE LIABLE FOR   |
 |  ANY SPECIAL, DIRECT, INDIRECT, OR CONSEQUENTIAL DAMAGES OR ANY DAMAGES    |
 |  WHATSOEVER RESULTING FROM LOSS OF USE, DATA OR PROFITS, WHETHER IN AN     |
 |  ACTION OF CONTRACT, NEGLIGENCE OR OTHER TORTIOUS ACTION, ARISING OUT OF   |
 |  OR IN CONNECTION WITH THE USE OR PERFORMANCE OF THIS SOFTWARE.            |
 |                                                                            |
 \----------------------------------------------------------------------------/

 Yosys 0.33 (git sha1 2584903a060)

1. Executing Verilog-2005 frontend: riscv_core_flat.v
Parsing Verilog input from `riscv_core_flat.v' to AST representation.
Generating RTLIL representation for module `\ALU_control'.
Generating RTLIL representation for module `\ALU'.
Generating RTLIL representation for module `\Branch_Target_Buffer'.
Warning: Replacing memory \Target_Array with list of registers. See riscv_core_flat.v:118
Warning: Replacing memory \Tag_Array with list of registers. See riscv_core_flat.v:117
Warning: Replacing memory \Valid_Array with list of registers. See riscv_core_flat.v:116
Generating RTLIL representation for module `\Control'.
Generating RTLIL representation for module `\RISC_V_pipe_line'.
Generating RTLIL representation for module `\ImmGen'.
Generating RTLIL representation for module `\DMEM'.
Generating RTLIL representation for module `\IMEM'.
Generating RTLIL representation for module `\MUX_2_1'.
Generating RTLIL representation for module `\Mux_WB'.
Generating RTLIL representation for module `\PC_next'.
Generating RTLIL representation for module `\PC'.
Generating RTLIL representation for module `\EX_MEM_reg'.
Generating RTLIL representation for module `\Forwarding_Unit'.
Generating RTLIL representation for module `\Hazard_Detection_Unit'.
Generating RTLIL representation for module `\ID_EX_reg'.
Generating RTLIL representation for module `\IF_ID_reg'.
Generating RTLIL representation for module `\MEM_WB_reg'.
Generating RTLIL representation for module `\Register'.
Successfully finished Verilog frontend.

2. Executing HIERARCHY pass (managing design hierarchy).

2.1. Analyzing design hierarchy..
Top module:  \RISC_V_pipe_line
Used module:     \Forwarding_Unit
Used module:     \Hazard_Detection_Unit
Used module:     \MEM_WB_reg
Used module:     \EX_MEM_reg
Used module:     \PC_next
Used module:     \ALU
Used module:     \ALU_control
Used module:     \MUX_2_1
Used module:     \ID_EX_reg
Used module:     \Control
Used module:     \ImmGen
Used module:     \Register
Used module:     \IF_ID_reg
Used module:     \Branch_Target_Buffer
Used module:     \PC

2.2. Analyzing design hierarchy..
Top module:  \RISC_V_pipe_line
Used module:     \Forwarding_Unit
Used module:     \Hazard_Detection_Unit
Used module:     \MEM_WB_reg
Used module:     \EX_MEM_reg
Used module:     \PC_next
Used module:     \ALU
Used module:     \ALU_control
Used module:     \MUX_2_1
Used module:     \ID_EX_reg
Used module:     \Control
Used module:     \ImmGen
Used module:     \Register
Used module:     \IF_ID_reg
Used module:     \Branch_Target_Buffer
Used module:     \PC
Removing unused module `\Mux_WB'.
Removed 1 unused modules.

3. Executing PROC pass (convert processes to netlists).

3.1. Executing PROC_CLEAN pass (remove empty switches from decision trees).
Cleaned up 0 empty switches.

3.2. Executing PROC_RMDEAD pass (remove dead branches from decision trees).
Marked 2 switch rules as full_case in process $proc$riscv_core_flat.v:831$142 in module MEM_WB_reg.
Marked 2 switch rules as full_case in process $proc$riscv_core_flat.v:791$140 in module IF_ID_reg.
Marked 2 switch rules as full_case in process $proc$riscv_core_flat.v:742$138 in module ID_EX_reg.
Marked 2 switch rules as full_case in process $proc$riscv_core_flat.v:675$131 in module Hazard_Detection_Unit.
Marked 4 switch rules as full_case in process $proc$riscv_core_flat.v:640$114 in module Forwarding_Unit.
Marked 2 switch rules as full_case in process $proc$riscv_core_flat.v:604$112 in module EX_MEM_reg.
Marked 1 switch rules as full_case in process $proc$riscv_core_flat.v:568$110 in module PC.
Marked 1 switch rules as full_case in process $proc$riscv_core_flat.v:546$105 in module PC_next.
Marked 1 switch rules as full_case in process $proc$riscv_core_flat.v:535$97 in module PC_next.
Marked 1 switch rules as full_case in process $proc$riscv_core_flat.v:868$157 in module Register.
Removed 1 dead cases from process $proc$riscv_core_flat.v:478$95 in module MUX_2_1.
Marked 1 switch rules as full_case in process $proc$riscv_core_flat.v:478$95 in module MUX_2_1.
Marked 1 switch rules as full_case in process $proc$riscv_core_flat.v:433$94 in module ImmGen.
Marked 2 switch rules as full_case in process $proc$riscv_core_flat.v:325$87 in module RISC_V_pipe_line.
Marked 2 switch rules as full_case in process $proc$riscv_core_flat.v:312$84 in module RISC_V_pipe_line.
Marked 2 switch rules as full_case in process $proc$riscv_core_flat.v:215$77 in module RISC_V_pipe_line.
Marked 1 switch rules as full_case in process $proc$riscv_core_flat.v:134$76 in module Control.
Marked 6 switch rules as full_case in process $proc$riscv_core_flat.v:112$52 in module Branch_Target_Buffer.
Removed 3 dead cases from process $proc$riscv_core_flat.v:101$37 in module Branch_Target_Buffer.
Marked 4 switch rules as full_case in process $proc$riscv_core_flat.v:101$37 in module Branch_Target_Buffer.
Marked 1 switch rules as full_case in process $proc$riscv_core_flat.v:50$3 in module ALU.
Removed 1 dead cases from process $proc$riscv_core_flat.v:13$2 in module ALU_control.
Marked 1 switch rules as full_case in process $proc$riscv_core_flat.v:13$2 in module ALU_control.
Removed a total of 5 dead cases.

3.3. Executing PROC_PRUNE pass (remove redundant assignments in processes).
Removed 0 redundant assignments.
Promoted 36 assignments to connections.

3.4. Executing PROC_INIT pass (extract init attributes).

3.5. Executing PROC_ARST pass (detect async resets in processes).
Found async reset \rst_n in `\MEM_WB_reg.$proc$riscv_core_flat.v:831$142'.
Found async reset \rst_n in `\IF_ID_reg.$proc$riscv_core_flat.v:791$140'.
Found async reset \rst_n in `\ID_EX_reg.$proc$riscv_core_flat.v:742$138'.
Found async reset \rst_n in `\EX_MEM_reg.$proc$riscv_core_flat.v:604$112'.
Found async reset \rst_n in `\PC.$proc$riscv_core_flat.v:568$110'.
Found async reset \rst_n in `\Branch_Target_Buffer.$proc$riscv_core_flat.v:112$52'.

3.6. Executing PROC_ROM pass (convert switches to ROMs).
Converted 0 switches.
<suppressed ~38 debug messages>

3.7. Executing PROC_MUX pass (convert decision trees to multiplexers).
Creating decoders for process `\MEM_WB_reg.$proc$riscv_core_flat.v:831$142'.
     1/4: $0\WB_Control_signals[1:0]
     2/4: $0\WB_Write_register[4:0]
     3/4: $0\WB_ALU_result[63:0]
     4/4: $0\WB_Read_data[63:0]
Creating decoders for process `\IF_ID_reg.$proc$riscv_core_flat.v:791$140'.
     1/2: $0\ID_Instruction[31:0]
     2/2: $0\ID_PC[63:0]
Creating decoders for process `\ID_EX_reg.$proc$riscv_core_flat.v:742$138'.
     1/10: $0\EX_MemSize[2:0]
     2/10: $0\EX_Control_signals[10:0]
     3/10: $0\EX_ImmExt[63:0]
     4/10: $0\EX_Read_data_2[63:0]
     5/10: $0\EX_Read_data_1[63:0]
     6/10: $0\EX_Write_register[4:0]
     7/10: $0\EX_Read_register_2[4:0]
     8/10: $0\EX_Read_register_1[4:0]
     9/10: $0\EX_Instruction[31:0]
    10/10: $0\EX_PC[63:0]
Creating decoders for process `\Hazard_Detection_Unit.$proc$riscv_core_flat.v:675$131'.
     1/7: $2\ID_EX_CLR[0:0]
     2/7: $2\IF_ID_EN[0:0]
     3/7: $2\PC_EN[0:0]
     4/7: $1\ID_EX_CLR[0:0]
     5/7: $1\IF_ID_CLR[0:0]
     6/7: $1\IF_ID_EN[0:0]
     7/7: $1\PC_EN[0:0]
Creating decoders for process `\Forwarding_Unit.$proc$riscv_core_flat.v:640$114'.
     1/4: $2\ForwardB[1:0]
     2/4: $1\ForwardB[1:0]
     3/4: $2\ForwardA[1:0]
     4/4: $1\ForwardA[1:0]
Creating decoders for process `\EX_MEM_reg.$proc$riscv_core_flat.v:604$112'.
     1/5: $0\MEM_MemSize[2:0]
     2/5: $0\MEM_Control_signals[3:0]
     3/5: $0\MEM_Write_register[4:0]
     4/5: $0\MEM_Write_data[63:0]
     5/5: $0\MEM_ALU_result[63:0]
Creating decoders for process `\PC.$proc$riscv_core_flat.v:568$110'.
     1/1: $0\Address[63:0]
Creating decoders for process `\PC_next.$proc$riscv_core_flat.v:546$105'.
     1/1: $1\Next_Address[63:0]
Creating decoders for process `\PC_next.$proc$riscv_core_flat.v:535$97'.
     1/1: $1\Condition_Met[0:0]
Creating decoders for process `\Register.$proc$riscv_core_flat.v:868$157'.
     1/3: $1$memwr$\Register$riscv_core_flat.v:870$144_EN[63:0]$165
     2/3: $1$memwr$\Register$riscv_core_flat.v:870$144_DATA[63:0]$164
     3/3: $1$memwr$\Register$riscv_core_flat.v:870$144_ADDR[4:0]$163
Creating decoders for process `\MUX_2_1.$proc$riscv_core_flat.v:478$95'.
     1/1: $1\Out[63:0]
Creating decoders for process `\ImmGen.$proc$riscv_core_flat.v:433$94'.
     1/1: $1\ImmExt[63:0]
Creating decoders for process `\RISC_V_pipe_line.$proc$riscv_core_flat.v:325$87'.
     1/2: $2\Forwarded_B[63:0]
     2/2: $1\Forwarded_B[63:0]
Creating decoders for process `\RISC_V_pipe_line.$proc$riscv_core_flat.v:312$84'.
     1/2: $2\Forwarded_A[63:0]
     2/2: $1\Forwarded_A[63:0]
Creating decoders for process `\RISC_V_pipe_line.$proc$riscv_core_flat.v:215$77'.
     1/4: $2\Final_Next_Address[63:0]
     2/4: $2\Final_Take_Branch[0:0]
     3/4: $1\Final_Next_Address[63:0]
     4/4: $1\Final_Take_Branch[0:0]
Creating decoders for process `\Control.$proc$riscv_core_flat.v:134$76'.
     1/1: $1\Control_Signals[10:0]
Creating decoders for process `\Branch_Target_Buffer.$proc$riscv_core_flat.v:112$52'.
     1/65: $3$mem2reg_wr$\Target_Array$riscv_core_flat.v:124$36_ADDR[3:0]$74
     2/65: $3$mem2reg_wr$\Target_Array$riscv_core_flat.v:124$36_DATA[63:0]$75
     3/65: $3$mem2reg_wr$\Tag_Array$riscv_core_flat.v:123$35_ADDR[3:0]$72
     4/65: $3$mem2reg_wr$\Tag_Array$riscv_core_flat.v:123$35_DATA[63:0]$73
     5/65: $2$mem2reg_wr$\Target_Array$riscv_core_flat.v:124$36_DATA[63:0]$71
     6/65: $2$mem2reg_wr$\Target_Array$riscv_core_flat.v:124$36_ADDR[3:0]$70
     7/65: $2$mem2reg_wr$\Tag_Array$riscv_core_flat.v:123$35_DATA[63:0]$69
     8/65: $2$mem2reg_wr$\Tag_Array$riscv_core_flat.v:123$35_ADDR[3:0]$68
     9/65: $2$mem2reg_wr$\Valid_Array$riscv_core_flat.v:121$34_ADDR[3:0]$66
    10/65: $2$mem2reg_wr$\Valid_Array$riscv_core_flat.v:121$34_DATA[0:0]$67
    11/65: $1$mem2reg_wr$\Target_Array$riscv_core_flat.v:124$36_DATA[63:0]$65
    12/65: $1$mem2reg_wr$\Target_Array$riscv_core_flat.v:124$36_ADDR[3:0]$64
    13/65: $1$mem2reg_wr$\Tag_Array$riscv_core_flat.v:123$35_DATA[63:0]$63
    14/65: $1$mem2reg_wr$\Tag_Array$riscv_core_flat.v:123$35_ADDR[3:0]$62
    15/65: $1$mem2reg_wr$\Valid_Array$riscv_core_flat.v:121$34_DATA[0:0]$61
    16/65: $1$mem2reg_wr$\Valid_Array$riscv_core_flat.v:121$34_ADDR[3:0]$60
    17/65: $1\i[31:0]
    18/65: $0\Target_Array[15][63:0]
    19/65: $0\Target_Array[14][63:0]
    20/65: $0\Target_Array[13][63:0]
    21/65: $0\Target_Array[12][63:0]
    22/65: $0\Target_Array[11][63:0]
    23/65: $0\Target_Array[10][63:0]
    24/65: $0\Target_Array[9][63:0]
    25/65: $0\Target_Array[8][63:0]
    26/65: $0\Target_Array[7][63:0]
    27/65: $0\Target_Array[6][63:0]
    28/65: $0\Target_Array[5][63:0]
    29/65: $0\Target_Array[4][63:0]
    30/65: $0\Target_Array[3][63:0]
    31/65: $0\Target_Array[2][63:0]
    32/65: $0\Target_Array[1][63:0]
    33/65: $0\Target_Array[0][63:0]
    34/65: $0\Tag_Array[15][63:0]
    35/65: $0\Tag_Array[14][63:0]
    36/65: $0\Tag_Array[13][63:0]
    37/65: $0\Tag_Array[12][63:0]
    38/65: $0\Tag_Array[11][63:0]
    39/65: $0\Tag_Array[10][63:0]
    40/65: $0\Tag_Array[9][63:0]
    41/65: $0\Tag_Array[8][63:0]
    42/65: $0\Tag_Array[7][63:0]
    43/65: $0\Tag_Array[6][63:0]
    44/65: $0\Tag_Array[5][63:0]
    45/65: $0\Tag_Array[4][63:0]
    46/65: $0\Tag_Array[3][63:0]
    47/65: $0\Tag_Array[2][63:0]
    48/65: $0\Tag_Array[1][63:0]
    49/65: $0\Tag_Array[0][63:0]
    50/65: $0\Valid_Array[15][0:0]
    51/65: $0\Valid_Array[14][0:0]
    52/65: $0\Valid_Array[13][0:0]
    53/65: $0\Valid_Array[12][0:0]
    54/65: $0\Valid_Array[11][0:0]
    55/65: $0\Valid_Array[10][0:0]
    56/65: $0\Valid_Array[9][0:0]
    57/65: $0\Valid_Array[8][0:0]
    58/65: $0\Valid_Array[7][0:0]
    59/65: $0\Valid_Array[6][0:0]
    60/65: $0\Valid_Array[5][0:0]
    61/65: $0\Valid_Array[4][0:0]
    62/65: $0\Valid_Array[3][0:0]
    63/65: $0\Valid_Array[2][0:0]
    64/65: $0\Valid_Array[1][0:0]
    65/65: $0\Valid_Array[0][0:0]
Creating decoders for process `\Branch_Target_Buffer.$proc$riscv_core_flat.v:101$37'.
     1/7: $2$mem2reg_rd$\Target_Array$riscv_core_flat.v:106$33_DATA[63:0]$51
     2/7: $1\Predicted_Target[63:0]
     3/7: $1$mem2reg_rd$\Target_Array$riscv_core_flat.v:106$33_DATA[63:0]$50
     4/7: $1$mem2reg_rd$\Target_Array$riscv_core_flat.v:106$33_ADDR[3:0]$49
     5/7: $1\BTB_Hit[0:0]
     6/7: $1$mem2reg_rd$\Tag_Array$riscv_core_flat.v:104$32_DATA[63:0]$45
     7/7: $1$mem2reg_rd$\Valid_Array$riscv_core_flat.v:104$31_DATA[0:0]$44
Creating decoders for process `\ALU.$proc$riscv_core_flat.v:50$3'.
     1/2: $1\CarryOut[0:0]
     2/2: $1\Result[63:0]
Creating decoders for process `\ALU_control.$proc$riscv_core_flat.v:13$2'.
     1/1: $1\ALUctl[3:0]

3.8. Executing PROC_DLATCH pass (convert process syncs to latches).
No latch inferred for signal `\Hazard_Detection_Unit.\PC_EN' from process `\Hazard_Detection_Unit.$proc$riscv_core_flat.v:675$131'.
No latch inferred for signal `\Hazard_Detection_Unit.\IF_ID_EN' from process `\Hazard_Detection_Unit.$proc$riscv_core_flat.v:675$131'.
No latch inferred for signal `\Hazard_Detection_Unit.\IF_ID_CLR' from process `\Hazard_Detection_Unit.$proc$riscv_core_flat.v:675$131'.
No latch inferred for signal `\Hazard_Detection_Unit.\ID_EX_CLR' from process `\Hazard_Detection_Unit.$proc$riscv_core_flat.v:675$131'.
No latch inferred for signal `\Forwarding_Unit.\ForwardA' from process `\Forwarding_Unit.$proc$riscv_core_flat.v:640$114'.
No latch inferred for signal `\Forwarding_Unit.\ForwardB' from process `\Forwarding_Unit.$proc$riscv_core_flat.v:640$114'.
No latch inferred for signal `\PC_next.\Next_Address' from process `\PC_next.$proc$riscv_core_flat.v:546$105'.
No latch inferred for signal `\PC_next.\Condition_Met' from process `\PC_next.$proc$riscv_core_flat.v:535$97'.
No latch inferred for signal `\MUX_2_1.\Out' from process `\MUX_2_1.$proc$riscv_core_flat.v:478$95'.
No latch inferred for signal `\ImmGen.\ImmExt' from process `\ImmGen.$proc$riscv_core_flat.v:433$94'.
No latch inferred for signal `\RISC_V_pipe_line.\Forwarded_B' from process `\RISC_V_pipe_line.$proc$riscv_core_flat.v:325$87'.
No latch inferred for signal `\RISC_V_pipe_line.\Forwarded_A' from process `\RISC_V_pipe_line.$proc$riscv_core_flat.v:312$84'.
No latch inferred for signal `\RISC_V_pipe_line.\Final_Take_Branch' from process `\RISC_V_pipe_line.$proc$riscv_core_flat.v:215$77'.
No latch inferred for signal `\RISC_V_pipe_line.\Final_Next_Address' from process `\RISC_V_pipe_line.$proc$riscv_core_flat.v:215$77'.
No latch inferred for signal `\Control.\Control_Signals' from process `\Control.$proc$riscv_core_flat.v:134$76'.
No latch inferred for signal `\Branch_Target_Buffer.\Predicted_Target' from process `\Branch_Target_Buffer.$proc$riscv_core_flat.v:101$37'.
No latch inferred for signal `\Branch_Target_Buffer.\BTB_Hit' from process `\Branch_Target_Buffer.$proc$riscv_core_flat.v:101$37'.
No latch inferred for signal `\Branch_Target_Buffer.$mem2reg_rd$\Valid_Array$riscv_core_flat.v:104$31_ADDR' from process `\Branch_Target_Buffer.$proc$riscv_core_flat.v:101$37'.
No latch inferred for signal `\Branch_Target_Buffer.$mem2reg_rd$\Valid_Array$riscv_core_flat.v:104$31_DATA' from process `\Branch_Target_Buffer.$proc$riscv_core_flat.v:101$37'.
No latch inferred for signal `\Branch_Target_Buffer.$mem2reg_rd$\Tag_Array$riscv_core_flat.v:104$32_ADDR' from process `\Branch_Target_Buffer.$proc$riscv_core_flat.v:101$37'.
No latch inferred for signal `\Branch_Target_Buffer.$mem2reg_rd$\Tag_Array$riscv_core_flat.v:104$32_DATA' from process `\Branch_Target_Buffer.$proc$riscv_core_flat.v:101$37'.
No latch inferred for signal `\Branch_Target_Buffer.$mem2reg_rd$\Target_Array$riscv_core_flat.v:106$33_ADDR' from process `\Branch_Target_Buffer.$proc$riscv_core_flat.v:101$37'.
No latch inferred for signal `\Branch_Target_Buffer.$mem2reg_rd$\Target_Array$riscv_core_flat.v:106$33_DATA' from process `\Branch_Target_Buffer.$proc$riscv_core_flat.v:101$37'.
No latch inferred for signal `\ALU.\Result' from process `\ALU.$proc$riscv_core_flat.v:50$3'.
No latch inferred for signal `\ALU.\CarryOut' from process `\ALU.$proc$riscv_core_flat.v:50$3'.
No latch inferred for signal `\ALU_control.\ALUctl' from process `\ALU_control.$proc$riscv_core_flat.v:13$2'.

3.9. Executing PROC_DFF pass (convert process syncs to FFs).
Creating register for signal `\MEM_WB_reg.\WB_Read_data' using process `\MEM_WB_reg.$proc$riscv_core_flat.v:831$142'.
  created $adff cell `$procdff$1240' with positive edge clock and negative level reset.
Creating register for signal `\MEM_WB_reg.\WB_ALU_result' using process `\MEM_WB_reg.$proc$riscv_core_flat.v:831$142'.
  created $adff cell `$procdff$1241' with positive edge clock and negative level reset.
Creating register for signal `\MEM_WB_reg.\WB_Write_register' using process `\MEM_WB_reg.$proc$riscv_core_flat.v:831$142'.
  created $adff cell `$procdff$1242' with positive edge clock and negative level reset.
Creating register for signal `\MEM_WB_reg.\WB_Control_signals' using process `\MEM_WB_reg.$proc$riscv_core_flat.v:831$142'.
  created $adff cell `$procdff$1243' with positive edge clock and negative level reset.
Creating register for signal `\IF_ID_reg.\ID_PC' using process `\IF_ID_reg.$proc$riscv_core_flat.v:791$140'.
  created $adff cell `$procdff$1244' with positive edge clock and negative level reset.
Creating register for signal `\IF_ID_reg.\ID_Instruction' using process `\IF_ID_reg.$proc$riscv_core_flat.v:791$140'.
  created $adff cell `$procdff$1245' with positive edge clock and negative level reset.
Creating register for signal `\ID_EX_reg.\EX_PC' using process `\ID_EX_reg.$proc$riscv_core_flat.v:742$138'.
  created $adff cell `$procdff$1246' with positive edge clock and negative level reset.
Creating register for signal `\ID_EX_reg.\EX_Instruction' using process `\ID_EX_reg.$proc$riscv_core_flat.v:742$138'.
  created $adff cell `$procdff$1247' with positive edge clock and negative level reset.
Creating register for signal `\ID_EX_reg.\EX_Read_register_1' using process `\ID_EX_reg.$proc$riscv_core_flat.v:742$138'.
  created $adff cell `$procdff$1248' with positive edge clock and negative level reset.
Creating register for signal `\ID_EX_reg.\EX_Read_register_2' using process `\ID_EX_reg.$proc$riscv_core_flat.v:742$138'.
  created $adff cell `$procdff$1249' with positive edge clock and negative level reset.
Creating register for signal `\ID_EX_reg.\EX_Write_register' using process `\ID_EX_reg.$proc$riscv_core_flat.v:742$138'.
  created $adff cell `$procdff$1250' with positive edge clock and negative level reset.
Creating register for signal `\ID_EX_reg.\EX_Read_data_1' using process `\ID_EX_reg.$proc$riscv_core_flat.v:742$138'.
  created $adff cell `$procdff$1251' with positive edge clock and negative level reset.
Creating register for signal `\ID_EX_reg.\EX_Read_data_2' using process `\ID_EX_reg.$proc$riscv_core_flat.v:742$138'.
  created $adff cell `$procdff$1252' with positive edge clock and negative level reset.
Creating register for signal `\ID_EX_reg.\EX_ImmExt' using process `\ID_EX_reg.$proc$riscv_core_flat.v:742$138'.
  created $adff cell `$procdff$1253' with positive edge clock and negative level reset.
Creating register for signal `\ID_EX_reg.\EX_Control_signals' using process `\ID_EX_reg.$proc$riscv_core_flat.v:742$138'.
  created $adff cell `$procdff$1254' with positive edge clock and negative level reset.
Creating register for signal `\ID_EX_reg.\EX_MemSize' using process `\ID_EX_reg.$proc$riscv_core_flat.v:742$138'.
  created $adff cell `$procdff$1255' with positive edge clock and negative level reset.
Creating register for signal `\EX_MEM_reg.\MEM_ALU_result' using process `\EX_MEM_reg.$proc$riscv_core_flat.v:604$112'.
  created $adff cell `$procdff$1256' with positive edge clock and negative level reset.
Creating register for signal `\EX_MEM_reg.\MEM_Write_data' using process `\EX_MEM_reg.$proc$riscv_core_flat.v:604$112'.
  created $adff cell `$procdff$1257' with positive edge clock and negative level reset.
Creating register for signal `\EX_MEM_reg.\MEM_Write_register' using process `\EX_MEM_reg.$proc$riscv_core_flat.v:604$112'.
  created $adff cell `$procdff$1258' with positive edge clock and negative level reset.
Creating register for signal `\EX_MEM_reg.\MEM_Control_signals' using process `\EX_MEM_reg.$proc$riscv_core_flat.v:604$112'.
  created $adff cell `$procdff$1259' with positive edge clock and negative level reset.
Creating register for signal `\EX_MEM_reg.\MEM_MemSize' using process `\EX_MEM_reg.$proc$riscv_core_flat.v:604$112'.
  created $adff cell `$procdff$1260' with positive edge clock and negative level reset.
Creating register for signal `\PC.\Address' using process `\PC.$proc$riscv_core_flat.v:568$110'.
  created $adff cell `$procdff$1261' with positive edge clock and negative level reset.
Creating register for signal `\Register.$memwr$\Register$riscv_core_flat.v:870$144_ADDR' using process `\Register.$proc$riscv_core_flat.v:868$157'.
  created $dff cell `$procdff$1262' with positive edge clock.
Creating register for signal `\Register.$memwr$\Register$riscv_core_flat.v:870$144_DATA' using process `\Register.$proc$riscv_core_flat.v:868$157'.
  created $dff cell `$procdff$1263' with positive edge clock.
Creating register for signal `\Register.$memwr$\Register$riscv_core_flat.v:870$144_EN' using process `\Register.$proc$riscv_core_flat.v:868$157'.
  created $dff cell `$procdff$1264' with positive edge clock.
Creating register for signal `\Branch_Target_Buffer.\i' using process `\Branch_Target_Buffer.$proc$riscv_core_flat.v:112$52'.
  created $adff cell `$procdff$1265' with positive edge clock and negative level reset.
Creating register for signal `\Branch_Target_Buffer.\Valid_Array[0]' using process `\Branch_Target_Buffer.$proc$riscv_core_flat.v:112$52'.
  created $adff cell `$procdff$1266' with positive edge clock and negative level reset.
Creating register for signal `\Branch_Target_Buffer.\Valid_Array[1]' using process `\Branch_Target_Buffer.$proc$riscv_core_flat.v:112$52'.
  created $adff cell `$procdff$1267' with positive edge clock and negative level reset.
Creating register for signal `\Branch_Target_Buffer.\Valid_Array[2]' using process `\Branch_Target_Buffer.$proc$riscv_core_flat.v:112$52'.
  created $adff cell `$procdff$1268' with positive edge clock and negative level reset.
Creating register for signal `\Branch_Target_Buffer.\Valid_Array[3]' using process `\Branch_Target_Buffer.$proc$riscv_core_flat.v:112$52'.
  created $adff cell `$procdff$1269' with positive edge clock and negative level reset.
Creating register for signal `\Branch_Target_Buffer.\Valid_Array[4]' using process `\Branch_Target_Buffer.$proc$riscv_core_flat.v:112$52'.
  created $adff cell `$procdff$1270' with positive edge clock and negative level reset.
Creating register for signal `\Branch_Target_Buffer.\Valid_Array[5]' using process `\Branch_Target_Buffer.$proc$riscv_core_flat.v:112$52'.
  created $adff cell `$procdff$1271' with positive edge clock and negative level reset.
Creating register for signal `\Branch_Target_Buffer.\Valid_Array[6]' using process `\Branch_Target_Buffer.$proc$riscv_core_flat.v:112$52'.
  created $adff cell `$procdff$1272' with positive edge clock and negative level reset.
Creating register for signal `\Branch_Target_Buffer.\Valid_Array[7]' using process `\Branch_Target_Buffer.$proc$riscv_core_flat.v:112$52'.
  created $adff cell `$procdff$1273' with positive edge clock and negative level reset.
Creating register for signal `\Branch_Target_Buffer.\Valid_Array[8]' using process `\Branch_Target_Buffer.$proc$riscv_core_flat.v:112$52'.
  created $adff cell `$procdff$1274' with positive edge clock and negative level reset.
Creating register for signal `\Branch_Target_Buffer.\Valid_Array[9]' using process `\Branch_Target_Buffer.$proc$riscv_core_flat.v:112$52'.
  created $adff cell `$procdff$1275' with positive edge clock and negative level reset.
Creating register for signal `\Branch_Target_Buffer.\Valid_Array[10]' using process `\Branch_Target_Buffer.$proc$riscv_core_flat.v:112$52'.
  created $adff cell `$procdff$1276' with positive edge clock and negative level reset.
Creating register for signal `\Branch_Target_Buffer.\Valid_Array[11]' using process `\Branch_Target_Buffer.$proc$riscv_core_flat.v:112$52'.
  created $adff cell `$procdff$1277' with positive edge clock and negative level reset.
Creating register for signal `\Branch_Target_Buffer.\Valid_Array[12]' using process `\Branch_Target_Buffer.$proc$riscv_core_flat.v:112$52'.
  created $adff cell `$procdff$1278' with positive edge clock and negative level reset.
Creating register for signal `\Branch_Target_Buffer.\Valid_Array[13]' using process `\Branch_Target_Buffer.$proc$riscv_core_flat.v:112$52'.
  created $adff cell `$procdff$1279' with positive edge clock and negative level reset.
Creating register for signal `\Branch_Target_Buffer.\Valid_Array[14]' using process `\Branch_Target_Buffer.$proc$riscv_core_flat.v:112$52'.
  created $adff cell `$procdff$1280' with positive edge clock and negative level reset.
Creating register for signal `\Branch_Target_Buffer.\Valid_Array[15]' using process `\Branch_Target_Buffer.$proc$riscv_core_flat.v:112$52'.
  created $adff cell `$procdff$1281' with positive edge clock and negative level reset.
Creating register for signal `\Branch_Target_Buffer.\Tag_Array[0]' using process `\Branch_Target_Buffer.$proc$riscv_core_flat.v:112$52'.
  created $adff cell `$procdff$1282' with positive edge clock and negative level reset.
Creating register for signal `\Branch_Target_Buffer.\Tag_Array[1]' using process `\Branch_Target_Buffer.$proc$riscv_core_flat.v:112$52'.
  created $adff cell `$procdff$1283' with positive edge clock and negative level reset.
Creating register for signal `\Branch_Target_Buffer.\Tag_Array[2]' using process `\Branch_Target_Buffer.$proc$riscv_core_flat.v:112$52'.
  created $adff cell `$procdff$1284' with positive edge clock and negative level reset.
Creating register for signal `\Branch_Target_Buffer.\Tag_Array[3]' using process `\Branch_Target_Buffer.$proc$riscv_core_flat.v:112$52'.
  created $adff cell `$procdff$1285' with positive edge clock and negative level reset.
Creating register for signal `\Branch_Target_Buffer.\Tag_Array[4]' using process `\Branch_Target_Buffer.$proc$riscv_core_flat.v:112$52'.
  created $adff cell `$procdff$1286' with positive edge clock and negative level reset.
Creating register for signal `\Branch_Target_Buffer.\Tag_Array[5]' using process `\Branch_Target_Buffer.$proc$riscv_core_flat.v:112$52'.
  created $adff cell `$procdff$1287' with positive edge clock and negative level reset.
Creating register for signal `\Branch_Target_Buffer.\Tag_Array[6]' using process `\Branch_Target_Buffer.$proc$riscv_core_flat.v:112$52'.
  created $adff cell `$procdff$1288' with positive edge clock and negative level reset.
Creating register for signal `\Branch_Target_Buffer.\Tag_Array[7]' using process `\Branch_Target_Buffer.$proc$riscv_core_flat.v:112$52'.
  created $adff cell `$procdff$1289' with positive edge clock and negative level reset.
Creating register for signal `\Branch_Target_Buffer.\Tag_Array[8]' using process `\Branch_Target_Buffer.$proc$riscv_core_flat.v:112$52'.
  created $adff cell `$procdff$1290' with positive edge clock and negative level reset.
Creating register for signal `\Branch_Target_Buffer.\Tag_Array[9]' using process `\Branch_Target_Buffer.$proc$riscv_core_flat.v:112$52'.
  created $adff cell `$procdff$1291' with positive edge clock and negative level reset.
Creating register for signal `\Branch_Target_Buffer.\Tag_Array[10]' using process `\Branch_Target_Buffer.$proc$riscv_core_flat.v:112$52'.
  created $adff cell `$procdff$1292' with positive edge clock and negative level reset.
Creating register for signal `\Branch_Target_Buffer.\Tag_Array[11]' using process `\Branch_Target_Buffer.$proc$riscv_core_flat.v:112$52'.
  created $adff cell `$procdff$1293' with positive edge clock and negative level reset.
Creating register for signal `\Branch_Target_Buffer.\Tag_Array[12]' using process `\Branch_Target_Buffer.$proc$riscv_core_flat.v:112$52'.
  created $adff cell `$procdff$1294' with positive edge clock and negative level reset.
Creating register for signal `\Branch_Target_Buffer.\Tag_Array[13]' using process `\Branch_Target_Buffer.$proc$riscv_core_flat.v:112$52'.
  created $adff cell `$procdff$1295' with positive edge clock and negative level reset.
Creating register for signal `\Branch_Target_Buffer.\Tag_Array[14]' using process `\Branch_Target_Buffer.$proc$riscv_core_flat.v:112$52'.
  created $adff cell `$procdff$1296' with positive edge clock and negative level reset.
Creating register for signal `\Branch_Target_Buffer.\Tag_Array[15]' using process `\Branch_Target_Buffer.$proc$riscv_core_flat.v:112$52'.
  created $adff cell `$procdff$1297' with positive edge clock and negative level reset.
Creating register for signal `\Branch_Target_Buffer.\Target_Array[0]' using process `\Branch_Target_Buffer.$proc$riscv_core_flat.v:112$52'.
  created $adff cell `$procdff$1298' with positive edge clock and negative level reset.
Creating register for signal `\Branch_Target_Buffer.\Target_Array[1]' using process `\Branch_Target_Buffer.$proc$riscv_core_flat.v:112$52'.
  created $adff cell `$procdff$1299' with positive edge clock and negative level reset.
Creating register for signal `\Branch_Target_Buffer.\Target_Array[2]' using process `\Branch_Target_Buffer.$proc$riscv_core_flat.v:112$52'.
  created $adff cell `$procdff$1300' with positive edge clock and negative level reset.
Creating register for signal `\Branch_Target_Buffer.\Target_Array[3]' using process `\Branch_Target_Buffer.$proc$riscv_core_flat.v:112$52'.
  created $adff cell `$procdff$1301' with positive edge clock and negative level reset.
Creating register for signal `\Branch_Target_Buffer.\Target_Array[4]' using process `\Branch_Target_Buffer.$proc$riscv_core_flat.v:112$52'.
  created $adff cell `$procdff$1302' with positive edge clock and negative level reset.
Creating register for signal `\Branch_Target_Buffer.\Target_Array[5]' using process `\Branch_Target_Buffer.$proc$riscv_core_flat.v:112$52'.
  created $adff cell `$procdff$1303' with positive edge clock and negative level reset.
Creating register for signal `\Branch_Target_Buffer.\Target_Array[6]' using process `\Branch_Target_Buffer.$proc$riscv_core_flat.v:112$52'.
  created $adff cell `$procdff$1304' with positive edge clock and negative level reset.
Creating register for signal `\Branch_Target_Buffer.\Target_Array[7]' using process `\Branch_Target_Buffer.$proc$riscv_core_flat.v:112$52'.
  created $adff cell `$procdff$1305' with positive edge clock and negative level reset.
Creating register for signal `\Branch_Target_Buffer.\Target_Array[8]' using process `\Branch_Target_Buffer.$proc$riscv_core_flat.v:112$52'.
  created $adff cell `$procdff$1306' with positive edge clock and negative level reset.
Creating register for signal `\Branch_Target_Buffer.\Target_Array[9]' using process `\Branch_Target_Buffer.$proc$riscv_core_flat.v:112$52'.
  created $adff cell `$procdff$1307' with positive edge clock and negative level reset.
Creating register for signal `\Branch_Target_Buffer.\Target_Array[10]' using process `\Branch_Target_Buffer.$proc$riscv_core_flat.v:112$52'.
  created $adff cell `$procdff$1308' with positive edge clock and negative level reset.
Creating register for signal `\Branch_Target_Buffer.\Target_Array[11]' using process `\Branch_Target_Buffer.$proc$riscv_core_flat.v:112$52'.
  created $adff cell `$procdff$1309' with positive edge clock and negative level reset.
Creating register for signal `\Branch_Target_Buffer.\Target_Array[12]' using process `\Branch_Target_Buffer.$proc$riscv_core_flat.v:112$52'.
  created $adff cell `$procdff$1310' with positive edge clock and negative level reset.
Creating register for signal `\Branch_Target_Buffer.\Target_Array[13]' using process `\Branch_Target_Buffer.$proc$riscv_core_flat.v:112$52'.
  created $adff cell `$procdff$1311' with positive edge clock and negative level reset.
Creating register for signal `\Branch_Target_Buffer.\Target_Array[14]' using process `\Branch_Target_Buffer.$proc$riscv_core_flat.v:112$52'.
  created $adff cell `$procdff$1312' with positive edge clock and negative level reset.
Creating register for signal `\Branch_Target_Buffer.\Target_Array[15]' using process `\Branch_Target_Buffer.$proc$riscv_core_flat.v:112$52'.
  created $adff cell `$procdff$1313' with positive edge clock and negative level reset.
Creating register for signal `\Branch_Target_Buffer.$mem2reg_wr$\Valid_Array$riscv_core_flat.v:121$34_ADDR' using process `\Branch_Target_Buffer.$proc$riscv_core_flat.v:112$52'.
  created $adff cell `$procdff$1314' with positive edge clock and negative level reset.
Creating register for signal `\Branch_Target_Buffer.$mem2reg_wr$\Valid_Array$riscv_core_flat.v:121$34_DATA' using process `\Branch_Target_Buffer.$proc$riscv_core_flat.v:112$52'.
  created $adff cell `$procdff$1315' with positive edge clock and negative level reset.
Creating register for signal `\Branch_Target_Buffer.$mem2reg_wr$\Tag_Array$riscv_core_flat.v:123$35_ADDR' using process `\Branch_Target_Buffer.$proc$riscv_core_flat.v:112$52'.
  created $adff cell `$procdff$1316' with positive edge clock and negative level reset.
Creating register for signal `\Branch_Target_Buffer.$mem2reg_wr$\Tag_Array$riscv_core_flat.v:123$35_DATA' using process `\Branch_Target_Buffer.$proc$riscv_core_flat.v:112$52'.
  created $adff cell `$procdff$1317' with positive edge clock and negative level reset.
Creating register for signal `\Branch_Target_Buffer.$mem2reg_wr$\Target_Array$riscv_core_flat.v:124$36_ADDR' using process `\Branch_Target_Buffer.$proc$riscv_core_flat.v:112$52'.
  created $adff cell `$procdff$1318' with positive edge clock and negative level reset.
Creating register for signal `\Branch_Target_Buffer.$mem2reg_wr$\Target_Array$riscv_core_flat.v:124$36_DATA' using process `\Branch_Target_Buffer.$proc$riscv_core_flat.v:112$52'.
  created $adff cell `$procdff$1319' with positive edge clock and negative level reset.

3.10. Executing PROC_MEMWR pass (convert process memory writes to cells).

3.11. Executing PROC_CLEAN pass (remove empty switches from decision trees).
Found and cleaned up 2 empty switches in `\MEM_WB_reg.$proc$riscv_core_flat.v:831$142'.
Removing empty process `MEM_WB_reg.$proc$riscv_core_flat.v:831$142'.
Found and cleaned up 2 empty switches in `\IF_ID_reg.$proc$riscv_core_flat.v:791$140'.
Removing empty process `IF_ID_reg.$proc$riscv_core_flat.v:791$140'.
Found and cleaned up 2 empty switches in `\ID_EX_reg.$proc$riscv_core_flat.v:742$138'.
Removing empty process `ID_EX_reg.$proc$riscv_core_flat.v:742$138'.
Found and cleaned up 2 empty switches in `\Hazard_Detection_Unit.$proc$riscv_core_flat.v:675$131'.
Removing empty process `Hazard_Detection_Unit.$proc$riscv_core_flat.v:675$131'.
Found and cleaned up 4 empty switches in `\Forwarding_Unit.$proc$riscv_core_flat.v:640$114'.
Removing empty process `Forwarding_Unit.$proc$riscv_core_flat.v:640$114'.
Found and cleaned up 2 empty switches in `\EX_MEM_reg.$proc$riscv_core_flat.v:604$112'.
Removing empty process `EX_MEM_reg.$proc$riscv_core_flat.v:604$112'.
Found and cleaned up 1 empty switch in `\PC.$proc$riscv_core_flat.v:568$110'.
Removing empty process `PC.$proc$riscv_core_flat.v:568$110'.
Found and cleaned up 1 empty switch in `\PC_next.$proc$riscv_core_flat.v:546$105'.
Removing empty process `PC_next.$proc$riscv_core_flat.v:546$105'.
Found and cleaned up 1 empty switch in `\PC_next.$proc$riscv_core_flat.v:535$97'.
Removing empty process `PC_next.$proc$riscv_core_flat.v:535$97'.
Found and cleaned up 1 empty switch in `\Register.$proc$riscv_core_flat.v:868$157'.
Removing empty process `Register.$proc$riscv_core_flat.v:868$157'.
Found and cleaned up 1 empty switch in `\MUX_2_1.$proc$riscv_core_flat.v:478$95'.
Removing empty process `MUX_2_1.$proc$riscv_core_flat.v:478$95'.
Found and cleaned up 1 empty switch in `\ImmGen.$proc$riscv_core_flat.v:433$94'.
Removing empty process `ImmGen.$proc$riscv_core_flat.v:433$94'.
Found and cleaned up 2 empty switches in `\RISC_V_pipe_line.$proc$riscv_core_flat.v:325$87'.
Removing empty process `RISC_V_pipe_line.$proc$riscv_core_flat.v:325$87'.
Found and cleaned up 2 empty switches in `\RISC_V_pipe_line.$proc$riscv_core_flat.v:312$84'.
Removing empty process `RISC_V_pipe_line.$proc$riscv_core_flat.v:312$84'.
Found and cleaned up 2 empty switches in `\RISC_V_pipe_line.$proc$riscv_core_flat.v:215$77'.
Removing empty process `RISC_V_pipe_line.$proc$riscv_core_flat.v:215$77'.
Found and cleaned up 1 empty switch in `\Control.$proc$riscv_core_flat.v:134$76'.
Removing empty process `Control.$proc$riscv_core_flat.v:134$76'.
Found and cleaned up 5 empty switches in `\Branch_Target_Buffer.$proc$riscv_core_flat.v:112$52'.
Removing empty process `Branch_Target_Buffer.$proc$riscv_core_flat.v:112$52'.
Found and cleaned up 4 empty switches in `\Branch_Target_Buffer.$proc$riscv_core_flat.v:101$37'.
Removing empty process `Branch_Target_Buffer.$proc$riscv_core_flat.v:101$37'.
Found and cleaned up 1 empty switch in `\ALU.$proc$riscv_core_flat.v:50$3'.
Removing empty process `ALU.$proc$riscv_core_flat.v:50$3'.
Found and cleaned up 1 empty switch in `\ALU_control.$proc$riscv_core_flat.v:13$2'.
Removing empty process `ALU_control.$proc$riscv_core_flat.v:13$2'.
Cleaned up 38 empty switches.

3.12. Executing OPT_EXPR pass (perform const folding).
Optimizing module MEM_WB_reg.
Optimizing module IF_ID_reg.
Optimizing module ID_EX_reg.
Optimizing module Hazard_Detection_Unit.
<suppressed ~1 debug messages>
Optimizing module Forwarding_Unit.
<suppressed ~4 debug messages>
Optimizing module EX_MEM_reg.
Optimizing module PC.
Optimizing module PC_next.
<suppressed ~1 debug messages>
Optimizing module Register.
<suppressed ~3 debug messages>
Optimizing module MUX_2_1.
<suppressed ~1 debug messages>
Optimizing module ImmGen.
Optimizing module RISC_V_pipe_line.
Optimizing module Control.
Optimizing module Branch_Target_Buffer.
<suppressed ~7 debug messages>
Optimizing module ALU.
<suppressed ~1 debug messages>
Optimizing module ALU_control.
<suppressed ~1 debug messages>

4. Executing OPT pass (performing simple optimizations).

4.1. Executing OPT_EXPR pass (perform const folding).
Optimizing module MEM_WB_reg.
Optimizing module IF_ID_reg.
Optimizing module ID_EX_reg.
Optimizing module Hazard_Detection_Unit.
Optimizing module Forwarding_Unit.
Optimizing module EX_MEM_reg.
Optimizing module PC.
Optimizing module PC_next.
Optimizing module Register.
Optimizing module MUX_2_1.
Optimizing module ImmGen.
Optimizing module RISC_V_pipe_line.
Optimizing module Control.
Optimizing module Branch_Target_Buffer.
Optimizing module ALU.
Optimizing module ALU_control.

4.2. Executing OPT_MERGE pass (detect identical cells).
Finding identical cells in module `\MEM_WB_reg'.
Finding identical cells in module `\IF_ID_reg'.
Finding identical cells in module `\ID_EX_reg'.
Finding identical cells in module `\Hazard_Detection_Unit'.
Finding identical cells in module `\Forwarding_Unit'.
<suppressed ~12 debug messages>
Finding identical cells in module `\EX_MEM_reg'.
Finding identical cells in module `\PC'.
Finding identical cells in module `\PC_next'.
<suppressed ~3 debug messages>
Finding identical cells in module `\Register'.
Finding identical cells in module `\MUX_2_1'.
Finding identical cells in module `\ImmGen'.
Finding identical cells in module `\RISC_V_pipe_line'.
<suppressed ~6 debug messages>
Finding identical cells in module `\Control'.
Finding identical cells in module `\Branch_Target_Buffer'.
<suppressed ~201 debug messages>
Finding identical cells in module `\ALU'.
<suppressed ~15 debug messages>
Finding identical cells in module `\ALU_control'.
Removed a total of 79 cells.

4.3. Executing OPT_MUXTREE pass (detect dead branches in mux trees).
Running muxtree optimizer on module \MEM_WB_reg..
  Creating internal representation of mux trees.
  Evaluating internal representation of mux trees.
  Analyzing evaluation results.
Running muxtree optimizer on module \IF_ID_reg..
  Creating internal representation of mux trees.
  Evaluating internal representation of mux trees.
  Analyzing evaluation results.
Running muxtree optimizer on module \ID_EX_reg..
  Creating internal representation of mux trees.
  Evaluating internal representation of mux trees.
  Analyzing evaluation results.
Running muxtree optimizer on module \Hazard_Detection_Unit..
  Creating internal representation of mux trees.
  Evaluating internal representation of mux trees.
  Analyzing evaluation results.
    dead port 1/2 on $mux $procmux$262.
    dead port 1/2 on $mux $procmux$256.
    dead port 1/2 on $mux $procmux$250.
Running muxtree optimizer on module \Forwarding_Unit..
  Creating internal representation of mux trees.
  Evaluating internal representation of mux trees.
  Analyzing evaluation results.
    dead port 1/2 on $mux $procmux$280.
    dead port 1/2 on $mux $procmux$289.
Running muxtree optimizer on module \EX_MEM_reg..
  Creating internal representation of mux trees.
  Evaluating internal representation of mux trees.
  Analyzing evaluation results.
Running muxtree optimizer on module \PC..
  Creating internal representation of mux trees.
  Evaluating internal representation of mux trees.
  Analyzing evaluation results.
Running muxtree optimizer on module \PC_next..
  Creating internal representation of mux trees.
  Evaluating internal representation of mux trees.
  Analyzing evaluation results.
Running muxtree optimizer on module \Register..
  Creating internal representation of mux trees.
  Evaluating internal representation of mux trees.
  Analyzing evaluation results.
Running muxtree optimizer on module \MUX_2_1..
  Creating internal representation of mux trees.
  Evaluating internal representation of mux trees.
  Analyzing evaluation results.
Running muxtree optimizer on module \ImmGen..
  Creating internal representation of mux trees.
  Evaluating internal representation of mux trees.
  Analyzing evaluation results.
Running muxtree optimizer on module \RISC_V_pipe_line..
  Creating internal representation of mux trees.
  Evaluating internal representation of mux trees.
  Analyzing evaluation results.
    dead port 1/2 on $mux $procmux$379.
    dead port 1/2 on $mux $procmux$373.
    dead port 1/2 on $mux $procmux$364.
    dead port 1/2 on $mux $procmux$355.
Running muxtree optimizer on module \Control..
  Creating internal representation of mux trees.
  Evaluating internal representation of mux trees.
  Analyzing evaluation results.
Running muxtree optimizer on module \Branch_Target_Buffer..
  Creating internal representation of mux trees.
  Evaluating internal representation of mux trees.
  Analyzing evaluation results.
    dead port 1/2 on $mux $procmux$1163.
    dead port 2/2 on $mux $procmux$1163.
    dead port 1/2 on $mux $procmux$1160.
    dead port 2/2 on $mux $procmux$1160.
    dead port 2/2 on $mux $procmux$1154.
    dead port 1/2 on $mux $procmux$438.
    dead port 2/2 on $mux $procmux$438.
    dead port 1/2 on $mux $procmux$435.
    dead port 2/2 on $mux $procmux$435.
    dead port 1/2 on $mux $procmux$432.
    dead port 2/2 on $mux $procmux$432.
    dead port 1/2 on $mux $procmux$429.
    dead port 2/2 on $mux $procmux$429.
    dead port 1/2 on $mux $procmux$426.
    dead port 2/2 on $mux $procmux$426.
    dead port 1/2 on $mux $procmux$423.
    dead port 2/2 on $mux $procmux$423.
    dead port 1/2 on $mux $procmux$420.
    dead port 2/2 on $mux $procmux$420.
    dead port 1/2 on $mux $procmux$418.
    dead port 2/2 on $mux $procmux$418.
    dead port 1/2 on $mux $procmux$414.
    dead port 2/2 on $mux $procmux$414.
    dead port 1/2 on $mux $procmux$412.
    dead port 2/2 on $mux $procmux$412.
    dead port 1/2 on $mux $procmux$408.
    dead port 2/2 on $mux $procmux$408.
    dead port 1/2 on $mux $procmux$406.
    dead port 2/2 on $mux $procmux$406.
    dead port 1/2 on $mux $procmux$402.
    dead port 2/2 on $mux $procmux$402.
    dead port 1/2 on $mux $procmux$400.
    dead port 2/2 on $mux $procmux$400.
Running muxtree optimizer on module \ALU..
  Creating internal representation of mux trees.
  Evaluating internal representation of mux trees.
  Analyzing evaluation results.
Running muxtree optimizer on module \ALU_control..
  Creating internal representation of mux trees.
  Evaluating internal representation of mux trees.
  Analyzing evaluation results.
Removed 42 multiplexer ports.
<suppressed ~102 debug messages>

4.4. Executing OPT_REDUCE pass (consolidate $*mux and $reduce_* inputs).
  Optimizing cells in module \MEM_WB_reg.
  Optimizing cells in module \IF_ID_reg.
  Optimizing cells in module \ID_EX_reg.
  Optimizing cells in module \Hazard_Detection_Unit.
  Optimizing cells in module \Forwarding_Unit.
  Optimizing cells in module \EX_MEM_reg.
  Optimizing cells in module \PC.
  Optimizing cells in module \PC_next.
  Optimizing cells in module \Register.
    Consolidated identical input bits for $mux cell $procmux$333:
      Old ports: A=64'0000000000000000000000000000000000000000000000000000000000000000, B=64'1111111111111111111111111111111111111111111111111111111111111111, Y=$procmux$333_Y
      New ports: A=1'0, B=1'1, Y=$procmux$333_Y [0]
      New connections: $procmux$333_Y [63:1] = { $procmux$333_Y [0] $procmux$333_Y [0] $procmux$333_Y [0] $procmux$333_Y [0] $procmux$333_Y [0] $procmux$333_Y [0] $procmux$333_Y [0] $procmux$333_Y [0] $procmux$333_Y [0] $procmux$333_Y [0] $procmux$333_Y [0] $procmux$333_Y [0] $procmux$333_Y [0] $procmux$333_Y [0] $procmux$333_Y [0] $procmux$333_Y [0] $procmux$333_Y [0] $procmux$333_Y [0] $procmux$333_Y [0] $procmux$333_Y [0] $procmux$333_Y [0] $procmux$333_Y [0] $procmux$333_Y [0] $procmux$333_Y [0] $procmux$333_Y [0] $procmux$333_Y [0] $procmux$333_Y [0] $procmux$333_Y [0] $procmux$333_Y [0] $procmux$333_Y [0] $procmux$333_Y [0] $procmux$333_Y [0] $procmux$333_Y [0] $procmux$333_Y [0] $procmux$333_Y [0] $procmux$333_Y [0] $procmux$333_Y [0] $procmux$333_Y [0] $procmux$333_Y [0] $procmux$333_Y [0] $procmux$333_Y [0] $procmux$333_Y [0] $procmux$333_Y [0] $procmux$333_Y [0] $procmux$333_Y [0] $procmux$333_Y [0] $procmux$333_Y [0] $procmux$333_Y [0] $procmux$333_Y [0] $procmux$333_Y [0] $procmux$333_Y [0] $procmux$333_Y [0] $procmux$333_Y [0] $procmux$333_Y [0] $procmux$333_Y [0] $procmux$333_Y [0] $procmux$333_Y [0] $procmux$333_Y [0] $procmux$333_Y [0] $procmux$333_Y [0] $procmux$333_Y [0] $procmux$333_Y [0] $procmux$333_Y [0] }
  Optimizing cells in module \Register.
  Optimizing cells in module \MUX_2_1.
  Optimizing cells in module \ImmGen.
  Optimizing cells in module \RISC_V_pipe_line.
  Optimizing cells in module \Control.
  Optimizing cells in module \Branch_Target_Buffer.
  Optimizing cells in module \ALU.
  Optimizing cells in module \ALU_control.
    New ctrl vector for $pmux cell $procmux$1225: { $procmux$1239_CMP $auto$opt_reduce.cc:134:opt_pmux$1324 $auto$opt_reduce.cc:134:opt_pmux$1322 $procmux$1233_CMP $procmux$1232_CMP $procmux$1231_CMP $procmux$1230_CMP $procmux$1229_CMP $procmux$1228_CMP $procmux$1227_CMP $procmux$1226_CMP }
  Optimizing cells in module \ALU_control.
Performed a total of 2 changes.

4.5. Executing OPT_MERGE pass (detect identical cells).
Finding identical cells in module `\MEM_WB_reg'.
Finding identical cells in module `\IF_ID_reg'.
Finding identical cells in module `\ID_EX_reg'.
Finding identical cells in module `\Hazard_Detection_Unit'.
<suppressed ~6 debug messages>
Finding identical cells in module `\Forwarding_Unit'.
Finding identical cells in module `\EX_MEM_reg'.
Finding identical cells in module `\PC'.
Finding identical cells in module `\PC_next'.
Finding identical cells in module `\Register'.
Finding identical cells in module `\MUX_2_1'.
Finding identical cells in module `\ImmGen'.
Finding identical cells in module `\RISC_V_pipe_line'.
Finding identical cells in module `\Control'.
Finding identical cells in module `\Branch_Target_Buffer'.
Finding identical cells in module `\ALU'.
Finding identical cells in module `\ALU_control'.
Removed a total of 2 cells.

4.6. Executing OPT_DFF pass (perform DFF optimizations).
Adding EN signal on $procdff$1240 ($adff) from module MEM_WB_reg (D = \MEM_Read_data, Q = \WB_Read_data).
Adding EN signal on $procdff$1241 ($adff) from module MEM_WB_reg (D = \MEM_ALU_result, Q = \WB_ALU_result).
Adding EN signal on $procdff$1242 ($adff) from module MEM_WB_reg (D = \MEM_Write_register, Q = \WB_Write_register).
Adding EN signal on $procdff$1243 ($adff) from module MEM_WB_reg (D = $procmux$169_Y, Q = \WB_Control_signals).
Adding EN signal on $procdff$1244 ($adff) from module IF_ID_reg (D = $procmux$194_Y, Q = \ID_PC).
Adding EN signal on $procdff$1245 ($adff) from module IF_ID_reg (D = $procmux$189_Y, Q = \ID_Instruction).
Adding EN signal on $procdff$1246 ($adff) from module ID_EX_reg (D = \ID_PC, Q = \EX_PC).
Adding EN signal on $procdff$1247 ($adff) from module ID_EX_reg (D = $procmux$239_Y, Q = \EX_Instruction).
Adding EN signal on $procdff$1248 ($adff) from module ID_EX_reg (D = \ID_Read_register_1, Q = \EX_Read_register_1).
Adding EN signal on $procdff$1249 ($adff) from module ID_EX_reg (D = \ID_Read_register_2, Q = \EX_Read_register_2).
Adding EN signal on $procdff$1250 ($adff) from module ID_EX_reg (D = \ID_Write_register, Q = \EX_Write_register).
Adding EN signal on $procdff$1251 ($adff) from module ID_EX_reg (D = \ID_Read_data_1, Q = \EX_Read_data_1).
Adding EN signal on $procdff$1252 ($adff) from module ID_EX_reg (D = \ID_Read_data_2, Q = \EX_Read_data_2).
Adding EN signal on $procdff$1253 ($adff) from module ID_EX_reg (D = \ID_ImmExt, Q = \EX_ImmExt).
Adding EN signal on $procdff$1254 ($adff) from module ID_EX_reg (D = $procmux$204_Y, Q = \EX_Control_signals).
Adding EN signal on $procdff$1255 ($adff) from module ID_EX_reg (D = \ID_MemSize, Q = \EX_MemSize).
Adding EN signal on $procdff$1256 ($adff) from module EX_MEM_reg (D = \EX_ALU_result, Q = \MEM_ALU_result).
Adding EN signal on $procdff$1257 ($adff) from module EX_MEM_reg (D = \EX_Store_Data, Q = \MEM_Write_data).
Adding EN signal on $procdff$1258 ($adff) from module EX_MEM_reg (D = \EX_Write_register, Q = \MEM_Write_register).
Adding EN signal on $procdff$1259 ($adff) from module EX_MEM_reg (D = $procmux$302_Y, Q = \MEM_Control_signals).
Adding EN signal on $procdff$1260 ($adff) from module EX_MEM_reg (D = \EX_MemSize, Q = \MEM_MemSize).
Adding EN signal on $procdff$1261 ($adff) from module PC (D = $ternary$riscv_core_flat.v:567$109_Y, Q = \Address).
Adding EN signal on $procdff$1304 ($adff) from module Branch_Target_Buffer (D = \EX_Target_Address, Q = \Target_Array[6]).
Adding EN signal on $procdff$1305 ($adff) from module Branch_Target_Buffer (D = \EX_Target_Address, Q = \Target_Array[7]).
Adding EN signal on $procdff$1306 ($adff) from module Branch_Target_Buffer (D = \EX_Target_Address, Q = \Target_Array[8]).
Adding EN signal on $procdff$1307 ($adff) from module Branch_Target_Buffer (D = \EX_Target_Address, Q = \Target_Array[9]).
Adding EN signal on $procdff$1308 ($adff) from module Branch_Target_Buffer (D = \EX_Target_Address, Q = \Target_Array[10]).
Adding EN signal on $procdff$1309 ($adff) from module Branch_Target_Buffer (D = \EX_Target_Address, Q = \Target_Array[11]).
Adding EN signal on $procdff$1310 ($adff) from module Branch_Target_Buffer (D = \EX_Target_Address, Q = \Target_Array[12]).
Adding EN signal on $procdff$1311 ($adff) from module Branch_Target_Buffer (D = \EX_Target_Address, Q = \Target_Array[13]).
Adding EN signal on $procdff$1312 ($adff) from module Branch_Target_Buffer (D = \EX_Target_Address, Q = \Target_Array[14]).
Adding EN signal on $procdff$1313 ($adff) from module Branch_Target_Buffer (D = \EX_Target_Address, Q = \Target_Array[15]).
Handling D = Q on $procdff$1265 ($adff) from module Branch_Target_Buffer (removing D path).
Adding EN signal on $procdff$1266 ($adff) from module Branch_Target_Buffer (D = \EX_Update_Valid, Q = \Valid_Array[0]).
Adding EN signal on $procdff$1267 ($adff) from module Branch_Target_Buffer (D = \EX_Update_Valid, Q = \Valid_Array[1]).
Adding EN signal on $procdff$1268 ($adff) from module Branch_Target_Buffer (D = \EX_Update_Valid, Q = \Valid_Array[2]).
Adding EN signal on $procdff$1269 ($adff) from module Branch_Target_Buffer (D = \EX_Update_Valid, Q = \Valid_Array[3]).
Adding EN signal on $procdff$1270 ($adff) from module Branch_Target_Buffer (D = \EX_Update_Valid, Q = \Valid_Array[4]).
Adding EN signal on $procdff$1271 ($adff) from module Branch_Target_Buffer (D = \EX_Update_Valid, Q = \Valid_Array[5]).
Adding EN signal on $procdff$1272 ($adff) from module Branch_Target_Buffer (D = \EX_Update_Valid, Q = \Valid_Array[6]).
Adding EN signal on $procdff$1273 ($adff) from module Branch_Target_Buffer (D = \EX_Update_Valid, Q = \Valid_Array[7]).
Adding EN signal on $procdff$1274 ($adff) from module Branch_Target_Buffer (D = \EX_Update_Valid, Q = \Valid_Array[8]).
Adding EN signal on $procdff$1275 ($adff) from module Branch_Target_Buffer (D = \EX_Update_Valid, Q = \Valid_Array[9]).
Adding EN signal on $procdff$1276 ($adff) from module Branch_Target_Buffer (D = \EX_Update_Valid, Q = \Valid_Array[10]).
Adding EN signal on $procdff$1277 ($adff) from module Branch_Target_Buffer (D = \EX_Update_Valid, Q = \Valid_Array[11]).
Adding EN signal on $procdff$1278 ($adff) from module Branch_Target_Buffer (D = \EX_Update_Valid, Q = \Valid_Array[12]).
Adding EN signal on $procdff$1279 ($adff) from module Branch_Target_Buffer (D = \EX_Update_Valid, Q = \Valid_Array[13]).
Adding EN signal on $procdff$1280 ($adff) from module Branch_Target_Buffer (D = \EX_Update_Valid, Q = \Valid_Array[14]).
Adding EN signal on $procdff$1281 ($adff) from module Branch_Target_Buffer (D = \EX_Update_Valid, Q = \Valid_Array[15]).
Adding EN signal on $procdff$1282 ($adff) from module Branch_Target_Buffer (D = \EX_PC, Q = \Tag_Array[0]).
Adding EN signal on $procdff$1283 ($adff) from module Branch_Target_Buffer (D = \EX_PC, Q = \Tag_Array[1]).
Adding EN signal on $procdff$1284 ($adff) from module Branch_Target_Buffer (D = \EX_PC, Q = \Tag_Array[2]).
Adding EN signal on $procdff$1285 ($adff) from module Branch_Target_Buffer (D = \EX_PC, Q = \Tag_Array[3]).
Adding EN signal on $procdff$1286 ($adff) from module Branch_Target_Buffer (D = \EX_PC, Q = \Tag_Array[4]).
Adding EN signal on $procdff$1287 ($adff) from module Branch_Target_Buffer (D = \EX_PC, Q = \Tag_Array[5]).
Adding EN signal on $procdff$1288 ($adff) from module Branch_Target_Buffer (D = \EX_PC, Q = \Tag_Array[6]).
Adding EN signal on $procdff$1289 ($adff) from module Branch_Target_Buffer (D = \EX_PC, Q = \Tag_Array[7]).
Adding EN signal on $procdff$1290 ($adff) from module Branch_Target_Buffer (D = \EX_PC, Q = \Tag_Array[8]).
Adding EN signal on $procdff$1291 ($adff) from module Branch_Target_Buffer (D = \EX_PC, Q = \Tag_Array[9]).
Adding EN signal on $procdff$1292 ($adff) from module Branch_Target_Buffer (D = \EX_PC, Q = \Tag_Array[10]).
Adding EN signal on $procdff$1293 ($adff) from module Branch_Target_Buffer (D = \EX_PC, Q = \Tag_Array[11]).
Adding EN signal on $procdff$1294 ($adff) from module Branch_Target_Buffer (D = \EX_PC, Q = \Tag_Array[12]).
Adding EN signal on $procdff$1295 ($adff) from module Branch_Target_Buffer (D = \EX_PC, Q = \Tag_Array[13]).
Adding EN signal on $procdff$1296 ($adff) from module Branch_Target_Buffer (D = \EX_PC, Q = \Tag_Array[14]).
Adding EN signal on $procdff$1297 ($adff) from module Branch_Target_Buffer (D = \EX_PC, Q = \Tag_Array[15]).
Adding EN signal on $procdff$1298 ($adff) from module Branch_Target_Buffer (D = \EX_Target_Address, Q = \Target_Array[0]).
Adding EN signal on $procdff$1299 ($adff) from module Branch_Target_Buffer (D = \EX_Target_Address, Q = \Target_Array[1]).
Adding EN signal on $procdff$1300 ($adff) from module Branch_Target_Buffer (D = \EX_Target_Address, Q = \Target_Array[2]).
Adding EN signal on $procdff$1301 ($adff) from module Branch_Target_Buffer (D = \EX_Target_Address, Q = \Target_Array[3]).
Adding EN signal on $procdff$1302 ($adff) from module Branch_Target_Buffer (D = \EX_Target_Address, Q = \Target_Array[4]).
Adding EN signal on $procdff$1303 ($adff) from module Branch_Target_Buffer (D = \EX_Target_Address, Q = \Target_Array[5]).
Setting constant 0-bit at position 0 on $procdff$1265 ($dlatch) from module Branch_Target_Buffer.
Setting constant 0-bit at position 1 on $procdff$1265 ($dlatch) from module Branch_Target_Buffer.
Setting constant 0-bit at position 2 on $procdff$1265 ($dlatch) from module Branch_Target_Buffer.
Setting constant 0-bit at position 3 on $procdff$1265 ($dlatch) from module Branch_Target_Buffer.
Setting constant 1-bit at position 4 on $procdff$1265 ($dlatch) from module Branch_Target_Buffer.
Setting constant 0-bit at position 5 on $procdff$1265 ($dlatch) from module Branch_Target_Buffer.
Setting constant 0-bit at position 6 on $procdff$1265 ($dlatch) from module Branch_Target_Buffer.
Setting constant 0-bit at position 7 on $procdff$1265 ($dlatch) from module Branch_Target_Buffer.
Setting constant 0-bit at position 8 on $procdff$1265 ($dlatch) from module Branch_Target_Buffer.
Setting constant 0-bit at position 9 on $procdff$1265 ($dlatch) from module Branch_Target_Buffer.
Setting constant 0-bit at position 10 on $procdff$1265 ($dlatch) from module Branch_Target_Buffer.
Setting constant 0-bit at position 11 on $procdff$1265 ($dlatch) from module Branch_Target_Buffer.
Setting constant 0-bit at position 12 on $procdff$1265 ($dlatch) from module Branch_Target_Buffer.
Setting constant 0-bit at position 13 on $procdff$1265 ($dlatch) from module Branch_Target_Buffer.
Setting constant 0-bit at position 14 on $procdff$1265 ($dlatch) from module Branch_Target_Buffer.
Setting constant 0-bit at position 15 on $procdff$1265 ($dlatch) from module Branch_Target_Buffer.
Setting constant 0-bit at position 16 on $procdff$1265 ($dlatch) from module Branch_Target_Buffer.
Setting constant 0-bit at position 17 on $procdff$1265 ($dlatch) from module Branch_Target_Buffer.
Setting constant 0-bit at position 18 on $procdff$1265 ($dlatch) from module Branch_Target_Buffer.
Setting constant 0-bit at position 19 on $procdff$1265 ($dlatch) from module Branch_Target_Buffer.
Setting constant 0-bit at position 20 on $procdff$1265 ($dlatch) from module Branch_Target_Buffer.
Setting constant 0-bit at position 21 on $procdff$1265 ($dlatch) from module Branch_Target_Buffer.
Setting constant 0-bit at position 22 on $procdff$1265 ($dlatch) from module Branch_Target_Buffer.
Setting constant 0-bit at position 23 on $procdff$1265 ($dlatch) from module Branch_Target_Buffer.
Setting constant 0-bit at position 24 on $procdff$1265 ($dlatch) from module Branch_Target_Buffer.
Setting constant 0-bit at position 25 on $procdff$1265 ($dlatch) from module Branch_Target_Buffer.
Setting constant 0-bit at position 26 on $procdff$1265 ($dlatch) from module Branch_Target_Buffer.
Setting constant 0-bit at position 27 on $procdff$1265 ($dlatch) from module Branch_Target_Buffer.
Setting constant 0-bit at position 28 on $procdff$1265 ($dlatch) from module Branch_Target_Buffer.
Setting constant 0-bit at position 29 on $procdff$1265 ($dlatch) from module Branch_Target_Buffer.
Setting constant 0-bit at position 30 on $procdff$1265 ($dlatch) from module Branch_Target_Buffer.
Setting constant 0-bit at position 31 on $procdff$1265 ($dlatch) from module Branch_Target_Buffer.
Setting constant 1-bit at position 0 on $procdff$1318 ($adff) from module Branch_Target_Buffer.
Setting constant 1-bit at position 1 on $procdff$1318 ($adff) from module Branch_Target_Buffer.
Setting constant 1-bit at position 2 on $procdff$1318 ($adff) from module Branch_Target_Buffer.
Setting constant 1-bit at position 3 on $procdff$1318 ($adff) from module Branch_Target_Buffer.
Setting constant 1-bit at position 0 on $procdff$1315 ($adff) from module Branch_Target_Buffer.
Setting constant 1-bit at position 0 on $procdff$1317 ($adff) from module Branch_Target_Buffer.
Setting constant 1-bit at position 1 on $procdff$1317 ($adff) from module Branch_Target_Buffer.
Setting constant 1-bit at position 2 on $procdff$1317 ($adff) from module Branch_Target_Buffer.
Setting constant 1-bit at position 3 on $procdff$1317 ($adff) from module Branch_Target_Buffer.
Setting constant 1-bit at position 4 on $procdff$1317 ($adff) from module Branch_Target_Buffer.
Setting constant 1-bit at position 5 on $procdff$1317 ($adff) from module Branch_Target_Buffer.
Setting constant 1-bit at position 6 on $procdff$1317 ($adff) from module Branch_Target_Buffer.
Setting constant 1-bit at position 7 on $procdff$1317 ($adff) from module Branch_Target_Buffer.
Setting constant 1-bit at position 8 on $procdff$1317 ($adff) from module Branch_Target_Buffer.
Setting constant 1-bit at position 9 on $procdff$1317 ($adff) from module Branch_Target_Buffer.
Setting constant 1-bit at position 10 on $procdff$1317 ($adff) from module Branch_Target_Buffer.
Setting constant 1-bit at position 11 on $procdff$1317 ($adff) from module Branch_Target_Buffer.
Setting constant 1-bit at position 12 on $procdff$1317 ($adff) from module Branch_Target_Buffer.
Setting constant 1-bit at position 13 on $procdff$1317 ($adff) from module Branch_Target_Buffer.
Setting constant 1-bit at position 14 on $procdff$1317 ($adff) from module Branch_Target_Buffer.
Setting constant 1-bit at position 15 on $procdff$1317 ($adff) from module Branch_Target_Buffer.
Setting constant 1-bit at position 16 on $procdff$1317 ($adff) from module Branch_Target_Buffer.
Setting constant 1-bit at position 17 on $procdff$1317 ($adff) from module Branch_Target_Buffer.
Setting constant 1-bit at position 18 on $procdff$1317 ($adff) from module Branch_Target_Buffer.
Setting constant 1-bit at position 19 on $procdff$1317 ($adff) from module Branch_Target_Buffer.
Setting constant 1-bit at position 20 on $procdff$1317 ($adff) from module Branch_Target_Buffer.
Setting constant 1-bit at position 21 on $procdff$1317 ($adff) from module Branch_Target_Buffer.
Setting constant 1-bit at position 22 on $procdff$1317 ($adff) from module Branch_Target_Buffer.
Setting constant 1-bit at position 23 on $procdff$1317 ($adff) from module Branch_Target_Buffer.
Setting constant 1-bit at position 24 on $procdff$1317 ($adff) from module Branch_Target_Buffer.
Setting constant 1-bit at position 25 on $procdff$1317 ($adff) from module Branch_Target_Buffer.
Setting constant 1-bit at position 26 on $procdff$1317 ($adff) from module Branch_Target_Buffer.
Setting constant 1-bit at position 27 on $procdff$1317 ($adff) from module Branch_Target_Buffer.
Setting constant 1-bit at position 28 on $procdff$1317 ($adff) from module Branch_Target_Buffer.
Setting constant 1-bit at position 29 on $procdff$1317 ($adff) from module Branch_Target_Buffer.
Setting constant 1-bit at position 30 on $procdff$1317 ($adff) from module Branch_Target_Buffer.
Setting constant 1-bit at position 31 on $procdff$1317 ($adff) from module Branch_Target_Buffer.
Setting constant 1-bit at position 32 on $procdff$1317 ($adff) from module Branch_Target_Buffer.
Setting constant 1-bit at position 33 on $procdff$1317 ($adff) from module Branch_Target_Buffer.
Setting constant 1-bit at position 34 on $procdff$1317 ($adff) from module Branch_Target_Buffer.
Setting constant 1-bit at position 35 on $procdff$1317 ($adff) from module Branch_Target_Buffer.
Setting constant 1-bit at position 36 on $procdff$1317 ($adff) from module Branch_Target_Buffer.
Setting constant 1-bit at position 37 on $procdff$1317 ($adff) from module Branch_Target_Buffer.
Setting constant 1-bit at position 38 on $procdff$1317 ($adff) from module Branch_Target_Buffer.
Setting constant 1-bit at position 39 on $procdff$1317 ($adff) from module Branch_Target_Buffer.
Setting constant 1-bit at position 40 on $procdff$1317 ($adff) from module Branch_Target_Buffer.
Setting constant 1-bit at position 41 on $procdff$1317 ($adff) from module Branch_Target_Buffer.
Setting constant 1-bit at position 42 on $procdff$1317 ($adff) from module Branch_Target_Buffer.
Setting constant 1-bit at position 43 on $procdff$1317 ($adff) from module Branch_Target_Buffer.
Setting constant 1-bit at position 44 on $procdff$1317 ($adff) from module Branch_Target_Buffer.
Setting constant 1-bit at position 45 on $procdff$1317 ($adff) from module Branch_Target_Buffer.
Setting constant 1-bit at position 46 on $procdff$1317 ($adff) from module Branch_Target_Buffer.
Setting constant 1-bit at position 47 on $procdff$1317 ($adff) from module Branch_Target_Buffer.
Setting constant 1-bit at position 48 on $procdff$1317 ($adff) from module Branch_Target_Buffer.
Setting constant 1-bit at position 49 on $procdff$1317 ($adff) from module Branch_Target_Buffer.
Setting constant 1-bit at position 50 on $procdff$1317 ($adff) from module Branch_Target_Buffer.
Setting constant 1-bit at position 51 on $procdff$1317 ($adff) from module Branch_Target_Buffer.
Setting constant 1-bit at position 52 on $procdff$1317 ($adff) from module Branch_Target_Buffer.
Setting constant 1-bit at position 53 on $procdff$1317 ($adff) from module Branch_Target_Buffer.
Setting constant 1-bit at position 54 on $procdff$1317 ($adff) from module Branch_Target_Buffer.
Setting constant 1-bit at position 55 on $procdff$1317 ($adff) from module Branch_Target_Buffer.
Setting constant 1-bit at position 56 on $procdff$1317 ($adff) from module Branch_Target_Buffer.
Setting constant 1-bit at position 57 on $procdff$1317 ($adff) from module Branch_Target_Buffer.
Setting constant 1-bit at position 58 on $procdff$1317 ($adff) from module Branch_Target_Buffer.
Setting constant 1-bit at position 59 on $procdff$1317 ($adff) from module Branch_Target_Buffer.
Setting constant 1-bit at position 60 on $procdff$1317 ($adff) from module Branch_Target_Buffer.
Setting constant 1-bit at position 61 on $procdff$1317 ($adff) from module Branch_Target_Buffer.
Setting constant 1-bit at position 62 on $procdff$1317 ($adff) from module Branch_Target_Buffer.
Setting constant 1-bit at position 63 on $procdff$1317 ($adff) from module Branch_Target_Buffer.

4.7. Executing OPT_CLEAN pass (remove unused cells and wires).
Finding unused cells or wires in module \MEM_WB_reg..
Finding unused cells or wires in module \IF_ID_reg..
Finding unused cells or wires in module \ID_EX_reg..
Finding unused cells or wires in module \Hazard_Detection_Unit..
Finding unused cells or wires in module \Forwarding_Unit..
Finding unused cells or wires in module \EX_MEM_reg..
Finding unused cells or wires in module \PC..
Finding unused cells or wires in module \PC_next..
Finding unused cells or wires in module \Register..
Finding unused cells or wires in module \MUX_2_1..
Finding unused cells or wires in module \ImmGen..
Finding unused cells or wires in module \RISC_V_pipe_line..
Finding unused cells or wires in module \Control..
Finding unused cells or wires in module \Branch_Target_Buffer..
Finding unused cells or wires in module \ALU..
Finding unused cells or wires in module \ALU_control..
Removed 168 unused cells and 652 unused wires.
<suppressed ~184 debug messages>

4.8. Executing OPT_EXPR pass (perform const folding).
Optimizing module ALU.
Optimizing module ALU_control.
Optimizing module Branch_Target_Buffer.
Optimizing module Control.
Optimizing module EX_MEM_reg.
<suppressed ~1 debug messages>
Optimizing module Forwarding_Unit.
Optimizing module Hazard_Detection_Unit.
Optimizing module ID_EX_reg.
<suppressed ~2 debug messages>
Optimizing module IF_ID_reg.
<suppressed ~2 debug messages>
Optimizing module ImmGen.
Optimizing module MEM_WB_reg.
<suppressed ~1 debug messages>
Optimizing module MUX_2_1.
Optimizing module PC.
Optimizing module PC_next.
Optimizing module RISC_V_pipe_line.
Optimizing module Register.

4.9. Rerunning OPT passes. (Maybe there is more to do..)

4.10. Executing OPT_MUXTREE pass (detect dead branches in mux trees).
Running muxtree optimizer on module \ALU..
  Creating internal representation of mux trees.
  Evaluating internal representation of mux trees.
  Analyzing evaluation results.
Running muxtree optimizer on module \ALU_control..
  Creating internal representation of mux trees.
  Evaluating internal representation of mux trees.
  Analyzing evaluation results.
Running muxtree optimizer on module \Branch_Target_Buffer..
  Creating internal representation of mux trees.
  Evaluating internal representation of mux trees.
  Analyzing evaluation results.
Running muxtree optimizer on module \Control..
  Creating internal representation of mux trees.
  Evaluating internal representation of mux trees.
  Analyzing evaluation results.
Running muxtree optimizer on module \EX_MEM_reg..
  Creating internal representation of mux trees.
  Evaluating internal representation of mux trees.
  Analyzing evaluation results.
Running muxtree optimizer on module \Forwarding_Unit..
  Creating internal representation of mux trees.
  Evaluating internal representation of mux trees.
  Analyzing evaluation results.
Running muxtree optimizer on module \Hazard_Detection_Unit..
  Creating internal representation of mux trees.
  Evaluating internal representation of mux trees.
  Analyzing evaluation results.
Running muxtree optimizer on module \ID_EX_reg..
  Creating internal representation of mux trees.
  Evaluating internal representation of mux trees.
  Analyzing evaluation results.
Running muxtree optimizer on module \IF_ID_reg..
  Creating internal representation of mux trees.
  Evaluating internal representation of mux trees.
  Analyzing evaluation results.
Running muxtree optimizer on module \ImmGen..
  Creating internal representation of mux trees.
  Evaluating internal representation of mux trees.
  Analyzing evaluation results.
Running muxtree optimizer on module \MEM_WB_reg..
  Creating internal representation of mux trees.
  Evaluating internal representation of mux trees.
  Analyzing evaluation results.
Running muxtree optimizer on module \MUX_2_1..
  Creating internal representation of mux trees.
  Evaluating internal representation of mux trees.
  Analyzing evaluation results.
Running muxtree optimizer on module \PC..
  Creating internal representation of mux trees.
  Evaluating internal representation of mux trees.
  Analyzing evaluation results.
Running muxtree optimizer on module \PC_next..
  Creating internal representation of mux trees.
  Evaluating internal representation of mux trees.
  Analyzing evaluation results.
Running muxtree optimizer on module \RISC_V_pipe_line..
  Creating internal representation of mux trees.
  Evaluating internal representation of mux trees.
  Analyzing evaluation results.
Running muxtree optimizer on module \Register..
  Creating internal representation of mux trees.
  Evaluating internal representation of mux trees.
  Analyzing evaluation results.
Removed 0 multiplexer ports.
<suppressed ~37 debug messages>

4.11. Executing OPT_REDUCE pass (consolidate $*mux and $reduce_* inputs).
  Optimizing cells in module \ALU.
  Optimizing cells in module \ALU_control.
  Optimizing cells in module \Branch_Target_Buffer.
  Optimizing cells in module \Control.
  Optimizing cells in module \EX_MEM_reg.
  Optimizing cells in module \Forwarding_Unit.
  Optimizing cells in module \Hazard_Detection_Unit.
  Optimizing cells in module \ID_EX_reg.
  Optimizing cells in module \IF_ID_reg.
  Optimizing cells in module \ImmGen.
  Optimizing cells in module \MEM_WB_reg.
  Optimizing cells in module \MUX_2_1.
  Optimizing cells in module \PC.
  Optimizing cells in module \PC_next.
  Optimizing cells in module \RISC_V_pipe_line.
  Optimizing cells in module \Register.
Performed a total of 0 changes.

4.12. Executing OPT_MERGE pass (detect identical cells).
Finding identical cells in module `\ALU'.
Finding identical cells in module `\ALU_control'.
Finding identical cells in module `\Branch_Target_Buffer'.
<suppressed ~48 debug messages>
Finding identical cells in module `\Control'.
Finding identical cells in module `\EX_MEM_reg'.
<suppressed ~18 debug messages>
Finding identical cells in module `\Forwarding_Unit'.
Finding identical cells in module `\Hazard_Detection_Unit'.
Finding identical cells in module `\ID_EX_reg'.
<suppressed ~45 debug messages>
Finding identical cells in module `\IF_ID_reg'.
<suppressed ~3 debug messages>
Finding identical cells in module `\ImmGen'.
Finding identical cells in module `\MEM_WB_reg'.
<suppressed ~12 debug messages>
Finding identical cells in module `\MUX_2_1'.
Finding identical cells in module `\PC'.
Finding identical cells in module `\PC_next'.
Finding identical cells in module `\RISC_V_pipe_line'.
Finding identical cells in module `\Register'.
Removed a total of 42 cells.

4.13. Executing OPT_DFF pass (perform DFF optimizations).

4.14. Executing OPT_CLEAN pass (remove unused cells and wires).
Finding unused cells or wires in module \ALU..
Finding unused cells or wires in module \ALU_control..
Finding unused cells or wires in module \Branch_Target_Buffer..
Finding unused cells or wires in module \Control..
Finding unused cells or wires in module \EX_MEM_reg..
Finding unused cells or wires in module \Forwarding_Unit..
Finding unused cells or wires in module \Hazard_Detection_Unit..
Finding unused cells or wires in module \ID_EX_reg..
Finding unused cells or wires in module \IF_ID_reg..
Finding unused cells or wires in module \ImmGen..
Finding unused cells or wires in module \MEM_WB_reg..
Finding unused cells or wires in module \MUX_2_1..
Finding unused cells or wires in module \PC..
Finding unused cells or wires in module \PC_next..
Finding unused cells or wires in module \RISC_V_pipe_line..
Finding unused cells or wires in module \Register..
Removed 0 unused cells and 42 unused wires.
<suppressed ~5 debug messages>

4.15. Executing OPT_EXPR pass (perform const folding).
Optimizing module ALU.
Optimizing module ALU_control.
Optimizing module Branch_Target_Buffer.
Optimizing module Control.
Optimizing module EX_MEM_reg.
Optimizing module Forwarding_Unit.
Optimizing module Hazard_Detection_Unit.
Optimizing module ID_EX_reg.
Optimizing module IF_ID_reg.
Optimizing module ImmGen.
Optimizing module MEM_WB_reg.
Optimizing module MUX_2_1.
Optimizing module PC.
Optimizing module PC_next.
Optimizing module RISC_V_pipe_line.
Optimizing module Register.

4.16. Rerunning OPT passes. (Maybe there is more to do..)

4.17. Executing OPT_MUXTREE pass (detect dead branches in mux trees).
Running muxtree optimizer on module \ALU..
  Creating internal representation of mux trees.
  Evaluating internal representation of mux trees.
  Analyzing evaluation results.
Running muxtree optimizer on module \ALU_control..
  Creating internal representation of mux trees.
  Evaluating internal representation of mux trees.
  Analyzing evaluation results.
Running muxtree optimizer on module \Branch_Target_Buffer..
  Creating internal representation of mux trees.
  Evaluating internal representation of mux trees.
  Analyzing evaluation results.
Running muxtree optimizer on module \Control..
  Creating internal representation of mux trees.
  Evaluating internal representation of mux trees.
  Analyzing evaluation results.
Running muxtree optimizer on module \EX_MEM_reg..
  Creating internal representation of mux trees.
  Evaluating internal representation of mux trees.
  Analyzing evaluation results.
Running muxtree optimizer on module \Forwarding_Unit..
  Creating internal representation of mux trees.
  Evaluating internal representation of mux trees.
  Analyzing evaluation results.
Running muxtree optimizer on module \Hazard_Detection_Unit..
  Creating internal representation of mux trees.
  Evaluating internal representation of mux trees.
  Analyzing evaluation results.
Running muxtree optimizer on module \ID_EX_reg..
  Creating internal representation of mux trees.
  Evaluating internal representation of mux trees.
  Analyzing evaluation results.
Running muxtree optimizer on module \IF_ID_reg..
  Creating internal representation of mux trees.
  Evaluating internal representation of mux trees.
  Analyzing evaluation results.
Running muxtree optimizer on module \ImmGen..
  Creating internal representation of mux trees.
  Evaluating internal representation of mux trees.
  Analyzing evaluation results.
Running muxtree optimizer on module \MEM_WB_reg..
  Creating internal representation of mux trees.
  Evaluating internal representation of mux trees.
  Analyzing evaluation results.
Running muxtree optimizer on module \MUX_2_1..
  Creating internal representation of mux trees.
  Evaluating internal representation of mux trees.
  Analyzing evaluation results.
Running muxtree optimizer on module \PC..
  Creating internal representation of mux trees.
  Evaluating internal representation of mux trees.
  Analyzing evaluation results.
Running muxtree optimizer on module \PC_next..
  Creating internal representation of mux trees.
  Evaluating internal representation of mux trees.
  Analyzing evaluation results.
Running muxtree optimizer on module \RISC_V_pipe_line..
  Creating internal representation of mux trees.
  Evaluating internal representation of mux trees.
  Analyzing evaluation results.
Running muxtree optimizer on module \Register..
  Creating internal representation of mux trees.
  Evaluating internal representation of mux trees.
  Analyzing evaluation results.
Removed 0 multiplexer ports.
<suppressed ~37 debug messages>

4.18. Executing OPT_REDUCE pass (consolidate $*mux and $reduce_* inputs).
  Optimizing cells in module \ALU.
  Optimizing cells in module \ALU_control.
  Optimizing cells in module \Branch_Target_Buffer.
  Optimizing cells in module \Control.
  Optimizing cells in module \EX_MEM_reg.
  Optimizing cells in module \Forwarding_Unit.
  Optimizing cells in module \Hazard_Detection_Unit.
  Optimizing cells in module \ID_EX_reg.
  Optimizing cells in module \IF_ID_reg.
  Optimizing cells in module \ImmGen.
  Optimizing cells in module \MEM_WB_reg.
  Optimizing cells in module \MUX_2_1.
  Optimizing cells in module \PC.
  Optimizing cells in module \PC_next.
  Optimizing cells in module \RISC_V_pipe_line.
  Optimizing cells in module \Register.
Performed a total of 0 changes.

4.19. Executing OPT_MERGE pass (detect identical cells).
Finding identical cells in module `\ALU'.
Finding identical cells in module `\ALU_control'.
Finding identical cells in module `\Branch_Target_Buffer'.
Finding identical cells in module `\Control'.
Finding identical cells in module `\EX_MEM_reg'.
Finding identical cells in module `\Forwarding_Unit'.
Finding identical cells in module `\Hazard_Detection_Unit'.
Finding identical cells in module `\ID_EX_reg'.
Finding identical cells in module `\IF_ID_reg'.
Finding identical cells in module `\ImmGen'.
Finding identical cells in module `\MEM_WB_reg'.
Finding identical cells in module `\MUX_2_1'.
Finding identical cells in module `\PC'.
Finding identical cells in module `\PC_next'.
Finding identical cells in module `\RISC_V_pipe_line'.
Finding identical cells in module `\Register'.
Removed a total of 0 cells.

4.20. Executing OPT_DFF pass (perform DFF optimizations).

4.21. Executing OPT_CLEAN pass (remove unused cells and wires).
Finding unused cells or wires in module \ALU..
Finding unused cells or wires in module \ALU_control..
Finding unused cells or wires in module \Branch_Target_Buffer..
Finding unused cells or wires in module \Control..
Finding unused cells or wires in module \EX_MEM_reg..
Finding unused cells or wires in module \Forwarding_Unit..
Finding unused cells or wires in module \Hazard_Detection_Unit..
Finding unused cells or wires in module \ID_EX_reg..
Finding unused cells or wires in module \IF_ID_reg..
Finding unused cells or wires in module \ImmGen..
Finding unused cells or wires in module \MEM_WB_reg..
Finding unused cells or wires in module \MUX_2_1..
Finding unused cells or wires in module \PC..
Finding unused cells or wires in module \PC_next..
Finding unused cells or wires in module \RISC_V_pipe_line..
Finding unused cells or wires in module \Register..

4.22. Executing OPT_EXPR pass (perform const folding).
Optimizing module ALU.
Optimizing module ALU_control.
Optimizing module Branch_Target_Buffer.
Optimizing module Control.
Optimizing module EX_MEM_reg.
Optimizing module Forwarding_Unit.
Optimizing module Hazard_Detection_Unit.
Optimizing module ID_EX_reg.
Optimizing module IF_ID_reg.
Optimizing module ImmGen.
Optimizing module MEM_WB_reg.
Optimizing module MUX_2_1.
Optimizing module PC.
Optimizing module PC_next.
Optimizing module RISC_V_pipe_line.
Optimizing module Register.

4.23. Finished OPT passes. (There is nothing left to do.)

5. Executing FSM pass (extract and optimize FSM).

5.1. Executing FSM_DETECT pass (finding FSMs in design).

5.2. Executing FSM_EXTRACT pass (extracting FSM from design).

5.3. Executing FSM_OPT pass (simple optimizations of FSMs).

5.4. Executing OPT_CLEAN pass (remove unused cells and wires).
Finding unused cells or wires in module \ALU..
Finding unused cells or wires in module \ALU_control..
Finding unused cells or wires in module \Branch_Target_Buffer..
Finding unused cells or wires in module \Control..
Finding unused cells or wires in module \EX_MEM_reg..
Finding unused cells or wires in module \Forwarding_Unit..
Finding unused cells or wires in module \Hazard_Detection_Unit..
Finding unused cells or wires in module \ID_EX_reg..
Finding unused cells or wires in module \IF_ID_reg..
Finding unused cells or wires in module \ImmGen..
Finding unused cells or wires in module \MEM_WB_reg..
Finding unused cells or wires in module \MUX_2_1..
Finding unused cells or wires in module \PC..
Finding unused cells or wires in module \PC_next..
Finding unused cells or wires in module \RISC_V_pipe_line..
Finding unused cells or wires in module \Register..

5.5. Executing FSM_OPT pass (simple optimizations of FSMs).

5.6. Executing FSM_RECODE pass (re-assigning FSM state encoding).

5.7. Executing FSM_INFO pass (dumping all available information on FSM cells).

5.8. Executing FSM_MAP pass (mapping FSMs to basic logic).

6. Executing OPT pass (performing simple optimizations).

6.1. Executing OPT_EXPR pass (perform const folding).
Optimizing module ALU.
Optimizing module ALU_control.
Optimizing module Branch_Target_Buffer.
Optimizing module Control.
Optimizing module EX_MEM_reg.
Optimizing module Forwarding_Unit.
Optimizing module Hazard_Detection_Unit.
Optimizing module ID_EX_reg.
Optimizing module IF_ID_reg.
Optimizing module ImmGen.
Optimizing module MEM_WB_reg.
Optimizing module MUX_2_1.
Optimizing module PC.
Optimizing module PC_next.
Optimizing module RISC_V_pipe_line.
Optimizing module Register.

6.2. Executing OPT_MERGE pass (detect identical cells).
Finding identical cells in module `\ALU'.
Finding identical cells in module `\ALU_control'.
Finding identical cells in module `\Branch_Target_Buffer'.
Finding identical cells in module `\Control'.
Finding identical cells in module `\EX_MEM_reg'.
Finding identical cells in module `\Forwarding_Unit'.
Finding identical cells in module `\Hazard_Detection_Unit'.
Finding identical cells in module `\ID_EX_reg'.
Finding identical cells in module `\IF_ID_reg'.
Finding identical cells in module `\ImmGen'.
Finding identical cells in module `\MEM_WB_reg'.
Finding identical cells in module `\MUX_2_1'.
Finding identical cells in module `\PC'.
Finding identical cells in module `\PC_next'.
Finding identical cells in module `\RISC_V_pipe_line'.
Finding identical cells in module `\Register'.
Removed a total of 0 cells.

6.3. Executing OPT_MUXTREE pass (detect dead branches in mux trees).
Running muxtree optimizer on module \ALU..
  Creating internal representation of mux trees.
  Evaluating internal representation of mux trees.
  Analyzing evaluation results.
Running muxtree optimizer on module \ALU_control..
  Creating internal representation of mux trees.
  Evaluating internal representation of mux trees.
  Analyzing evaluation results.
Running muxtree optimizer on module \Branch_Target_Buffer..
  Creating internal representation of mux trees.
  Evaluating internal representation of mux trees.
  Analyzing evaluation results.
Running muxtree optimizer on module \Control..
  Creating internal representation of mux trees.
  Evaluating internal representation of mux trees.
  Analyzing evaluation results.
Running muxtree optimizer on module \EX_MEM_reg..
  Creating internal representation of mux trees.
  Evaluating internal representation of mux trees.
  Analyzing evaluation results.
Running muxtree optimizer on module \Forwarding_Unit..
  Creating internal representation of mux trees.
  Evaluating internal representation of mux trees.
  Analyzing evaluation results.
Running muxtree optimizer on module \Hazard_Detection_Unit..
  Creating internal representation of mux trees.
  Evaluating internal representation of mux trees.
  Analyzing evaluation results.
Running muxtree optimizer on module \ID_EX_reg..
  Creating internal representation of mux trees.
  Evaluating internal representation of mux trees.
  Analyzing evaluation results.
Running muxtree optimizer on module \IF_ID_reg..
  Creating internal representation of mux trees.
  Evaluating internal representation of mux trees.
  Analyzing evaluation results.
Running muxtree optimizer on module \ImmGen..
  Creating internal representation of mux trees.
  Evaluating internal representation of mux trees.
  Analyzing evaluation results.
Running muxtree optimizer on module \MEM_WB_reg..
  Creating internal representation of mux trees.
  Evaluating internal representation of mux trees.
  Analyzing evaluation results.
Running muxtree optimizer on module \MUX_2_1..
  Creating internal representation of mux trees.
  Evaluating internal representation of mux trees.
  Analyzing evaluation results.
Running muxtree optimizer on module \PC..
  Creating internal representation of mux trees.
  Evaluating internal representation of mux trees.
  Analyzing evaluation results.
Running muxtree optimizer on module \PC_next..
  Creating internal representation of mux trees.
  Evaluating internal representation of mux trees.
  Analyzing evaluation results.
Running muxtree optimizer on module \RISC_V_pipe_line..
  Creating internal representation of mux trees.
  Evaluating internal representation of mux trees.
  Analyzing evaluation results.
Running muxtree optimizer on module \Register..
  Creating internal representation of mux trees.
  Evaluating internal representation of mux trees.
  Analyzing evaluation results.
Removed 0 multiplexer ports.
<suppressed ~37 debug messages>

6.4. Executing OPT_REDUCE pass (consolidate $*mux and $reduce_* inputs).
  Optimizing cells in module \ALU.
  Optimizing cells in module \ALU_control.
  Optimizing cells in module \Branch_Target_Buffer.
  Optimizing cells in module \Control.
  Optimizing cells in module \EX_MEM_reg.
  Optimizing cells in module \Forwarding_Unit.
  Optimizing cells in module \Hazard_Detection_Unit.
  Optimizing cells in module \ID_EX_reg.
  Optimizing cells in module \IF_ID_reg.
  Optimizing cells in module \ImmGen.
  Optimizing cells in module \MEM_WB_reg.
  Optimizing cells in module \MUX_2_1.
  Optimizing cells in module \PC.
  Optimizing cells in module \PC_next.
  Optimizing cells in module \RISC_V_pipe_line.
  Optimizing cells in module \Register.
Performed a total of 0 changes.

6.5. Executing OPT_MERGE pass (detect identical cells).
Finding identical cells in module `\ALU'.
Finding identical cells in module `\ALU_control'.
Finding identical cells in module `\Branch_Target_Buffer'.
Finding identical cells in module `\Control'.
Finding identical cells in module `\EX_MEM_reg'.
Finding identical cells in module `\Forwarding_Unit'.
Finding identical cells in module `\Hazard_Detection_Unit'.
Finding identical cells in module `\ID_EX_reg'.
Finding identical cells in module `\IF_ID_reg'.
Finding identical cells in module `\ImmGen'.
Finding identical cells in module `\MEM_WB_reg'.
Finding identical cells in module `\MUX_2_1'.
Finding identical cells in module `\PC'.
Finding identical cells in module `\PC_next'.
Finding identical cells in module `\RISC_V_pipe_line'.
Finding identical cells in module `\Register'.
Removed a total of 0 cells.

6.6. Executing OPT_DFF pass (perform DFF optimizations).

6.7. Executing OPT_CLEAN pass (remove unused cells and wires).
Finding unused cells or wires in module \ALU..
Finding unused cells or wires in module \ALU_control..
Finding unused cells or wires in module \Branch_Target_Buffer..
Finding unused cells or wires in module \Control..
Finding unused cells or wires in module \EX_MEM_reg..
Finding unused cells or wires in module \Forwarding_Unit..
Finding unused cells or wires in module \Hazard_Detection_Unit..
Finding unused cells or wires in module \ID_EX_reg..
Finding unused cells or wires in module \IF_ID_reg..
Finding unused cells or wires in module \ImmGen..
Finding unused cells or wires in module \MEM_WB_reg..
Finding unused cells or wires in module \MUX_2_1..
Finding unused cells or wires in module \PC..
Finding unused cells or wires in module \PC_next..
Finding unused cells or wires in module \RISC_V_pipe_line..
Finding unused cells or wires in module \Register..

6.8. Executing OPT_EXPR pass (perform const folding).
Optimizing module ALU.
Optimizing module ALU_control.
Optimizing module Branch_Target_Buffer.
Optimizing module Control.
Optimizing module EX_MEM_reg.
Optimizing module Forwarding_Unit.
Optimizing module Hazard_Detection_Unit.
Optimizing module ID_EX_reg.
Optimizing module IF_ID_reg.
Optimizing module ImmGen.
Optimizing module MEM_WB_reg.
Optimizing module MUX_2_1.
Optimizing module PC.
Optimizing module PC_next.
Optimizing module RISC_V_pipe_line.
Optimizing module Register.

6.9. Finished OPT passes. (There is nothing left to do.)

7. Executing MEMORY pass.

7.1. Executing OPT_MEM pass (optimize memories).
Performed a total of 0 transformations.

7.2. Executing OPT_MEM_PRIORITY pass (removing unnecessary memory write priority relations).
Performed a total of 0 transformations.

7.3. Executing OPT_MEM_FEEDBACK pass (finding memory read-to-write feedback paths).
  Analyzing Register.Register write port 0.

7.4. Executing MEMORY_BMUX2ROM pass (converting muxes to ROMs).

7.5. Executing MEMORY_DFF pass (merging $dff cells to $memrd).
Checking read port `\Register'[0] in module `\Register': no output FF found.
Checking read port `\Register'[1] in module `\Register': no output FF found.
Checking read port address `\Register'[0] in module `\Register': no address FF found.
Checking read port address `\Register'[1] in module `\Register': no address FF found.

7.6. Executing OPT_CLEAN pass (remove unused cells and wires).
Finding unused cells or wires in module \ALU..
Finding unused cells or wires in module \ALU_control..
Finding unused cells or wires in module \Branch_Target_Buffer..
Finding unused cells or wires in module \Control..
Finding unused cells or wires in module \EX_MEM_reg..
Finding unused cells or wires in module \Forwarding_Unit..
Finding unused cells or wires in module \Hazard_Detection_Unit..
Finding unused cells or wires in module \ID_EX_reg..
Finding unused cells or wires in module \IF_ID_reg..
Finding unused cells or wires in module \ImmGen..
Finding unused cells or wires in module \MEM_WB_reg..
Finding unused cells or wires in module \MUX_2_1..
Finding unused cells or wires in module \PC..
Finding unused cells or wires in module \PC_next..
Finding unused cells or wires in module \RISC_V_pipe_line..
Finding unused cells or wires in module \Register..

7.7. Executing MEMORY_SHARE pass (consolidating $memrd/$memwr cells).
Consolidating read ports of memory Register.Register by address:

7.8. Executing OPT_MEM_WIDEN pass (optimize memories where all ports are wide).
Performed a total of 0 transformations.

7.9. Executing OPT_CLEAN pass (remove unused cells and wires).
Finding unused cells or wires in module \ALU..
Finding unused cells or wires in module \ALU_control..
Finding unused cells or wires in module \Branch_Target_Buffer..
Finding unused cells or wires in module \Control..
Finding unused cells or wires in module \EX_MEM_reg..
Finding unused cells or wires in module \Forwarding_Unit..
Finding unused cells or wires in module \Hazard_Detection_Unit..
Finding unused cells or wires in module \ID_EX_reg..
Finding unused cells or wires in module \IF_ID_reg..
Finding unused cells or wires in module \ImmGen..
Finding unused cells or wires in module \MEM_WB_reg..
Finding unused cells or wires in module \MUX_2_1..
Finding unused cells or wires in module \PC..
Finding unused cells or wires in module \PC_next..
Finding unused cells or wires in module \RISC_V_pipe_line..
Finding unused cells or wires in module \Register..

7.10. Executing MEMORY_COLLECT pass (generating $mem cells).

7.11. Executing MEMORY_MAP pass (converting memories to logic and flip-flops).
Mapping memory \Register in module \Register:
  created 32 $dff cells and 0 static cells of width 64.
  read interface: 0 $dff and 62 $mux cells.
  write interface: 32 write mux blocks.

8. Executing OPT pass (performing simple optimizations).

8.1. Executing OPT_EXPR pass (perform const folding).
Optimizing module ALU.
Optimizing module ALU_control.
Optimizing module Branch_Target_Buffer.
Optimizing module Control.
Optimizing module EX_MEM_reg.
Optimizing module Forwarding_Unit.
Optimizing module Hazard_Detection_Unit.
Optimizing module ID_EX_reg.
Optimizing module IF_ID_reg.
Optimizing module ImmGen.
Optimizing module MEM_WB_reg.
Optimizing module MUX_2_1.
Optimizing module PC.
Optimizing module PC_next.
Optimizing module RISC_V_pipe_line.
Optimizing module Register.
<suppressed ~10 debug messages>

8.2. Executing OPT_MERGE pass (detect identical cells).
Finding identical cells in module `\ALU'.
Finding identical cells in module `\ALU_control'.
Finding identical cells in module `\Branch_Target_Buffer'.
Finding identical cells in module `\Control'.
Finding identical cells in module `\EX_MEM_reg'.
Finding identical cells in module `\Forwarding_Unit'.
Finding identical cells in module `\Hazard_Detection_Unit'.
Finding identical cells in module `\ID_EX_reg'.
Finding identical cells in module `\IF_ID_reg'.
Finding identical cells in module `\ImmGen'.
Finding identical cells in module `\MEM_WB_reg'.
Finding identical cells in module `\MUX_2_1'.
Finding identical cells in module `\PC'.
Finding identical cells in module `\PC_next'.
Finding identical cells in module `\RISC_V_pipe_line'.
Finding identical cells in module `\Register'.
Removed a total of 0 cells.

8.3. Executing OPT_MUXTREE pass (detect dead branches in mux trees).
Running muxtree optimizer on module \ALU..
  Creating internal representation of mux trees.
  Evaluating internal representation of mux trees.
  Analyzing evaluation results.
Running muxtree optimizer on module \ALU_control..
  Creating internal representation of mux trees.
  Evaluating internal representation of mux trees.
  Analyzing evaluation results.
Running muxtree optimizer on module \Branch_Target_Buffer..
  Creating internal representation of mux trees.
  Evaluating internal representation of mux trees.
  Analyzing evaluation results.
Running muxtree optimizer on module \Control..
  Creating internal representation of mux trees.
  Evaluating internal representation of mux trees.
  Analyzing evaluation results.
Running muxtree optimizer on module \EX_MEM_reg..
  Creating internal representation of mux trees.
  Evaluating internal representation of mux trees.
  Analyzing evaluation results.
Running muxtree optimizer on module \Forwarding_Unit..
  Creating internal representation of mux trees.
  Evaluating internal representation of mux trees.
  Analyzing evaluation results.
Running muxtree optimizer on module \Hazard_Detection_Unit..
  Creating internal representation of mux trees.
  Evaluating internal representation of mux trees.
  Analyzing evaluation results.
Running muxtree optimizer on module \ID_EX_reg..
  Creating internal representation of mux trees.
  Evaluating internal representation of mux trees.
  Analyzing evaluation results.
Running muxtree optimizer on module \IF_ID_reg..
  Creating internal representation of mux trees.
  Evaluating internal representation of mux trees.
  Analyzing evaluation results.
Running muxtree optimizer on module \ImmGen..
  Creating internal representation of mux trees.
  Evaluating internal representation of mux trees.
  Analyzing evaluation results.
Running muxtree optimizer on module \MEM_WB_reg..
  Creating internal representation of mux trees.
  Evaluating internal representation of mux trees.
  Analyzing evaluation results.
Running muxtree optimizer on module \MUX_2_1..
  Creating internal representation of mux trees.
  Evaluating internal representation of mux trees.
  Analyzing evaluation results.
Running muxtree optimizer on module \PC..
  Creating internal representation of mux trees.
  Evaluating internal representation of mux trees.
  Analyzing evaluation results.
Running muxtree optimizer on module \PC_next..
  Creating internal representation of mux trees.
  Evaluating internal representation of mux trees.
  Analyzing evaluation results.
Running muxtree optimizer on module \RISC_V_pipe_line..
  Creating internal representation of mux trees.
  Evaluating internal representation of mux trees.
  Analyzing evaluation results.
Running muxtree optimizer on module \Register..
  Creating internal representation of mux trees.
  Evaluating internal representation of mux trees.
  Analyzing evaluation results.
Removed 0 multiplexer ports.
<suppressed ~69 debug messages>

8.4. Executing OPT_REDUCE pass (consolidate $*mux and $reduce_* inputs).
  Optimizing cells in module \ALU.
  Optimizing cells in module \ALU_control.
  Optimizing cells in module \Branch_Target_Buffer.
  Optimizing cells in module \Control.
  Optimizing cells in module \EX_MEM_reg.
  Optimizing cells in module \Forwarding_Unit.
  Optimizing cells in module \Hazard_Detection_Unit.
  Optimizing cells in module \ID_EX_reg.
  Optimizing cells in module \IF_ID_reg.
  Optimizing cells in module \ImmGen.
  Optimizing cells in module \MEM_WB_reg.
  Optimizing cells in module \MUX_2_1.
  Optimizing cells in module \PC.
  Optimizing cells in module \PC_next.
  Optimizing cells in module \RISC_V_pipe_line.
  Optimizing cells in module \Register.
Performed a total of 0 changes.

8.5. Executing OPT_MERGE pass (detect identical cells).
Finding identical cells in module `\ALU'.
Finding identical cells in module `\ALU_control'.
Finding identical cells in module `\Branch_Target_Buffer'.
Finding identical cells in module `\Control'.
Finding identical cells in module `\EX_MEM_reg'.
Finding identical cells in module `\Forwarding_Unit'.
Finding identical cells in module `\Hazard_Detection_Unit'.
Finding identical cells in module `\ID_EX_reg'.
Finding identical cells in module `\IF_ID_reg'.
Finding identical cells in module `\ImmGen'.
Finding identical cells in module `\MEM_WB_reg'.
Finding identical cells in module `\MUX_2_1'.
Finding identical cells in module `\PC'.
Finding identical cells in module `\PC_next'.
Finding identical cells in module `\RISC_V_pipe_line'.
Finding identical cells in module `\Register'.
Removed a total of 0 cells.

8.6. Executing OPT_DFF pass (perform DFF optimizations).

8.7. Executing OPT_CLEAN pass (remove unused cells and wires).
Finding unused cells or wires in module \ALU..
Finding unused cells or wires in module \ALU_control..
Finding unused cells or wires in module \Branch_Target_Buffer..
Finding unused cells or wires in module \Control..
Finding unused cells or wires in module \EX_MEM_reg..
Finding unused cells or wires in module \Forwarding_Unit..
Finding unused cells or wires in module \Hazard_Detection_Unit..
Finding unused cells or wires in module \ID_EX_reg..
Finding unused cells or wires in module \IF_ID_reg..
Finding unused cells or wires in module \ImmGen..
Finding unused cells or wires in module \MEM_WB_reg..
Finding unused cells or wires in module \MUX_2_1..
Finding unused cells or wires in module \PC..
Finding unused cells or wires in module \PC_next..
Finding unused cells or wires in module \RISC_V_pipe_line..
Finding unused cells or wires in module \Register..
Removed 0 unused cells and 101 unused wires.
<suppressed ~1 debug messages>

8.8. Executing OPT_EXPR pass (perform const folding).
Optimizing module ALU.
Optimizing module ALU_control.
Optimizing module Branch_Target_Buffer.
Optimizing module Control.
Optimizing module EX_MEM_reg.
Optimizing module Forwarding_Unit.
Optimizing module Hazard_Detection_Unit.
Optimizing module ID_EX_reg.
Optimizing module IF_ID_reg.
Optimizing module ImmGen.
Optimizing module MEM_WB_reg.
Optimizing module MUX_2_1.
Optimizing module PC.
Optimizing module PC_next.
Optimizing module RISC_V_pipe_line.
Optimizing module Register.

8.9. Rerunning OPT passes. (Maybe there is more to do..)

8.10. Executing OPT_MUXTREE pass (detect dead branches in mux trees).
Running muxtree optimizer on module \ALU..
  Creating internal representation of mux trees.
  Evaluating internal representation of mux trees.
  Analyzing evaluation results.
Running muxtree optimizer on module \ALU_control..
  Creating internal representation of mux trees.
  Evaluating internal representation of mux trees.
  Analyzing evaluation results.
Running muxtree optimizer on module \Branch_Target_Buffer..
  Creating internal representation of mux trees.
  Evaluating internal representation of mux trees.
  Analyzing evaluation results.
Running muxtree optimizer on module \Control..
  Creating internal representation of mux trees.
  Evaluating internal representation of mux trees.
  Analyzing evaluation results.
Running muxtree optimizer on module \EX_MEM_reg..
  Creating internal representation of mux trees.
  Evaluating internal representation of mux trees.
  Analyzing evaluation results.
Running muxtree optimizer on module \Forwarding_Unit..
  Creating internal representation of mux trees.
  Evaluating internal representation of mux trees.
  Analyzing evaluation results.
Running muxtree optimizer on module \Hazard_Detection_Unit..
  Creating internal representation of mux trees.
  Evaluating internal representation of mux trees.
  Analyzing evaluation results.
Running muxtree optimizer on module \ID_EX_reg..
  Creating internal representation of mux trees.
  Evaluating internal representation of mux trees.
  Analyzing evaluation results.
Running muxtree optimizer on module \IF_ID_reg..
  Creating internal representation of mux trees.
  Evaluating internal representation of mux trees.
  Analyzing evaluation results.
Running muxtree optimizer on module \ImmGen..
  Creating internal representation of mux trees.
  Evaluating internal representation of mux trees.
  Analyzing evaluation results.
Running muxtree optimizer on module \MEM_WB_reg..
  Creating internal representation of mux trees.
  Evaluating internal representation of mux trees.
  Analyzing evaluation results.
Running muxtree optimizer on module \MUX_2_1..
  Creating internal representation of mux trees.
  Evaluating internal representation of mux trees.
  Analyzing evaluation results.
Running muxtree optimizer on module \PC..
  Creating internal representation of mux trees.
  Evaluating internal representation of mux trees.
  Analyzing evaluation results.
Running muxtree optimizer on module \PC_next..
  Creating internal representation of mux trees.
  Evaluating internal representation of mux trees.
  Analyzing evaluation results.
Running muxtree optimizer on module \RISC_V_pipe_line..
  Creating internal representation of mux trees.
  Evaluating internal representation of mux trees.
  Analyzing evaluation results.
Running muxtree optimizer on module \Register..
  Creating internal representation of mux trees.
  Evaluating internal representation of mux trees.
  Analyzing evaluation results.
Removed 0 multiplexer ports.
<suppressed ~69 debug messages>

8.11. Executing OPT_REDUCE pass (consolidate $*mux and $reduce_* inputs).
  Optimizing cells in module \ALU.
  Optimizing cells in module \ALU_control.
  Optimizing cells in module \Branch_Target_Buffer.
  Optimizing cells in module \Control.
  Optimizing cells in module \EX_MEM_reg.
  Optimizing cells in module \Forwarding_Unit.
  Optimizing cells in module \Hazard_Detection_Unit.
  Optimizing cells in module \ID_EX_reg.
  Optimizing cells in module \IF_ID_reg.
  Optimizing cells in module \ImmGen.
  Optimizing cells in module \MEM_WB_reg.
  Optimizing cells in module \MUX_2_1.
  Optimizing cells in module \PC.
  Optimizing cells in module \PC_next.
  Optimizing cells in module \RISC_V_pipe_line.
  Optimizing cells in module \Register.
Performed a total of 0 changes.

8.12. Executing OPT_MERGE pass (detect identical cells).
Finding identical cells in module `\ALU'.
Finding identical cells in module `\ALU_control'.
Finding identical cells in module `\Branch_Target_Buffer'.
Finding identical cells in module `\Control'.
Finding identical cells in module `\EX_MEM_reg'.
Finding identical cells in module `\Forwarding_Unit'.
Finding identical cells in module `\Hazard_Detection_Unit'.
Finding identical cells in module `\ID_EX_reg'.
Finding identical cells in module `\IF_ID_reg'.
Finding identical cells in module `\ImmGen'.
Finding identical cells in module `\MEM_WB_reg'.
Finding identical cells in module `\MUX_2_1'.
Finding identical cells in module `\PC'.
Finding identical cells in module `\PC_next'.
Finding identical cells in module `\RISC_V_pipe_line'.
Finding identical cells in module `\Register'.
Removed a total of 0 cells.

8.13. Executing OPT_DFF pass (perform DFF optimizations).
Adding EN signal on $memory\Register[9]$1585 ($dff) from module Register (D = $0$memwr$\Register$riscv_core_flat.v:870$144_DATA[63:0]$159, Q = \Register[9]).
Adding EN signal on $memory\Register[8]$1583 ($dff) from module Register (D = $0$memwr$\Register$riscv_core_flat.v:870$144_DATA[63:0]$159, Q = \Register[8]).
Adding EN signal on $memory\Register[7]$1581 ($dff) from module Register (D = $0$memwr$\Register$riscv_core_flat.v:870$144_DATA[63:0]$159, Q = \Register[7]).
Adding EN signal on $memory\Register[6]$1579 ($dff) from module Register (D = $0$memwr$\Register$riscv_core_flat.v:870$144_DATA[63:0]$159, Q = \Register[6]).
Adding EN signal on $memory\Register[5]$1577 ($dff) from module Register (D = $0$memwr$\Register$riscv_core_flat.v:870$144_DATA[63:0]$159, Q = \Register[5]).
Adding EN signal on $memory\Register[4]$1575 ($dff) from module Register (D = $0$memwr$\Register$riscv_core_flat.v:870$144_DATA[63:0]$159, Q = \Register[4]).
Adding EN signal on $memory\Register[3]$1573 ($dff) from module Register (D = $0$memwr$\Register$riscv_core_flat.v:870$144_DATA[63:0]$159, Q = \Register[3]).
Adding EN signal on $memory\Register[31]$1629 ($dff) from module Register (D = $0$memwr$\Register$riscv_core_flat.v:870$144_DATA[63:0]$159, Q = \Register[31]).
Adding EN signal on $memory\Register[30]$1627 ($dff) from module Register (D = $0$memwr$\Register$riscv_core_flat.v:870$144_DATA[63:0]$159, Q = \Register[30]).
Adding EN signal on $memory\Register[2]$1571 ($dff) from module Register (D = $0$memwr$\Register$riscv_core_flat.v:870$144_DATA[63:0]$159, Q = \Register[2]).
Adding EN signal on $memory\Register[29]$1625 ($dff) from module Register (D = $0$memwr$\Register$riscv_core_flat.v:870$144_DATA[63:0]$159, Q = \Register[29]).
Adding EN signal on $memory\Register[28]$1623 ($dff) from module Register (D = $0$memwr$\Register$riscv_core_flat.v:870$144_DATA[63:0]$159, Q = \Register[28]).
Adding EN signal on $memory\Register[27]$1621 ($dff) from module Register (D = $0$memwr$\Register$riscv_core_flat.v:870$144_DATA[63:0]$159, Q = \Register[27]).
Adding EN signal on $memory\Register[26]$1619 ($dff) from module Register (D = $0$memwr$\Register$riscv_core_flat.v:870$144_DATA[63:0]$159, Q = \Register[26]).
Adding EN signal on $memory\Register[25]$1617 ($dff) from module Register (D = $0$memwr$\Register$riscv_core_flat.v:870$144_DATA[63:0]$159, Q = \Register[25]).
Adding EN signal on $memory\Register[24]$1615 ($dff) from module Register (D = $0$memwr$\Register$riscv_core_flat.v:870$144_DATA[63:0]$159, Q = \Register[24]).
Adding EN signal on $memory\Register[23]$1613 ($dff) from module Register (D = $0$memwr$\Register$riscv_core_flat.v:870$144_DATA[63:0]$159, Q = \Register[23]).
Adding EN signal on $memory\Register[22]$1611 ($dff) from module Register (D = $0$memwr$\Register$riscv_core_flat.v:870$144_DATA[63:0]$159, Q = \Register[22]).
Adding EN signal on $memory\Register[21]$1609 ($dff) from module Register (D = $0$memwr$\Register$riscv_core_flat.v:870$144_DATA[63:0]$159, Q = \Register[21]).
Adding EN signal on $memory\Register[20]$1607 ($dff) from module Register (D = $0$memwr$\Register$riscv_core_flat.v:870$144_DATA[63:0]$159, Q = \Register[20]).
Adding EN signal on $memory\Register[1]$1569 ($dff) from module Register (D = $0$memwr$\Register$riscv_core_flat.v:870$144_DATA[63:0]$159, Q = \Register[1]).
Adding EN signal on $memory\Register[19]$1605 ($dff) from module Register (D = $0$memwr$\Register$riscv_core_flat.v:870$144_DATA[63:0]$159, Q = \Register[19]).
Adding EN signal on $memory\Register[18]$1603 ($dff) from module Register (D = $0$memwr$\Register$riscv_core_flat.v:870$144_DATA[63:0]$159, Q = \Register[18]).
Adding EN signal on $memory\Register[17]$1601 ($dff) from module Register (D = $0$memwr$\Register$riscv_core_flat.v:870$144_DATA[63:0]$159, Q = \Register[17]).
Adding EN signal on $memory\Register[16]$1599 ($dff) from module Register (D = $0$memwr$\Register$riscv_core_flat.v:870$144_DATA[63:0]$159, Q = \Register[16]).
Adding EN signal on $memory\Register[15]$1597 ($dff) from module Register (D = $0$memwr$\Register$riscv_core_flat.v:870$144_DATA[63:0]$159, Q = \Register[15]).
Adding EN signal on $memory\Register[14]$1595 ($dff) from module Register (D = $0$memwr$\Register$riscv_core_flat.v:870$144_DATA[63:0]$159, Q = \Register[14]).
Adding EN signal on $memory\Register[13]$1593 ($dff) from module Register (D = $0$memwr$\Register$riscv_core_flat.v:870$144_DATA[63:0]$159, Q = \Register[13]).
Adding EN signal on $memory\Register[12]$1591 ($dff) from module Register (D = $0$memwr$\Register$riscv_core_flat.v:870$144_DATA[63:0]$159, Q = \Register[12]).
Adding EN signal on $memory\Register[11]$1589 ($dff) from module Register (D = $0$memwr$\Register$riscv_core_flat.v:870$144_DATA[63:0]$159, Q = \Register[11]).
Adding EN signal on $memory\Register[10]$1587 ($dff) from module Register (D = $0$memwr$\Register$riscv_core_flat.v:870$144_DATA[63:0]$159, Q = \Register[10]).
Adding EN signal on $memory\Register[0]$1567 ($dff) from module Register (D = $0$memwr$\Register$riscv_core_flat.v:870$144_DATA[63:0]$159, Q = \Register[0]).

8.14. Executing OPT_CLEAN pass (remove unused cells and wires).
Finding unused cells or wires in module \ALU..
Finding unused cells or wires in module \ALU_control..
Finding unused cells or wires in module \Branch_Target_Buffer..
Finding unused cells or wires in module \Control..
Finding unused cells or wires in module \EX_MEM_reg..
Finding unused cells or wires in module \Forwarding_Unit..
Finding unused cells or wires in module \Hazard_Detection_Unit..
Finding unused cells or wires in module \ID_EX_reg..
Finding unused cells or wires in module \IF_ID_reg..
Finding unused cells or wires in module \ImmGen..
Finding unused cells or wires in module \MEM_WB_reg..
Finding unused cells or wires in module \MUX_2_1..
Finding unused cells or wires in module \PC..
Finding unused cells or wires in module \PC_next..
Finding unused cells or wires in module \RISC_V_pipe_line..
Finding unused cells or wires in module \Register..
Removed 32 unused cells and 32 unused wires.
<suppressed ~33 debug messages>

8.15. Executing OPT_EXPR pass (perform const folding).
Optimizing module ALU.
Optimizing module ALU_control.
Optimizing module Branch_Target_Buffer.
Optimizing module Control.
Optimizing module EX_MEM_reg.
Optimizing module Forwarding_Unit.
Optimizing module Hazard_Detection_Unit.
Optimizing module ID_EX_reg.
Optimizing module IF_ID_reg.
Optimizing module ImmGen.
Optimizing module MEM_WB_reg.
Optimizing module MUX_2_1.
Optimizing module PC.
Optimizing module PC_next.
Optimizing module RISC_V_pipe_line.
Optimizing module Register.

8.16. Rerunning OPT passes. (Maybe there is more to do..)

8.17. Executing OPT_MUXTREE pass (detect dead branches in mux trees).
Running muxtree optimizer on module \ALU..
  Creating internal representation of mux trees.
  Evaluating internal representation of mux trees.
  Analyzing evaluation results.
Running muxtree optimizer on module \ALU_control..
  Creating internal representation of mux trees.
  Evaluating internal representation of mux trees.
  Analyzing evaluation results.
Running muxtree optimizer on module \Branch_Target_Buffer..
  Creating internal representation of mux trees.
  Evaluating internal representation of mux trees.
  Analyzing evaluation results.
Running muxtree optimizer on module \Control..
  Creating internal representation of mux trees.
  Evaluating internal representation of mux trees.
  Analyzing evaluation results.
Running muxtree optimizer on module \EX_MEM_reg..
  Creating internal representation of mux trees.
  Evaluating internal representation of mux trees.
  Analyzing evaluation results.
Running muxtree optimizer on module \Forwarding_Unit..
  Creating internal representation of mux trees.
  Evaluating internal representation of mux trees.
  Analyzing evaluation results.
Running muxtree optimizer on module \Hazard_Detection_Unit..
  Creating internal representation of mux trees.
  Evaluating internal representation of mux trees.
  Analyzing evaluation results.
Running muxtree optimizer on module \ID_EX_reg..
  Creating internal representation of mux trees.
  Evaluating internal representation of mux trees.
  Analyzing evaluation results.
Running muxtree optimizer on module \IF_ID_reg..
  Creating internal representation of mux trees.
  Evaluating internal representation of mux trees.
  Analyzing evaluation results.
Running muxtree optimizer on module \ImmGen..
  Creating internal representation of mux trees.
  Evaluating internal representation of mux trees.
  Analyzing evaluation results.
Running muxtree optimizer on module \MEM_WB_reg..
  Creating internal representation of mux trees.
  Evaluating internal representation of mux trees.
  Analyzing evaluation results.
Running muxtree optimizer on module \MUX_2_1..
  Creating internal representation of mux trees.
  Evaluating internal representation of mux trees.
  Analyzing evaluation results.
Running muxtree optimizer on module \PC..
  Creating internal representation of mux trees.
  Evaluating internal representation of mux trees.
  Analyzing evaluation results.
Running muxtree optimizer on module \PC_next..
  Creating internal representation of mux trees.
  Evaluating internal representation of mux trees.
  Analyzing evaluation results.
Running muxtree optimizer on module \RISC_V_pipe_line..
  Creating internal representation of mux trees.
  Evaluating internal representation of mux trees.
  Analyzing evaluation results.
Running muxtree optimizer on module \Register..
  Creating internal representation of mux trees.
  Evaluating internal representation of mux trees.
  Analyzing evaluation results.
Removed 0 multiplexer ports.
<suppressed ~37 debug messages>

8.18. Executing OPT_REDUCE pass (consolidate $*mux and $reduce_* inputs).
  Optimizing cells in module \ALU.
  Optimizing cells in module \ALU_control.
  Optimizing cells in module \Branch_Target_Buffer.
  Optimizing cells in module \Control.
  Optimizing cells in module \EX_MEM_reg.
  Optimizing cells in module \Forwarding_Unit.
  Optimizing cells in module \Hazard_Detection_Unit.
  Optimizing cells in module \ID_EX_reg.
  Optimizing cells in module \IF_ID_reg.
  Optimizing cells in module \ImmGen.
  Optimizing cells in module \MEM_WB_reg.
  Optimizing cells in module \MUX_2_1.
  Optimizing cells in module \PC.
  Optimizing cells in module \PC_next.
  Optimizing cells in module \RISC_V_pipe_line.
  Optimizing cells in module \Register.
Performed a total of 0 changes.

8.19. Executing OPT_MERGE pass (detect identical cells).
Finding identical cells in module `\ALU'.
Finding identical cells in module `\ALU_control'.
Finding identical cells in module `\Branch_Target_Buffer'.
Finding identical cells in module `\Control'.
Finding identical cells in module `\EX_MEM_reg'.
Finding identical cells in module `\Forwarding_Unit'.
Finding identical cells in module `\Hazard_Detection_Unit'.
Finding identical cells in module `\ID_EX_reg'.
Finding identical cells in module `\IF_ID_reg'.
Finding identical cells in module `\ImmGen'.
Finding identical cells in module `\MEM_WB_reg'.
Finding identical cells in module `\MUX_2_1'.
Finding identical cells in module `\PC'.
Finding identical cells in module `\PC_next'.
Finding identical cells in module `\RISC_V_pipe_line'.
Finding identical cells in module `\Register'.
Removed a total of 0 cells.

8.20. Executing OPT_DFF pass (perform DFF optimizations).

8.21. Executing OPT_CLEAN pass (remove unused cells and wires).
Finding unused cells or wires in module \ALU..
Finding unused cells or wires in module \ALU_control..
Finding unused cells or wires in module \Branch_Target_Buffer..
Finding unused cells or wires in module \Control..
Finding unused cells or wires in module \EX_MEM_reg..
Finding unused cells or wires in module \Forwarding_Unit..
Finding unused cells or wires in module \Hazard_Detection_Unit..
Finding unused cells or wires in module \ID_EX_reg..
Finding unused cells or wires in module \IF_ID_reg..
Finding unused cells or wires in module \ImmGen..
Finding unused cells or wires in module \MEM_WB_reg..
Finding unused cells or wires in module \MUX_2_1..
Finding unused cells or wires in module \PC..
Finding unused cells or wires in module \PC_next..
Finding unused cells or wires in module \RISC_V_pipe_line..
Finding unused cells or wires in module \Register..

8.22. Executing OPT_EXPR pass (perform const folding).
Optimizing module ALU.
Optimizing module ALU_control.
Optimizing module Branch_Target_Buffer.
Optimizing module Control.
Optimizing module EX_MEM_reg.
Optimizing module Forwarding_Unit.
Optimizing module Hazard_Detection_Unit.
Optimizing module ID_EX_reg.
Optimizing module IF_ID_reg.
Optimizing module ImmGen.
Optimizing module MEM_WB_reg.
Optimizing module MUX_2_1.
Optimizing module PC.
Optimizing module PC_next.
Optimizing module RISC_V_pipe_line.
Optimizing module Register.

8.23. Finished OPT passes. (There is nothing left to do.)

9. Executing TECHMAP pass (map to technology primitives).

9.1. Executing Verilog-2005 frontend: /usr/bin/../share/yosys/techmap.v
Parsing Verilog input from `/usr/bin/../share/yosys/techmap.v' to AST representation.
Generating RTLIL representation for module `\_90_simplemap_bool_ops'.
Generating RTLIL representation for module `\_90_simplemap_reduce_ops'.
Generating RTLIL representation for module `\_90_simplemap_logic_ops'.
Generating RTLIL representation for module `\_90_simplemap_compare_ops'.
Generating RTLIL representation for module `\_90_simplemap_various'.
Generating RTLIL representation for module `\_90_simplemap_registers'.
Generating RTLIL representation for module `\_90_shift_ops_shr_shl_sshl_sshr'.
Generating RTLIL representation for module `\_90_shift_shiftx'.
Generating RTLIL representation for module `\_90_fa'.
Generating RTLIL representation for module `\_90_lcu'.
Generating RTLIL representation for module `\_90_alu'.
Generating RTLIL representation for module `\_90_macc'.
Generating RTLIL representation for module `\_90_alumacc'.
Generating RTLIL representation for module `\$__div_mod_u'.
Generating RTLIL representation for module `\$__div_mod_trunc'.
Generating RTLIL representation for module `\_90_div'.
Generating RTLIL representation for module `\_90_mod'.
Generating RTLIL representation for module `\$__div_mod_floor'.
Generating RTLIL representation for module `\_90_divfloor'.
Generating RTLIL representation for module `\_90_modfloor'.
Generating RTLIL representation for module `\_90_pow'.
Generating RTLIL representation for module `\_90_pmux'.
Generating RTLIL representation for module `\_90_demux'.
Generating RTLIL representation for module `\_90_lut'.
Successfully finished Verilog frontend.

9.2. Continuing TECHMAP pass.
Using extmapper simplemap for cells of type $mux.
Using extmapper simplemap for cells of type $dffe.
Using extmapper simplemap for cells of type $and.
Using extmapper simplemap for cells of type $logic_not.
Using extmapper simplemap for cells of type $eq.
Using extmapper simplemap for cells of type $logic_and.
Using extmapper simplemap for cells of type $reduce_bool.
Using extmapper simplemap for cells of type $not.
Using extmapper simplemap for cells of type $ne.
Using extmapper simplemap for cells of type $logic_or.
Running "alumacc" on wrapper $extern:wrap:$add:A_SIGNED=0:A_WIDTH=64:B_SIGNED=0:B_WIDTH=64:Y_WIDTH=64:394426c56d1a028ba8fdd5469b163e04011def47.
Using template $extern:wrap:$add:A_SIGNED=0:A_WIDTH=64:B_SIGNED=0:B_WIDTH=64:Y_WIDTH=64:394426c56d1a028ba8fdd5469b163e04011def47 for cells of type $extern:wrap:$add:A_SIGNED=0:A_WIDTH=64:B_SIGNED=0:B_WIDTH=64:Y_WIDTH=64:394426c56d1a028ba8fdd5469b163e04011def47.
Using template $paramod$039520c137afc9cd69dd56c3fb11a4e1fbe5f664\_90_alu for cells of type $alu.
Using extmapper simplemap for cells of type $xor.
Using template $paramod\_90_lcu\WIDTH=32'00000000000000000000000001000000 for cells of type $lcu.
Using extmapper simplemap for cells of type $pos.
Using extmapper simplemap for cells of type $or.
Using template $paramod$eaeb96106163dbf82031649d189817109fe07c69\_90_pmux for cells of type $pmux.
Using extmapper simplemap for cells of type $reduce_or.
Using extmapper simplemap for cells of type $adffe.
Using template $paramod$54a4503cc57b9df40b70c1899504d6aac2650719\_90_pmux for cells of type $pmux.
Using extmapper simplemap for cells of type $reduce_and.
Using template $paramod$9812646160ec3bf70d608c99083cc0a1f936e62f\_90_pmux for cells of type $pmux.
Using template $paramod$afdc80e2f04748725c75012ea618134441170241\_90_pmux for cells of type $pmux.
Using template $paramod$dd027935b718ba01912927a4c3f843d942a6b749\_90_pmux for cells of type $pmux.
Using template $paramod$60e8138c14f9daeb5369878e57f9a804623b8bc8\_90_pmux for cells of type $pmux.
Using template $paramod$73c1c7322faaaa595331a8d8d336d7d573593385\_90_pmux for cells of type $pmux.
Running "alumacc" on wrapper $extern:wrap:$add:A_SIGNED=0:A_WIDTH=65:B_SIGNED=0:B_WIDTH=65:Y_WIDTH=65:394426c56d1a028ba8fdd5469b163e04011def47.
Using template $extern:wrap:$add:A_SIGNED=0:A_WIDTH=65:B_SIGNED=0:B_WIDTH=65:Y_WIDTH=65:394426c56d1a028ba8fdd5469b163e04011def47 for cells of type $extern:wrap:$add:A_SIGNED=0:A_WIDTH=65:B_SIGNED=0:B_WIDTH=65:Y_WIDTH=65:394426c56d1a028ba8fdd5469b163e04011def47.
Running "alumacc" on wrapper $extern:wrap:$lt:A_SIGNED=1:A_WIDTH=64:B_SIGNED=1:B_WIDTH=64:Y_WIDTH=1:394426c56d1a028ba8fdd5469b163e04011def47.
Using template $extern:wrap:$lt:A_SIGNED=1:A_WIDTH=64:B_SIGNED=1:B_WIDTH=64:Y_WIDTH=1:394426c56d1a028ba8fdd5469b163e04011def47 for cells of type $extern:wrap:$lt:A_SIGNED=1:A_WIDTH=64:B_SIGNED=1:B_WIDTH=64:Y_WIDTH=1:394426c56d1a028ba8fdd5469b163e04011def47.
Using template $paramod$constmap:1204d75111519242e575dcb30fa45503aa301e66$paramod$a38ca63589d5073c040497f4afd2c2746e4720be\_90_shift_ops_shr_shl_sshl_sshr for cells of type $shr.
Using template $paramod$constmap:1204d75111519242e575dcb30fa45503aa301e66$paramod$88eea8db8954ba064a2e8671fc71d372945341cd\_90_shift_ops_shr_shl_sshl_sshr for cells of type $sshr.
Using template $paramod$constmap:1204d75111519242e575dcb30fa45503aa301e66$paramod$da1b9d25017ab9fffdd54bedbb1540b15f92e8df\_90_shift_ops_shr_shl_sshl_sshr for cells of type $shl.
Running "alumacc" on wrapper $extern:wrap:$lt:A_SIGNED=0:A_WIDTH=64:B_SIGNED=0:B_WIDTH=64:Y_WIDTH=1:394426c56d1a028ba8fdd5469b163e04011def47.
Using template $extern:wrap:$lt:A_SIGNED=0:A_WIDTH=64:B_SIGNED=0:B_WIDTH=64:Y_WIDTH=1:394426c56d1a028ba8fdd5469b163e04011def47 for cells of type $extern:wrap:$lt:A_SIGNED=0:A_WIDTH=64:B_SIGNED=0:B_WIDTH=64:Y_WIDTH=1:394426c56d1a028ba8fdd5469b163e04011def47.
Using template $paramod$c5c783b17ab1d780abfad8cfe6563a0a7b47a3b0\_90_pmux for cells of type $pmux.
Using template $paramod$4cb17d87b0f09c1eb6b9753d8eb0fb7289e10664\_90_pmux for cells of type $pmux.
Using template $paramod$eea3ba9f46bf8f651c66fe7eea33370a4cb078d8\_90_alu for cells of type $alu.
Using template $paramod$c902248951c526246774c2c266eae0951dd5fd6e\_90_alu for cells of type $alu.
Using template $paramod\_90_lcu\WIDTH=32'00000000000000000000000001000001 for cells of type $lcu.
No more expansions possible.
<suppressed ~6436 debug messages>

10. Executing OPT pass (performing simple optimizations).

10.1. Executing OPT_EXPR pass (perform const folding).
Optimizing module ALU.
<suppressed ~1207 debug messages>
Optimizing module ALU_control.
<suppressed ~134 debug messages>
Optimizing module Branch_Target_Buffer.
<suppressed ~121 debug messages>
Optimizing module Control.
<suppressed ~248 debug messages>
Optimizing module EX_MEM_reg.
Optimizing module Forwarding_Unit.
<suppressed ~6 debug messages>
Optimizing module Hazard_Detection_Unit.
<suppressed ~2 debug messages>
Optimizing module ID_EX_reg.
Optimizing module IF_ID_reg.
Optimizing module ImmGen.
<suppressed ~91 debug messages>
Optimizing module MEM_WB_reg.
Optimizing module MUX_2_1.
<suppressed ~65 debug messages>
Optimizing module PC.
<suppressed ~377 debug messages>
Optimizing module PC_next.
<suppressed ~83 debug messages>
Optimizing module RISC_V_pipe_line.
<suppressed ~642 debug messages>
Optimizing module Register.
<suppressed ~129 debug messages>

10.2. Executing OPT_MERGE pass (detect identical cells).
Finding identical cells in module `\ALU'.
<suppressed ~3687 debug messages>
Finding identical cells in module `\ALU_control'.
<suppressed ~138 debug messages>
Finding identical cells in module `\Branch_Target_Buffer'.
<suppressed ~447 debug messages>
Finding identical cells in module `\Control'.
<suppressed ~255 debug messages>
Finding identical cells in module `\EX_MEM_reg'.
Finding identical cells in module `\Forwarding_Unit'.
Finding identical cells in module `\Hazard_Detection_Unit'.
Finding identical cells in module `\ID_EX_reg'.
Finding identical cells in module `\IF_ID_reg'.
Finding identical cells in module `\ImmGen'.
<suppressed ~1395 debug messages>
Finding identical cells in module `\MEM_WB_reg'.
Finding identical cells in module `\MUX_2_1'.
Finding identical cells in module `\PC'.
<suppressed ~3 debug messages>
Finding identical cells in module `\PC_next'.
<suppressed ~24 debug messages>
Finding identical cells in module `\RISC_V_pipe_line'.
<suppressed ~3 debug messages>
Finding identical cells in module `\Register'.
Removed a total of 1984 cells.

10.3. Executing OPT_MUXTREE pass (detect dead branches in mux trees).
Running muxtree optimizer on module \ALU..
  Creating internal representation of mux trees.
  No muxes found in this module.
Running muxtree optimizer on module \ALU_control..
  Creating internal representation of mux trees.
  No muxes found in this module.
Running muxtree optimizer on module \Branch_Target_Buffer..
  Creating internal representation of mux trees.
  No muxes found in this module.
Running muxtree optimizer on module \Control..
  Creating internal representation of mux trees.
  No muxes found in this module.
Running muxtree optimizer on module \EX_MEM_reg..
  Creating internal representation of mux trees.
  No muxes found in this module.
Running muxtree optimizer on module \Forwarding_Unit..
  Creating internal representation of mux trees.
  No muxes found in this module.
Running muxtree optimizer on module \Hazard_Detection_Unit..
  Creating internal representation of mux trees.
  No muxes found in this module.
Running muxtree optimizer on module \ID_EX_reg..
  Creating internal representation of mux trees.
  No muxes found in this module.
Running muxtree optimizer on module \IF_ID_reg..
  Creating internal representation of mux trees.
  No muxes found in this module.
Running muxtree optimizer on module \ImmGen..
  Creating internal representation of mux trees.
  No muxes found in this module.
Running muxtree optimizer on module \MEM_WB_reg..
  Creating internal representation of mux trees.
  No muxes found in this module.
Running muxtree optimizer on module \MUX_2_1..
  Creating internal representation of mux trees.
  No muxes found in this module.
Running muxtree optimizer on module \PC..
  Creating internal representation of mux trees.
  No muxes found in this module.
Running muxtree optimizer on module \PC_next..
  Creating internal representation of mux trees.
  No muxes found in this module.
Running muxtree optimizer on module \RISC_V_pipe_line..
  Creating internal representation of mux trees.
  No muxes found in this module.
Running muxtree optimizer on module \Register..
  Creating internal representation of mux trees.
  No muxes found in this module.
Removed 0 multiplexer ports.

10.4. Executing OPT_REDUCE pass (consolidate $*mux and $reduce_* inputs).
  Optimizing cells in module \ALU.
  Optimizing cells in module \ALU_control.
  Optimizing cells in module \Branch_Target_Buffer.
  Optimizing cells in module \Control.
  Optimizing cells in module \EX_MEM_reg.
  Optimizing cells in module \Forwarding_Unit.
  Optimizing cells in module \Hazard_Detection_Unit.
  Optimizing cells in module \ID_EX_reg.
  Optimizing cells in module \IF_ID_reg.
  Optimizing cells in module \ImmGen.
  Optimizing cells in module \MEM_WB_reg.
  Optimizing cells in module \MUX_2_1.
  Optimizing cells in module \PC.
  Optimizing cells in module \PC_next.
  Optimizing cells in module \RISC_V_pipe_line.
  Optimizing cells in module \Register.
Performed a total of 0 changes.

10.5. Executing OPT_MERGE pass (detect identical cells).
Finding identical cells in module `\ALU'.
Finding identical cells in module `\ALU_control'.
Finding identical cells in module `\Branch_Target_Buffer'.
Finding identical cells in module `\Control'.
Finding identical cells in module `\EX_MEM_reg'.
Finding identical cells in module `\Forwarding_Unit'.
Finding identical cells in module `\Hazard_Detection_Unit'.
Finding identical cells in module `\ID_EX_reg'.
Finding identical cells in module `\IF_ID_reg'.
Finding identical cells in module `\ImmGen'.
Finding identical cells in module `\MEM_WB_reg'.
Finding identical cells in module `\MUX_2_1'.
Finding identical cells in module `\PC'.
Finding identical cells in module `\PC_next'.
Finding identical cells in module `\RISC_V_pipe_line'.
Finding identical cells in module `\Register'.
Removed a total of 0 cells.

10.6. Executing OPT_DFF pass (perform DFF optimizations).
Adding EN signal on $auto$ff.cc:266:slice$11327 ($_DFFE_PN0P_) from module PC (D = \Next_PC_internal [0], Q = \Address [0]).
Adding EN signal on $auto$ff.cc:266:slice$11328 ($_DFFE_PN0P_) from module PC (D = \Next_PC_internal [1], Q = \Address [1]).

10.7. Executing OPT_CLEAN pass (remove unused cells and wires).
Finding unused cells or wires in module \ALU..
Finding unused cells or wires in module \ALU_control..
Finding unused cells or wires in module \Branch_Target_Buffer..
Finding unused cells or wires in module \Control..
Finding unused cells or wires in module \EX_MEM_reg..
Finding unused cells or wires in module \Forwarding_Unit..
Finding unused cells or wires in module \Hazard_Detection_Unit..
Finding unused cells or wires in module \ID_EX_reg..
Finding unused cells or wires in module \IF_ID_reg..
Finding unused cells or wires in module \ImmGen..
Finding unused cells or wires in module \MEM_WB_reg..
Finding unused cells or wires in module \MUX_2_1..
Finding unused cells or wires in module \PC..
Finding unused cells or wires in module \PC_next..
Finding unused cells or wires in module \RISC_V_pipe_line..
Finding unused cells or wires in module \Register..
Removed 460 unused cells and 2985 unused wires.
<suppressed ~476 debug messages>

10.8. Executing OPT_EXPR pass (perform const folding).
Optimizing module ALU.
Optimizing module ALU_control.
Optimizing module Branch_Target_Buffer.
Optimizing module Control.
Optimizing module EX_MEM_reg.
Optimizing module Forwarding_Unit.
Optimizing module Hazard_Detection_Unit.
Optimizing module ID_EX_reg.
Optimizing module IF_ID_reg.
Optimizing module ImmGen.
Optimizing module MEM_WB_reg.
Optimizing module MUX_2_1.
Optimizing module PC.
<suppressed ~2 debug messages>
Optimizing module PC_next.
Optimizing module RISC_V_pipe_line.
Optimizing module Register.

10.9. Rerunning OPT passes. (Maybe there is more to do..)

10.10. Executing OPT_MUXTREE pass (detect dead branches in mux trees).
Running muxtree optimizer on module \ALU..
  Creating internal representation of mux trees.
  No muxes found in this module.
Running muxtree optimizer on module \ALU_control..
  Creating internal representation of mux trees.
  No muxes found in this module.
Running muxtree optimizer on module \Branch_Target_Buffer..
  Creating internal representation of mux trees.
  No muxes found in this module.
Running muxtree optimizer on module \Control..
  Creating internal representation of mux trees.
  No muxes found in this module.
Running muxtree optimizer on module \EX_MEM_reg..
  Creating internal representation of mux trees.
  No muxes found in this module.
Running muxtree optimizer on module \Forwarding_Unit..
  Creating internal representation of mux trees.
  No muxes found in this module.
Running muxtree optimizer on module \Hazard_Detection_Unit..
  Creating internal representation of mux trees.
  No muxes found in this module.
Running muxtree optimizer on module \ID_EX_reg..
  Creating internal representation of mux trees.
  No muxes found in this module.
Running muxtree optimizer on module \IF_ID_reg..
  Creating internal representation of mux trees.
  No muxes found in this module.
Running muxtree optimizer on module \ImmGen..
  Creating internal representation of mux trees.
  No muxes found in this module.
Running muxtree optimizer on module \MEM_WB_reg..
  Creating internal representation of mux trees.
  No muxes found in this module.
Running muxtree optimizer on module \MUX_2_1..
  Creating internal representation of mux trees.
  No muxes found in this module.
Running muxtree optimizer on module \PC..
  Creating internal representation of mux trees.
  No muxes found in this module.
Running muxtree optimizer on module \PC_next..
  Creating internal representation of mux trees.
  No muxes found in this module.
Running muxtree optimizer on module \RISC_V_pipe_line..
  Creating internal representation of mux trees.
  No muxes found in this module.
Running muxtree optimizer on module \Register..
  Creating internal representation of mux trees.
  No muxes found in this module.
Removed 0 multiplexer ports.

10.11. Executing OPT_REDUCE pass (consolidate $*mux and $reduce_* inputs).
  Optimizing cells in module \ALU.
  Optimizing cells in module \ALU_control.
  Optimizing cells in module \Branch_Target_Buffer.
  Optimizing cells in module \Control.
  Optimizing cells in module \EX_MEM_reg.
  Optimizing cells in module \Forwarding_Unit.
  Optimizing cells in module \Hazard_Detection_Unit.
  Optimizing cells in module \ID_EX_reg.
  Optimizing cells in module \IF_ID_reg.
  Optimizing cells in module \ImmGen.
  Optimizing cells in module \MEM_WB_reg.
  Optimizing cells in module \MUX_2_1.
  Optimizing cells in module \PC.
  Optimizing cells in module \PC_next.
  Optimizing cells in module \RISC_V_pipe_line.
  Optimizing cells in module \Register.
Performed a total of 0 changes.

10.12. Executing OPT_MERGE pass (detect identical cells).
Finding identical cells in module `\ALU'.
Finding identical cells in module `\ALU_control'.
Finding identical cells in module `\Branch_Target_Buffer'.
Finding identical cells in module `\Control'.
Finding identical cells in module `\EX_MEM_reg'.
Finding identical cells in module `\Forwarding_Unit'.
Finding identical cells in module `\Hazard_Detection_Unit'.
Finding identical cells in module `\ID_EX_reg'.
Finding identical cells in module `\IF_ID_reg'.
Finding identical cells in module `\ImmGen'.
Finding identical cells in module `\MEM_WB_reg'.
Finding identical cells in module `\MUX_2_1'.
Finding identical cells in module `\PC'.
<suppressed ~3 debug messages>
Finding identical cells in module `\PC_next'.
Finding identical cells in module `\RISC_V_pipe_line'.
Finding identical cells in module `\Register'.
Removed a total of 1 cells.

10.13. Executing OPT_DFF pass (perform DFF optimizations).

10.14. Executing OPT_CLEAN pass (remove unused cells and wires).
Finding unused cells or wires in module \ALU..
Finding unused cells or wires in module \ALU_control..
Finding unused cells or wires in module \Branch_Target_Buffer..
Finding unused cells or wires in module \Control..
Finding unused cells or wires in module \EX_MEM_reg..
Finding unused cells or wires in module \Forwarding_Unit..
Finding unused cells or wires in module \Hazard_Detection_Unit..
Finding unused cells or wires in module \ID_EX_reg..
Finding unused cells or wires in module \IF_ID_reg..
Finding unused cells or wires in module \ImmGen..
Finding unused cells or wires in module \MEM_WB_reg..
Finding unused cells or wires in module \MUX_2_1..
Finding unused cells or wires in module \PC..
Finding unused cells or wires in module \PC_next..
Finding unused cells or wires in module \RISC_V_pipe_line..
Finding unused cells or wires in module \Register..
Removed 0 unused cells and 3 unused wires.
<suppressed ~1 debug messages>

10.15. Executing OPT_EXPR pass (perform const folding).
Optimizing module ALU.
Optimizing module ALU_control.
Optimizing module Branch_Target_Buffer.
Optimizing module Control.
Optimizing module EX_MEM_reg.
Optimizing module Forwarding_Unit.
Optimizing module Hazard_Detection_Unit.
Optimizing module ID_EX_reg.
Optimizing module IF_ID_reg.
Optimizing module ImmGen.
Optimizing module MEM_WB_reg.
Optimizing module MUX_2_1.
Optimizing module PC.
Optimizing module PC_next.
Optimizing module RISC_V_pipe_line.
Optimizing module Register.

10.16. Rerunning OPT passes. (Maybe there is more to do..)

10.17. Executing OPT_MUXTREE pass (detect dead branches in mux trees).
Running muxtree optimizer on module \ALU..
  Creating internal representation of mux trees.
  No muxes found in this module.
Running muxtree optimizer on module \ALU_control..
  Creating internal representation of mux trees.
  No muxes found in this module.
Running muxtree optimizer on module \Branch_Target_Buffer..
  Creating internal representation of mux trees.
  No muxes found in this module.
Running muxtree optimizer on module \Control..
  Creating internal representation of mux trees.
  No muxes found in this module.
Running muxtree optimizer on module \EX_MEM_reg..
  Creating internal representation of mux trees.
  No muxes found in this module.
Running muxtree optimizer on module \Forwarding_Unit..
  Creating internal representation of mux trees.
  No muxes found in this module.
Running muxtree optimizer on module \Hazard_Detection_Unit..
  Creating internal representation of mux trees.
  No muxes found in this module.
Running muxtree optimizer on module \ID_EX_reg..
  Creating internal representation of mux trees.
  No muxes found in this module.
Running muxtree optimizer on module \IF_ID_reg..
  Creating internal representation of mux trees.
  No muxes found in this module.
Running muxtree optimizer on module \ImmGen..
  Creating internal representation of mux trees.
  No muxes found in this module.
Running muxtree optimizer on module \MEM_WB_reg..
  Creating internal representation of mux trees.
  No muxes found in this module.
Running muxtree optimizer on module \MUX_2_1..
  Creating internal representation of mux trees.
  No muxes found in this module.
Running muxtree optimizer on module \PC..
  Creating internal representation of mux trees.
  No muxes found in this module.
Running muxtree optimizer on module \PC_next..
  Creating internal representation of mux trees.
  No muxes found in this module.
Running muxtree optimizer on module \RISC_V_pipe_line..
  Creating internal representation of mux trees.
  No muxes found in this module.
Running muxtree optimizer on module \Register..
  Creating internal representation of mux trees.
  No muxes found in this module.
Removed 0 multiplexer ports.

10.18. Executing OPT_REDUCE pass (consolidate $*mux and $reduce_* inputs).
  Optimizing cells in module \ALU.
  Optimizing cells in module \ALU_control.
  Optimizing cells in module \Branch_Target_Buffer.
  Optimizing cells in module \Control.
  Optimizing cells in module \EX_MEM_reg.
  Optimizing cells in module \Forwarding_Unit.
  Optimizing cells in module \Hazard_Detection_Unit.
  Optimizing cells in module \ID_EX_reg.
  Optimizing cells in module \IF_ID_reg.
  Optimizing cells in module \ImmGen.
  Optimizing cells in module \MEM_WB_reg.
  Optimizing cells in module \MUX_2_1.
  Optimizing cells in module \PC.
  Optimizing cells in module \PC_next.
  Optimizing cells in module \RISC_V_pipe_line.
  Optimizing cells in module \Register.
Performed a total of 0 changes.

10.19. Executing OPT_MERGE pass (detect identical cells).
Finding identical cells in module `\ALU'.
Finding identical cells in module `\ALU_control'.
Finding identical cells in module `\Branch_Target_Buffer'.
Finding identical cells in module `\Control'.
Finding identical cells in module `\EX_MEM_reg'.
Finding identical cells in module `\Forwarding_Unit'.
Finding identical cells in module `\Hazard_Detection_Unit'.
Finding identical cells in module `\ID_EX_reg'.
Finding identical cells in module `\IF_ID_reg'.
Finding identical cells in module `\ImmGen'.
Finding identical cells in module `\MEM_WB_reg'.
Finding identical cells in module `\MUX_2_1'.
Finding identical cells in module `\PC'.
Finding identical cells in module `\PC_next'.
Finding identical cells in module `\RISC_V_pipe_line'.
Finding identical cells in module `\Register'.
Removed a total of 0 cells.

10.20. Executing OPT_DFF pass (perform DFF optimizations).

10.21. Executing OPT_CLEAN pass (remove unused cells and wires).
Finding unused cells or wires in module \ALU..
Finding unused cells or wires in module \ALU_control..
Finding unused cells or wires in module \Branch_Target_Buffer..
Finding unused cells or wires in module \Control..
Finding unused cells or wires in module \EX_MEM_reg..
Finding unused cells or wires in module \Forwarding_Unit..
Finding unused cells or wires in module \Hazard_Detection_Unit..
Finding unused cells or wires in module \ID_EX_reg..
Finding unused cells or wires in module \IF_ID_reg..
Finding unused cells or wires in module \ImmGen..
Finding unused cells or wires in module \MEM_WB_reg..
Finding unused cells or wires in module \MUX_2_1..
Finding unused cells or wires in module \PC..
Finding unused cells or wires in module \PC_next..
Finding unused cells or wires in module \RISC_V_pipe_line..
Finding unused cells or wires in module \Register..

10.22. Executing OPT_EXPR pass (perform const folding).
Optimizing module ALU.
Optimizing module ALU_control.
Optimizing module Branch_Target_Buffer.
Optimizing module Control.
Optimizing module EX_MEM_reg.
Optimizing module Forwarding_Unit.
Optimizing module Hazard_Detection_Unit.
Optimizing module ID_EX_reg.
Optimizing module IF_ID_reg.
Optimizing module ImmGen.
Optimizing module MEM_WB_reg.
Optimizing module MUX_2_1.
Optimizing module PC.
Optimizing module PC_next.
Optimizing module RISC_V_pipe_line.
Optimizing module Register.

10.23. Finished OPT passes. (There is nothing left to do.)

11. Executing DFFLIBMAP pass (mapping DFF cells to sequential cells from liberty file).
Warning: Found unsupported expression 'D&!SCE|SCD&SCE' in pin attribute of cell 'sky130_fd_sc_hd__sdfbbn_1' - skipping.
Warning: Found unsupported expression 'D&!SCE|SCD&SCE' in pin attribute of cell 'sky130_fd_sc_hd__sdfbbn_2' - skipping.
Warning: Found unsupported expression 'D&!SCE|SCD&SCE' in pin attribute of cell 'sky130_fd_sc_hd__sdfrtn_1' - skipping.
Warning: Found unsupported expression 'D&DE|IQ&!DE' in pin attribute of cell 'sky130_fd_sc_hd__edfxbp_1' - skipping.
Warning: Found unsupported expression 'D&DE|IQ&!DE' in pin attribute of cell 'sky130_fd_sc_hd__edfxtp_1' - skipping.
Warning: Found unsupported expression 'D&!SCE|SCD&SCE' in pin attribute of cell 'sky130_fd_sc_hd__sdfbbp_1' - skipping.
Warning: Found unsupported expression 'D&!SCE|SCD&SCE' in pin attribute of cell 'sky130_fd_sc_hd__sdfrbp_1' - skipping.
Warning: Found unsupported expression 'D&!SCE|SCD&SCE' in pin attribute of cell 'sky130_fd_sc_hd__sdfrbp_2' - skipping.
Warning: Found unsupported expression 'D&!SCE|SCD&SCE' in pin attribute of cell 'sky130_fd_sc_hd__sdfrtp_1' - skipping.
Warning: Found unsupported expression 'D&!SCE|SCD&SCE' in pin attribute of cell 'sky130_fd_sc_hd__sdfrtp_2' - skipping.
Warning: Found unsupported expression 'D&!SCE|SCD&SCE' in pin attribute of cell 'sky130_fd_sc_hd__sdfrtp_4' - skipping.
Warning: Found unsupported expression 'D&!SCE|SCD&SCE' in pin attribute of cell 'sky130_fd_sc_hd__sdfsbp_1' - skipping.
Warning: Found unsupported expression 'D&!SCE|SCD&SCE' in pin attribute of cell 'sky130_fd_sc_hd__sdfsbp_2' - skipping.
Warning: Found unsupported expression 'D&!SCE|SCD&SCE' in pin attribute of cell 'sky130_fd_sc_hd__sdfstp_1' - skipping.
Warning: Found unsupported expression 'D&!SCE|SCD&SCE' in pin attribute of cell 'sky130_fd_sc_hd__sdfstp_2' - skipping.
Warning: Found unsupported expression 'D&!SCE|SCD&SCE' in pin attribute of cell 'sky130_fd_sc_hd__sdfstp_4' - skipping.
Warning: Found unsupported expression 'D&!SCE|SCD&SCE' in pin attribute of cell 'sky130_fd_sc_hd__sdfxbp_1' - skipping.
Warning: Found unsupported expression 'D&!SCE|SCD&SCE' in pin attribute of cell 'sky130_fd_sc_hd__sdfxbp_2' - skipping.
Warning: Found unsupported expression 'D&!SCE|SCD&SCE' in pin attribute of cell 'sky130_fd_sc_hd__sdfxtp_1' - skipping.
Warning: Found unsupported expression 'D&!SCE|SCD&SCE' in pin attribute of cell 'sky130_fd_sc_hd__sdfxtp_2' - skipping.
Warning: Found unsupported expression 'D&!SCE|SCD&SCE' in pin attribute of cell 'sky130_fd_sc_hd__sdfxtp_4' - skipping.
Warning: Found unsupported expression 'D&DE&!SCE|IQ&!DE&!SCE|SCD&SCE' in pin attribute of cell 'sky130_fd_sc_hd__sedfxbp_1' - skipping.
Warning: Found unsupported expression 'D&DE&!SCE|IQ&!DE&!SCE|SCD&SCE' in pin attribute of cell 'sky130_fd_sc_hd__sedfxbp_2' - skipping.
Warning: Found unsupported expression 'D&DE&!SCE|IQ&!DE&!SCE|SCD&SCE' in pin attribute of cell 'sky130_fd_sc_hd__sedfxtp_1' - skipping.
Warning: Found unsupported expression 'D&DE&!SCE|IQ&!DE&!SCE|SCD&SCE' in pin attribute of cell 'sky130_fd_sc_hd__sedfxtp_2' - skipping.
Warning: Found unsupported expression 'D&DE&!SCE|IQ&!DE&!SCE|SCD&SCE' in pin attribute of cell 'sky130_fd_sc_hd__sedfxtp_4' - skipping.
  cell sky130_fd_sc_hd__dfxtp_1 (noninv, pins=3, area=20.02) is a direct match for cell type $_DFF_P_.
Warning: Found unsupported expression 'D&!SCE|SCD&SCE' in pin attribute of cell 'sky130_fd_sc_hd__sdfbbn_1' - skipping.
Warning: Found unsupported expression 'D&!SCE|SCD&SCE' in pin attribute of cell 'sky130_fd_sc_hd__sdfbbn_2' - skipping.
Warning: Found unsupported expression 'D&!SCE|SCD&SCE' in pin attribute of cell 'sky130_fd_sc_hd__sdfrtn_1' - skipping.
  cell sky130_fd_sc_hd__dfrtn_1 (noninv, pins=4, area=25.02) is a direct match for cell type $_DFF_NN0_.
Warning: Found unsupported expression 'D&!SCE|SCD&SCE' in pin attribute of cell 'sky130_fd_sc_hd__sdfbbn_1' - skipping.
Warning: Found unsupported expression 'D&!SCE|SCD&SCE' in pin attribute of cell 'sky130_fd_sc_hd__sdfbbn_2' - skipping.
Warning: Found unsupported expression 'D&!SCE|SCD&SCE' in pin attribute of cell 'sky130_fd_sc_hd__sdfrtn_1' - skipping.
Warning: Found unsupported expression 'D&!SCE|SCD&SCE' in pin attribute of cell 'sky130_fd_sc_hd__sdfbbn_1' - skipping.
Warning: Found unsupported expression 'D&!SCE|SCD&SCE' in pin attribute of cell 'sky130_fd_sc_hd__sdfbbn_2' - skipping.
Warning: Found unsupported expression 'D&!SCE|SCD&SCE' in pin attribute of cell 'sky130_fd_sc_hd__sdfrtn_1' - skipping.
Warning: Found unsupported expression 'D&!SCE|SCD&SCE' in pin attribute of cell 'sky130_fd_sc_hd__sdfbbn_1' - skipping.
Warning: Found unsupported expression 'D&!SCE|SCD&SCE' in pin attribute of cell 'sky130_fd_sc_hd__sdfbbn_2' - skipping.
Warning: Found unsupported expression 'D&!SCE|SCD&SCE' in pin attribute of cell 'sky130_fd_sc_hd__sdfrtn_1' - skipping.
Warning: Found unsupported expression 'D&DE|IQ&!DE' in pin attribute of cell 'sky130_fd_sc_hd__edfxbp_1' - skipping.
Warning: Found unsupported expression 'D&DE|IQ&!DE' in pin attribute of cell 'sky130_fd_sc_hd__edfxtp_1' - skipping.
Warning: Found unsupported expression 'D&!SCE|SCD&SCE' in pin attribute of cell 'sky130_fd_sc_hd__sdfbbp_1' - skipping.
Warning: Found unsupported expression 'D&!SCE|SCD&SCE' in pin attribute of cell 'sky130_fd_sc_hd__sdfrbp_1' - skipping.
Warning: Found unsupported expression 'D&!SCE|SCD&SCE' in pin attribute of cell 'sky130_fd_sc_hd__sdfrbp_2' - skipping.
Warning: Found unsupported expression 'D&!SCE|SCD&SCE' in pin attribute of cell 'sky130_fd_sc_hd__sdfrtp_1' - skipping.
Warning: Found unsupported expression 'D&!SCE|SCD&SCE' in pin attribute of cell 'sky130_fd_sc_hd__sdfrtp_2' - skipping.
Warning: Found unsupported expression 'D&!SCE|SCD&SCE' in pin attribute of cell 'sky130_fd_sc_hd__sdfrtp_4' - skipping.
Warning: Found unsupported expression 'D&!SCE|SCD&SCE' in pin attribute of cell 'sky130_fd_sc_hd__sdfsbp_1' - skipping.
Warning: Found unsupported expression 'D&!SCE|SCD&SCE' in pin attribute of cell 'sky130_fd_sc_hd__sdfsbp_2' - skipping.
Warning: Found unsupported expression 'D&!SCE|SCD&SCE' in pin attribute of cell 'sky130_fd_sc_hd__sdfstp_1' - skipping.
Warning: Found unsupported expression 'D&!SCE|SCD&SCE' in pin attribute of cell 'sky130_fd_sc_hd__sdfstp_2' - skipping.
Warning: Found unsupported expression 'D&!SCE|SCD&SCE' in pin attribute of cell 'sky130_fd_sc_hd__sdfstp_4' - skipping.
Warning: Found unsupported expression 'D&!SCE|SCD&SCE' in pin attribute of cell 'sky130_fd_sc_hd__sdfxbp_1' - skipping.
Warning: Found unsupported expression 'D&!SCE|SCD&SCE' in pin attribute of cell 'sky130_fd_sc_hd__sdfxbp_2' - skipping.
Warning: Found unsupported expression 'D&!SCE|SCD&SCE' in pin attribute of cell 'sky130_fd_sc_hd__sdfxtp_1' - skipping.
Warning: Found unsupported expression 'D&!SCE|SCD&SCE' in pin attribute of cell 'sky130_fd_sc_hd__sdfxtp_2' - skipping.
Warning: Found unsupported expression 'D&!SCE|SCD&SCE' in pin attribute of cell 'sky130_fd_sc_hd__sdfxtp_4' - skipping.
Warning: Found unsupported expression 'D&DE&!SCE|IQ&!DE&!SCE|SCD&SCE' in pin attribute of cell 'sky130_fd_sc_hd__sedfxbp_1' - skipping.
Warning: Found unsupported expression 'D&DE&!SCE|IQ&!DE&!SCE|SCD&SCE' in pin attribute of cell 'sky130_fd_sc_hd__sedfxbp_2' - skipping.
Warning: Found unsupported expression 'D&DE&!SCE|IQ&!DE&!SCE|SCD&SCE' in pin attribute of cell 'sky130_fd_sc_hd__sedfxtp_1' - skipping.
Warning: Found unsupported expression 'D&DE&!SCE|IQ&!DE&!SCE|SCD&SCE' in pin attribute of cell 'sky130_fd_sc_hd__sedfxtp_2' - skipping.
Warning: Found unsupported expression 'D&DE&!SCE|IQ&!DE&!SCE|SCD&SCE' in pin attribute of cell 'sky130_fd_sc_hd__sedfxtp_4' - skipping.
  cell sky130_fd_sc_hd__dfrtp_1 (noninv, pins=4, area=25.02) is a direct match for cell type $_DFF_PN0_.
Warning: Found unsupported expression 'D&DE|IQ&!DE' in pin attribute of cell 'sky130_fd_sc_hd__edfxbp_1' - skipping.
Warning: Found unsupported expression 'D&DE|IQ&!DE' in pin attribute of cell 'sky130_fd_sc_hd__edfxtp_1' - skipping.
Warning: Found unsupported expression 'D&!SCE|SCD&SCE' in pin attribute of cell 'sky130_fd_sc_hd__sdfbbp_1' - skipping.
Warning: Found unsupported expression 'D&!SCE|SCD&SCE' in pin attribute of cell 'sky130_fd_sc_hd__sdfrbp_1' - skipping.
Warning: Found unsupported expression 'D&!SCE|SCD&SCE' in pin attribute of cell 'sky130_fd_sc_hd__sdfrbp_2' - skipping.
Warning: Found unsupported expression 'D&!SCE|SCD&SCE' in pin attribute of cell 'sky130_fd_sc_hd__sdfrtp_1' - skipping.
Warning: Found unsupported expression 'D&!SCE|SCD&SCE' in pin attribute of cell 'sky130_fd_sc_hd__sdfrtp_2' - skipping.
Warning: Found unsupported expression 'D&!SCE|SCD&SCE' in pin attribute of cell 'sky130_fd_sc_hd__sdfrtp_4' - skipping.
Warning: Found unsupported expression 'D&!SCE|SCD&SCE' in pin attribute of cell 'sky130_fd_sc_hd__sdfsbp_1' - skipping.
Warning: Found unsupported expression 'D&!SCE|SCD&SCE' in pin attribute of cell 'sky130_fd_sc_hd__sdfsbp_2' - skipping.
Warning: Found unsupported expression 'D&!SCE|SCD&SCE' in pin attribute of cell 'sky130_fd_sc_hd__sdfstp_1' - skipping.
Warning: Found unsupported expression 'D&!SCE|SCD&SCE' in pin attribute of cell 'sky130_fd_sc_hd__sdfstp_2' - skipping.
Warning: Found unsupported expression 'D&!SCE|SCD&SCE' in pin attribute of cell 'sky130_fd_sc_hd__sdfstp_4' - skipping.
Warning: Found unsupported expression 'D&!SCE|SCD&SCE' in pin attribute of cell 'sky130_fd_sc_hd__sdfxbp_1' - skipping.
Warning: Found unsupported expression 'D&!SCE|SCD&SCE' in pin attribute of cell 'sky130_fd_sc_hd__sdfxbp_2' - skipping.
Warning: Found unsupported expression 'D&!SCE|SCD&SCE' in pin attribute of cell 'sky130_fd_sc_hd__sdfxtp_1' - skipping.
Warning: Found unsupported expression 'D&!SCE|SCD&SCE' in pin attribute of cell 'sky130_fd_sc_hd__sdfxtp_2' - skipping.
Warning: Found unsupported expression 'D&!SCE|SCD&SCE' in pin attribute of cell 'sky130_fd_sc_hd__sdfxtp_4' - skipping.
Warning: Found unsupported expression 'D&DE&!SCE|IQ&!DE&!SCE|SCD&SCE' in pin attribute of cell 'sky130_fd_sc_hd__sedfxbp_1' - skipping.
Warning: Found unsupported expression 'D&DE&!SCE|IQ&!DE&!SCE|SCD&SCE' in pin attribute of cell 'sky130_fd_sc_hd__sedfxbp_2' - skipping.
Warning: Found unsupported expression 'D&DE&!SCE|IQ&!DE&!SCE|SCD&SCE' in pin attribute of cell 'sky130_fd_sc_hd__sedfxtp_1' - skipping.
Warning: Found unsupported expression 'D&DE&!SCE|IQ&!DE&!SCE|SCD&SCE' in pin attribute of cell 'sky130_fd_sc_hd__sedfxtp_2' - skipping.
Warning: Found unsupported expression 'D&DE&!SCE|IQ&!DE&!SCE|SCD&SCE' in pin attribute of cell 'sky130_fd_sc_hd__sedfxtp_4' - skipping.
  cell sky130_fd_sc_hd__dfstp_2 (noninv, pins=4, area=26.28) is a direct match for cell type $_DFF_PN1_.
Warning: Found unsupported expression 'D&DE|IQ&!DE' in pin attribute of cell 'sky130_fd_sc_hd__edfxbp_1' - skipping.
Warning: Found unsupported expression 'D&DE|IQ&!DE' in pin attribute of cell 'sky130_fd_sc_hd__edfxtp_1' - skipping.
Warning: Found unsupported expression 'D&!SCE|SCD&SCE' in pin attribute of cell 'sky130_fd_sc_hd__sdfbbp_1' - skipping.
Warning: Found unsupported expression 'D&!SCE|SCD&SCE' in pin attribute of cell 'sky130_fd_sc_hd__sdfrbp_1' - skipping.
Warning: Found unsupported expression 'D&!SCE|SCD&SCE' in pin attribute of cell 'sky130_fd_sc_hd__sdfrbp_2' - skipping.
Warning: Found unsupported expression 'D&!SCE|SCD&SCE' in pin attribute of cell 'sky130_fd_sc_hd__sdfrtp_1' - skipping.
Warning: Found unsupported expression 'D&!SCE|SCD&SCE' in pin attribute of cell 'sky130_fd_sc_hd__sdfrtp_2' - skipping.
Warning: Found unsupported expression 'D&!SCE|SCD&SCE' in pin attribute of cell 'sky130_fd_sc_hd__sdfrtp_4' - skipping.
Warning: Found unsupported expression 'D&!SCE|SCD&SCE' in pin attribute of cell 'sky130_fd_sc_hd__sdfsbp_1' - skipping.
Warning: Found unsupported expression 'D&!SCE|SCD&SCE' in pin attribute of cell 'sky130_fd_sc_hd__sdfsbp_2' - skipping.
Warning: Found unsupported expression 'D&!SCE|SCD&SCE' in pin attribute of cell 'sky130_fd_sc_hd__sdfstp_1' - skipping.
Warning: Found unsupported expression 'D&!SCE|SCD&SCE' in pin attribute of cell 'sky130_fd_sc_hd__sdfstp_2' - skipping.
Warning: Found unsupported expression 'D&!SCE|SCD&SCE' in pin attribute of cell 'sky130_fd_sc_hd__sdfstp_4' - skipping.
Warning: Found unsupported expression 'D&!SCE|SCD&SCE' in pin attribute of cell 'sky130_fd_sc_hd__sdfxbp_1' - skipping.
Warning: Found unsupported expression 'D&!SCE|SCD&SCE' in pin attribute of cell 'sky130_fd_sc_hd__sdfxbp_2' - skipping.
Warning: Found unsupported expression 'D&!SCE|SCD&SCE' in pin attribute of cell 'sky130_fd_sc_hd__sdfxtp_1' - skipping.
Warning: Found unsupported expression 'D&!SCE|SCD&SCE' in pin attribute of cell 'sky130_fd_sc_hd__sdfxtp_2' - skipping.
Warning: Found unsupported expression 'D&!SCE|SCD&SCE' in pin attribute of cell 'sky130_fd_sc_hd__sdfxtp_4' - skipping.
Warning: Found unsupported expression 'D&DE&!SCE|IQ&!DE&!SCE|SCD&SCE' in pin attribute of cell 'sky130_fd_sc_hd__sedfxbp_1' - skipping.
Warning: Found unsupported expression 'D&DE&!SCE|IQ&!DE&!SCE|SCD&SCE' in pin attribute of cell 'sky130_fd_sc_hd__sedfxbp_2' - skipping.
Warning: Found unsupported expression 'D&DE&!SCE|IQ&!DE&!SCE|SCD&SCE' in pin attribute of cell 'sky130_fd_sc_hd__sedfxtp_1' - skipping.
Warning: Found unsupported expression 'D&DE&!SCE|IQ&!DE&!SCE|SCD&SCE' in pin attribute of cell 'sky130_fd_sc_hd__sedfxtp_2' - skipping.
Warning: Found unsupported expression 'D&DE&!SCE|IQ&!DE&!SCE|SCD&SCE' in pin attribute of cell 'sky130_fd_sc_hd__sedfxtp_4' - skipping.
Warning: Found unsupported expression 'D&DE|IQ&!DE' in pin attribute of cell 'sky130_fd_sc_hd__edfxbp_1' - skipping.
Warning: Found unsupported expression 'D&DE|IQ&!DE' in pin attribute of cell 'sky130_fd_sc_hd__edfxtp_1' - skipping.
Warning: Found unsupported expression 'D&!SCE|SCD&SCE' in pin attribute of cell 'sky130_fd_sc_hd__sdfbbp_1' - skipping.
Warning: Found unsupported expression 'D&!SCE|SCD&SCE' in pin attribute of cell 'sky130_fd_sc_hd__sdfrbp_1' - skipping.
Warning: Found unsupported expression 'D&!SCE|SCD&SCE' in pin attribute of cell 'sky130_fd_sc_hd__sdfrbp_2' - skipping.
Warning: Found unsupported expression 'D&!SCE|SCD&SCE' in pin attribute of cell 'sky130_fd_sc_hd__sdfrtp_1' - skipping.
Warning: Found unsupported expression 'D&!SCE|SCD&SCE' in pin attribute of cell 'sky130_fd_sc_hd__sdfrtp_2' - skipping.
Warning: Found unsupported expression 'D&!SCE|SCD&SCE' in pin attribute of cell 'sky130_fd_sc_hd__sdfrtp_4' - skipping.
Warning: Found unsupported expression 'D&!SCE|SCD&SCE' in pin attribute of cell 'sky130_fd_sc_hd__sdfsbp_1' - skipping.
Warning: Found unsupported expression 'D&!SCE|SCD&SCE' in pin attribute of cell 'sky130_fd_sc_hd__sdfsbp_2' - skipping.
Warning: Found unsupported expression 'D&!SCE|SCD&SCE' in pin attribute of cell 'sky130_fd_sc_hd__sdfstp_1' - skipping.
Warning: Found unsupported expression 'D&!SCE|SCD&SCE' in pin attribute of cell 'sky130_fd_sc_hd__sdfstp_2' - skipping.
Warning: Found unsupported expression 'D&!SCE|SCD&SCE' in pin attribute of cell 'sky130_fd_sc_hd__sdfstp_4' - skipping.
Warning: Found unsupported expression 'D&!SCE|SCD&SCE' in pin attribute of cell 'sky130_fd_sc_hd__sdfxbp_1' - skipping.
Warning: Found unsupported expression 'D&!SCE|SCD&SCE' in pin attribute of cell 'sky130_fd_sc_hd__sdfxbp_2' - skipping.
Warning: Found unsupported expression 'D&!SCE|SCD&SCE' in pin attribute of cell 'sky130_fd_sc_hd__sdfxtp_1' - skipping.
Warning: Found unsupported expression 'D&!SCE|SCD&SCE' in pin attribute of cell 'sky130_fd_sc_hd__sdfxtp_2' - skipping.
Warning: Found unsupported expression 'D&!SCE|SCD&SCE' in pin attribute of cell 'sky130_fd_sc_hd__sdfxtp_4' - skipping.
Warning: Found unsupported expression 'D&DE&!SCE|IQ&!DE&!SCE|SCD&SCE' in pin attribute of cell 'sky130_fd_sc_hd__sedfxbp_1' - skipping.
Warning: Found unsupported expression 'D&DE&!SCE|IQ&!DE&!SCE|SCD&SCE' in pin attribute of cell 'sky130_fd_sc_hd__sedfxbp_2' - skipping.
Warning: Found unsupported expression 'D&DE&!SCE|IQ&!DE&!SCE|SCD&SCE' in pin attribute of cell 'sky130_fd_sc_hd__sedfxtp_1' - skipping.
Warning: Found unsupported expression 'D&DE&!SCE|IQ&!DE&!SCE|SCD&SCE' in pin attribute of cell 'sky130_fd_sc_hd__sedfxtp_2' - skipping.
Warning: Found unsupported expression 'D&DE&!SCE|IQ&!DE&!SCE|SCD&SCE' in pin attribute of cell 'sky130_fd_sc_hd__sedfxtp_4' - skipping.
Warning: Found unsupported expression 'D&!SCE|SCD&SCE' in pin attribute of cell 'sky130_fd_sc_hd__sdfbbn_1' - skipping.
Warning: Found unsupported expression 'D&!SCE|SCD&SCE' in pin attribute of cell 'sky130_fd_sc_hd__sdfbbn_2' - skipping.
Warning: Found unsupported expression 'D&!SCE|SCD&SCE' in pin attribute of cell 'sky130_fd_sc_hd__sdfrtn_1' - skipping.
  cell sky130_fd_sc_hd__dfbbn_1 (noninv, pins=6, area=32.53) is a direct match for cell type $_DFFSR_NNN_.
Warning: Found unsupported expression 'D&!SCE|SCD&SCE' in pin attribute of cell 'sky130_fd_sc_hd__sdfbbn_1' - skipping.
Warning: Found unsupported expression 'D&!SCE|SCD&SCE' in pin attribute of cell 'sky130_fd_sc_hd__sdfbbn_2' - skipping.
Warning: Found unsupported expression 'D&!SCE|SCD&SCE' in pin attribute of cell 'sky130_fd_sc_hd__sdfrtn_1' - skipping.
Warning: Found unsupported expression 'D&!SCE|SCD&SCE' in pin attribute of cell 'sky130_fd_sc_hd__sdfbbn_1' - skipping.
Warning: Found unsupported expression 'D&!SCE|SCD&SCE' in pin attribute of cell 'sky130_fd_sc_hd__sdfbbn_2' - skipping.
Warning: Found unsupported expression 'D&!SCE|SCD&SCE' in pin attribute of cell 'sky130_fd_sc_hd__sdfrtn_1' - skipping.
Warning: Found unsupported expression 'D&!SCE|SCD&SCE' in pin attribute of cell 'sky130_fd_sc_hd__sdfbbn_1' - skipping.
Warning: Found unsupported expression 'D&!SCE|SCD&SCE' in pin attribute of cell 'sky130_fd_sc_hd__sdfbbn_2' - skipping.
Warning: Found unsupported expression 'D&!SCE|SCD&SCE' in pin attribute of cell 'sky130_fd_sc_hd__sdfrtn_1' - skipping.
Warning: Found unsupported expression 'D&DE|IQ&!DE' in pin attribute of cell 'sky130_fd_sc_hd__edfxbp_1' - skipping.
Warning: Found unsupported expression 'D&DE|IQ&!DE' in pin attribute of cell 'sky130_fd_sc_hd__edfxtp_1' - skipping.
Warning: Found unsupported expression 'D&!SCE|SCD&SCE' in pin attribute of cell 'sky130_fd_sc_hd__sdfbbp_1' - skipping.
Warning: Found unsupported expression 'D&!SCE|SCD&SCE' in pin attribute of cell 'sky130_fd_sc_hd__sdfrbp_1' - skipping.
Warning: Found unsupported expression 'D&!SCE|SCD&SCE' in pin attribute of cell 'sky130_fd_sc_hd__sdfrbp_2' - skipping.
Warning: Found unsupported expression 'D&!SCE|SCD&SCE' in pin attribute of cell 'sky130_fd_sc_hd__sdfrtp_1' - skipping.
Warning: Found unsupported expression 'D&!SCE|SCD&SCE' in pin attribute of cell 'sky130_fd_sc_hd__sdfrtp_2' - skipping.
Warning: Found unsupported expression 'D&!SCE|SCD&SCE' in pin attribute of cell 'sky130_fd_sc_hd__sdfrtp_4' - skipping.
Warning: Found unsupported expression 'D&!SCE|SCD&SCE' in pin attribute of cell 'sky130_fd_sc_hd__sdfsbp_1' - skipping.
Warning: Found unsupported expression 'D&!SCE|SCD&SCE' in pin attribute of cell 'sky130_fd_sc_hd__sdfsbp_2' - skipping.
Warning: Found unsupported expression 'D&!SCE|SCD&SCE' in pin attribute of cell 'sky130_fd_sc_hd__sdfstp_1' - skipping.
Warning: Found unsupported expression 'D&!SCE|SCD&SCE' in pin attribute of cell 'sky130_fd_sc_hd__sdfstp_2' - skipping.
Warning: Found unsupported expression 'D&!SCE|SCD&SCE' in pin attribute of cell 'sky130_fd_sc_hd__sdfstp_4' - skipping.
Warning: Found unsupported expression 'D&!SCE|SCD&SCE' in pin attribute of cell 'sky130_fd_sc_hd__sdfxbp_1' - skipping.
Warning: Found unsupported expression 'D&!SCE|SCD&SCE' in pin attribute of cell 'sky130_fd_sc_hd__sdfxbp_2' - skipping.
Warning: Found unsupported expression 'D&!SCE|SCD&SCE' in pin attribute of cell 'sky130_fd_sc_hd__sdfxtp_1' - skipping.
Warning: Found unsupported expression 'D&!SCE|SCD&SCE' in pin attribute of cell 'sky130_fd_sc_hd__sdfxtp_2' - skipping.
Warning: Found unsupported expression 'D&!SCE|SCD&SCE' in pin attribute of cell 'sky130_fd_sc_hd__sdfxtp_4' - skipping.
Warning: Found unsupported expression 'D&DE&!SCE|IQ&!DE&!SCE|SCD&SCE' in pin attribute of cell 'sky130_fd_sc_hd__sedfxbp_1' - skipping.
Warning: Found unsupported expression 'D&DE&!SCE|IQ&!DE&!SCE|SCD&SCE' in pin attribute of cell 'sky130_fd_sc_hd__sedfxbp_2' - skipping.
Warning: Found unsupported expression 'D&DE&!SCE|IQ&!DE&!SCE|SCD&SCE' in pin attribute of cell 'sky130_fd_sc_hd__sedfxtp_1' - skipping.
Warning: Found unsupported expression 'D&DE&!SCE|IQ&!DE&!SCE|SCD&SCE' in pin attribute of cell 'sky130_fd_sc_hd__sedfxtp_2' - skipping.
Warning: Found unsupported expression 'D&DE&!SCE|IQ&!DE&!SCE|SCD&SCE' in pin attribute of cell 'sky130_fd_sc_hd__sedfxtp_4' - skipping.
  cell sky130_fd_sc_hd__dfbbp_1 (noninv, pins=6, area=32.53) is a direct match for cell type $_DFFSR_PNN_.
Warning: Found unsupported expression 'D&DE|IQ&!DE' in pin attribute of cell 'sky130_fd_sc_hd__edfxbp_1' - skipping.
Warning: Found unsupported expression 'D&DE|IQ&!DE' in pin attribute of cell 'sky130_fd_sc_hd__edfxtp_1' - skipping.
Warning: Found unsupported expression 'D&!SCE|SCD&SCE' in pin attribute of cell 'sky130_fd_sc_hd__sdfbbp_1' - skipping.
Warning: Found unsupported expression 'D&!SCE|SCD&SCE' in pin attribute of cell 'sky130_fd_sc_hd__sdfrbp_1' - skipping.
Warning: Found unsupported expression 'D&!SCE|SCD&SCE' in pin attribute of cell 'sky130_fd_sc_hd__sdfrbp_2' - skipping.
Warning: Found unsupported expression 'D&!SCE|SCD&SCE' in pin attribute of cell 'sky130_fd_sc_hd__sdfrtp_1' - skipping.
Warning: Found unsupported expression 'D&!SCE|SCD&SCE' in pin attribute of cell 'sky130_fd_sc_hd__sdfrtp_2' - skipping.
Warning: Found unsupported expression 'D&!SCE|SCD&SCE' in pin attribute of cell 'sky130_fd_sc_hd__sdfrtp_4' - skipping.
Warning: Found unsupported expression 'D&!SCE|SCD&SCE' in pin attribute of cell 'sky130_fd_sc_hd__sdfsbp_1' - skipping.
Warning: Found unsupported expression 'D&!SCE|SCD&SCE' in pin attribute of cell 'sky130_fd_sc_hd__sdfsbp_2' - skipping.
Warning: Found unsupported expression 'D&!SCE|SCD&SCE' in pin attribute of cell 'sky130_fd_sc_hd__sdfstp_1' - skipping.
Warning: Found unsupported expression 'D&!SCE|SCD&SCE' in pin attribute of cell 'sky130_fd_sc_hd__sdfstp_2' - skipping.
Warning: Found unsupported expression 'D&!SCE|SCD&SCE' in pin attribute of cell 'sky130_fd_sc_hd__sdfstp_4' - skipping.
Warning: Found unsupported expression 'D&!SCE|SCD&SCE' in pin attribute of cell 'sky130_fd_sc_hd__sdfxbp_1' - skipping.
Warning: Found unsupported expression 'D&!SCE|SCD&SCE' in pin attribute of cell 'sky130_fd_sc_hd__sdfxbp_2' - skipping.
Warning: Found unsupported expression 'D&!SCE|SCD&SCE' in pin attribute of cell 'sky130_fd_sc_hd__sdfxtp_1' - skipping.
Warning: Found unsupported expression 'D&!SCE|SCD&SCE' in pin attribute of cell 'sky130_fd_sc_hd__sdfxtp_2' - skipping.
Warning: Found unsupported expression 'D&!SCE|SCD&SCE' in pin attribute of cell 'sky130_fd_sc_hd__sdfxtp_4' - skipping.
Warning: Found unsupported expression 'D&DE&!SCE|IQ&!DE&!SCE|SCD&SCE' in pin attribute of cell 'sky130_fd_sc_hd__sedfxbp_1' - skipping.
Warning: Found unsupported expression 'D&DE&!SCE|IQ&!DE&!SCE|SCD&SCE' in pin attribute of cell 'sky130_fd_sc_hd__sedfxbp_2' - skipping.
Warning: Found unsupported expression 'D&DE&!SCE|IQ&!DE&!SCE|SCD&SCE' in pin attribute of cell 'sky130_fd_sc_hd__sedfxtp_1' - skipping.
Warning: Found unsupported expression 'D&DE&!SCE|IQ&!DE&!SCE|SCD&SCE' in pin attribute of cell 'sky130_fd_sc_hd__sedfxtp_2' - skipping.
Warning: Found unsupported expression 'D&DE&!SCE|IQ&!DE&!SCE|SCD&SCE' in pin attribute of cell 'sky130_fd_sc_hd__sedfxtp_4' - skipping.
Warning: Found unsupported expression 'D&DE|IQ&!DE' in pin attribute of cell 'sky130_fd_sc_hd__edfxbp_1' - skipping.
Warning: Found unsupported expression 'D&DE|IQ&!DE' in pin attribute of cell 'sky130_fd_sc_hd__edfxtp_1' - skipping.
Warning: Found unsupported expression 'D&!SCE|SCD&SCE' in pin attribute of cell 'sky130_fd_sc_hd__sdfbbp_1' - skipping.
Warning: Found unsupported expression 'D&!SCE|SCD&SCE' in pin attribute of cell 'sky130_fd_sc_hd__sdfrbp_1' - skipping.
Warning: Found unsupported expression 'D&!SCE|SCD&SCE' in pin attribute of cell 'sky130_fd_sc_hd__sdfrbp_2' - skipping.
Warning: Found unsupported expression 'D&!SCE|SCD&SCE' in pin attribute of cell 'sky130_fd_sc_hd__sdfrtp_1' - skipping.
Warning: Found unsupported expression 'D&!SCE|SCD&SCE' in pin attribute of cell 'sky130_fd_sc_hd__sdfrtp_2' - skipping.
Warning: Found unsupported expression 'D&!SCE|SCD&SCE' in pin attribute of cell 'sky130_fd_sc_hd__sdfrtp_4' - skipping.
Warning: Found unsupported expression 'D&!SCE|SCD&SCE' in pin attribute of cell 'sky130_fd_sc_hd__sdfsbp_1' - skipping.
Warning: Found unsupported expression 'D&!SCE|SCD&SCE' in pin attribute of cell 'sky130_fd_sc_hd__sdfsbp_2' - skipping.
Warning: Found unsupported expression 'D&!SCE|SCD&SCE' in pin attribute of cell 'sky130_fd_sc_hd__sdfstp_1' - skipping.
Warning: Found unsupported expression 'D&!SCE|SCD&SCE' in pin attribute of cell 'sky130_fd_sc_hd__sdfstp_2' - skipping.
Warning: Found unsupported expression 'D&!SCE|SCD&SCE' in pin attribute of cell 'sky130_fd_sc_hd__sdfstp_4' - skipping.
Warning: Found unsupported expression 'D&!SCE|SCD&SCE' in pin attribute of cell 'sky130_fd_sc_hd__sdfxbp_1' - skipping.
Warning: Found unsupported expression 'D&!SCE|SCD&SCE' in pin attribute of cell 'sky130_fd_sc_hd__sdfxbp_2' - skipping.
Warning: Found unsupported expression 'D&!SCE|SCD&SCE' in pin attribute of cell 'sky130_fd_sc_hd__sdfxtp_1' - skipping.
Warning: Found unsupported expression 'D&!SCE|SCD&SCE' in pin attribute of cell 'sky130_fd_sc_hd__sdfxtp_2' - skipping.
Warning: Found unsupported expression 'D&!SCE|SCD&SCE' in pin attribute of cell 'sky130_fd_sc_hd__sdfxtp_4' - skipping.
Warning: Found unsupported expression 'D&DE&!SCE|IQ&!DE&!SCE|SCD&SCE' in pin attribute of cell 'sky130_fd_sc_hd__sedfxbp_1' - skipping.
Warning: Found unsupported expression 'D&DE&!SCE|IQ&!DE&!SCE|SCD&SCE' in pin attribute of cell 'sky130_fd_sc_hd__sedfxbp_2' - skipping.
Warning: Found unsupported expression 'D&DE&!SCE|IQ&!DE&!SCE|SCD&SCE' in pin attribute of cell 'sky130_fd_sc_hd__sedfxtp_1' - skipping.
Warning: Found unsupported expression 'D&DE&!SCE|IQ&!DE&!SCE|SCD&SCE' in pin attribute of cell 'sky130_fd_sc_hd__sedfxtp_2' - skipping.
Warning: Found unsupported expression 'D&DE&!SCE|IQ&!DE&!SCE|SCD&SCE' in pin attribute of cell 'sky130_fd_sc_hd__sedfxtp_4' - skipping.
Warning: Found unsupported expression 'D&DE|IQ&!DE' in pin attribute of cell 'sky130_fd_sc_hd__edfxbp_1' - skipping.
Warning: Found unsupported expression 'D&DE|IQ&!DE' in pin attribute of cell 'sky130_fd_sc_hd__edfxtp_1' - skipping.
Warning: Found unsupported expression 'D&!SCE|SCD&SCE' in pin attribute of cell 'sky130_fd_sc_hd__sdfbbp_1' - skipping.
Warning: Found unsupported expression 'D&!SCE|SCD&SCE' in pin attribute of cell 'sky130_fd_sc_hd__sdfrbp_1' - skipping.
Warning: Found unsupported expression 'D&!SCE|SCD&SCE' in pin attribute of cell 'sky130_fd_sc_hd__sdfrbp_2' - skipping.
Warning: Found unsupported expression 'D&!SCE|SCD&SCE' in pin attribute of cell 'sky130_fd_sc_hd__sdfrtp_1' - skipping.
Warning: Found unsupported expression 'D&!SCE|SCD&SCE' in pin attribute of cell 'sky130_fd_sc_hd__sdfrtp_2' - skipping.
Warning: Found unsupported expression 'D&!SCE|SCD&SCE' in pin attribute of cell 'sky130_fd_sc_hd__sdfrtp_4' - skipping.
Warning: Found unsupported expression 'D&!SCE|SCD&SCE' in pin attribute of cell 'sky130_fd_sc_hd__sdfsbp_1' - skipping.
Warning: Found unsupported expression 'D&!SCE|SCD&SCE' in pin attribute of cell 'sky130_fd_sc_hd__sdfsbp_2' - skipping.
Warning: Found unsupported expression 'D&!SCE|SCD&SCE' in pin attribute of cell 'sky130_fd_sc_hd__sdfstp_1' - skipping.
Warning: Found unsupported expression 'D&!SCE|SCD&SCE' in pin attribute of cell 'sky130_fd_sc_hd__sdfstp_2' - skipping.
Warning: Found unsupported expression 'D&!SCE|SCD&SCE' in pin attribute of cell 'sky130_fd_sc_hd__sdfstp_4' - skipping.
Warning: Found unsupported expression 'D&!SCE|SCD&SCE' in pin attribute of cell 'sky130_fd_sc_hd__sdfxbp_1' - skipping.
Warning: Found unsupported expression 'D&!SCE|SCD&SCE' in pin attribute of cell 'sky130_fd_sc_hd__sdfxbp_2' - skipping.
Warning: Found unsupported expression 'D&!SCE|SCD&SCE' in pin attribute of cell 'sky130_fd_sc_hd__sdfxtp_1' - skipping.
Warning: Found unsupported expression 'D&!SCE|SCD&SCE' in pin attribute of cell 'sky130_fd_sc_hd__sdfxtp_2' - skipping.
Warning: Found unsupported expression 'D&!SCE|SCD&SCE' in pin attribute of cell 'sky130_fd_sc_hd__sdfxtp_4' - skipping.
Warning: Found unsupported expression 'D&DE&!SCE|IQ&!DE&!SCE|SCD&SCE' in pin attribute of cell 'sky130_fd_sc_hd__sedfxbp_1' - skipping.
Warning: Found unsupported expression 'D&DE&!SCE|IQ&!DE&!SCE|SCD&SCE' in pin attribute of cell 'sky130_fd_sc_hd__sedfxbp_2' - skipping.
Warning: Found unsupported expression 'D&DE&!SCE|IQ&!DE&!SCE|SCD&SCE' in pin attribute of cell 'sky130_fd_sc_hd__sedfxtp_1' - skipping.
Warning: Found unsupported expression 'D&DE&!SCE|IQ&!DE&!SCE|SCD&SCE' in pin attribute of cell 'sky130_fd_sc_hd__sedfxtp_2' - skipping.
Warning: Found unsupported expression 'D&DE&!SCE|IQ&!DE&!SCE|SCD&SCE' in pin attribute of cell 'sky130_fd_sc_hd__sedfxtp_4' - skipping.
  final dff cell mappings:
    unmapped dff cell: $_DFF_N_
    \sky130_fd_sc_hd__dfxtp_1 _DFF_P_ (.CLK( C), .D( D), .Q( Q));
    \sky130_fd_sc_hd__dfrtn_1 _DFF_NN0_ (.CLK_N( C), .D( D), .Q( Q), .RESET_B( R));
    unmapped dff cell: $_DFF_NN1_
    unmapped dff cell: $_DFF_NP0_
    unmapped dff cell: $_DFF_NP1_
    \sky130_fd_sc_hd__dfrtp_1 _DFF_PN0_ (.CLK( C), .D( D), .Q( Q), .RESET_B( R));
    \sky130_fd_sc_hd__dfstp_2 _DFF_PN1_ (.CLK( C), .D( D), .Q( Q), .SET_B( R));
    unmapped dff cell: $_DFF_PP0_
    unmapped dff cell: $_DFF_PP1_
    \sky130_fd_sc_hd__dfbbn_1 _DFFSR_NNN_ (.CLK_N( C), .D( D), .Q( Q), .Q_N(~Q), .RESET_B( R), .SET_B( S));
    unmapped dff cell: $_DFFSR_NNP_
    unmapped dff cell: $_DFFSR_NPN_
    unmapped dff cell: $_DFFSR_NPP_
    \sky130_fd_sc_hd__dfbbp_1 _DFFSR_PNN_ (.CLK( C), .D( D), .Q( Q), .Q_N(~Q), .RESET_B( R), .SET_B( S));
    unmapped dff cell: $_DFFSR_PNP_
    unmapped dff cell: $_DFFSR_PPN_
    unmapped dff cell: $_DFFSR_PPP_

11.1. Executing DFFLEGALIZE pass (convert FFs to types supported by the target).
Mapping DFF cells in module `\ALU':
Mapping DFF cells in module `\ALU_control':
Mapping DFF cells in module `\Branch_Target_Buffer':
  mapped 2064 $_DFF_PN0_ cells to \sky130_fd_sc_hd__dfrtp_1 cells.
Mapping DFF cells in module `\Control':
Mapping DFF cells in module `\EX_MEM_reg':
  mapped 140 $_DFF_PN0_ cells to \sky130_fd_sc_hd__dfrtp_1 cells.
Mapping DFF cells in module `\Forwarding_Unit':
Mapping DFF cells in module `\Hazard_Detection_Unit':
Mapping DFF cells in module `\ID_EX_reg':
  mapped 314 $_DFF_PN0_ cells to \sky130_fd_sc_hd__dfrtp_1 cells.
  mapped 3 $_DFF_PN1_ cells to \sky130_fd_sc_hd__dfstp_2 cells.
Mapping DFF cells in module `\IF_ID_reg':
  mapped 93 $_DFF_PN0_ cells to \sky130_fd_sc_hd__dfrtp_1 cells.
  mapped 3 $_DFF_PN1_ cells to \sky130_fd_sc_hd__dfstp_2 cells.
Mapping DFF cells in module `\ImmGen':
Mapping DFF cells in module `\MEM_WB_reg':
  mapped 135 $_DFF_PN0_ cells to \sky130_fd_sc_hd__dfrtp_1 cells.
Mapping DFF cells in module `\MUX_2_1':
Mapping DFF cells in module `\PC':
  mapped 64 $_DFF_PN0_ cells to \sky130_fd_sc_hd__dfrtp_1 cells.
Mapping DFF cells in module `\PC_next':
Mapping DFF cells in module `\RISC_V_pipe_line':
Mapping DFF cells in module `\Register':
  mapped 2048 $_DFF_P_ cells to \sky130_fd_sc_hd__dfxtp_1 cells.

12. Executing ABC pass (technology mapping using ABC).

12.1. Extracting gate netlist of module `\ALU' to `<abc-temp-dir>/input.blif'..
Extracted 3847 gates and 3980 wires to a netlist network with 132 inputs and 67 outputs.

12.1.1. Executing ABC.
Running ABC command: "<yosys-exe-dir>/yosys-abc" -s -f <abc-temp-dir>/abc.script 2>&1
ABC: ABC command line: "source <abc-temp-dir>/abc.script".
ABC: 
ABC: + read_blif <abc-temp-dir>/input.blif 
ABC: + read_lib -w /home/trithuc/.ciel/ciel/sky130/versions/0fe599b2afb6708d281543108caf8310912f54af/sky130A/libs.ref/sky130_fd_sc_hd/lib/sky130_fd_sc_hd__tt_025C_1v80.lib 
ABC: Parsing finished successfully.  Parsing time =     0.04 sec
ABC: Scl_LibertyReadGenlib() skipped cell "sky130_fd_sc_hd__decap_12" without logic function.
ABC: Scl_LibertyReadGenlib() skipped cell "sky130_fd_sc_hd__decap_3" without logic function.
ABC: Scl_LibertyReadGenlib() skipped cell "sky130_fd_sc_hd__decap_4" without logic function.
ABC: Scl_LibertyReadGenlib() skipped cell "sky130_fd_sc_hd__decap_6" without logic function.
ABC: Scl_LibertyReadGenlib() skipped cell "sky130_fd_sc_hd__decap_8" without logic function.
ABC: Scl_LibertyReadGenlib() skipped sequential cell "sky130_fd_sc_hd__dfbbn_1".
ABC: Scl_LibertyReadGenlib() skipped sequential cell "sky130_fd_sc_hd__dfbbn_2".
ABC: Scl_LibertyReadGenlib() skipped sequential cell "sky130_fd_sc_hd__dfbbp_1".
ABC: Scl_LibertyReadGenlib() skipped sequential cell "sky130_fd_sc_hd__dfrbp_1".
ABC: Scl_LibertyReadGenlib() skipped sequential cell "sky130_fd_sc_hd__dfrbp_2".
ABC: Scl_LibertyReadGenlib() skipped sequential cell "sky130_fd_sc_hd__dfrtn_1".
ABC: Scl_LibertyReadGenlib() skipped sequential cell "sky130_fd_sc_hd__dfrtp_1".
ABC: Scl_LibertyReadGenlib() skipped sequential cell "sky130_fd_sc_hd__dfrtp_2".
ABC: Scl_LibertyReadGenlib() skipped sequential cell "sky130_fd_sc_hd__dfrtp_4".
ABC: Scl_LibertyReadGenlib() skipped sequential cell "sky130_fd_sc_hd__dfsbp_1".
ABC: Scl_LibertyReadGenlib() skipped sequential cell "sky130_fd_sc_hd__dfsbp_2".
ABC: Scl_LibertyReadGenlib() skipped sequential cell "sky130_fd_sc_hd__dfstp_1".
ABC: Scl_LibertyReadGenlib() skipped sequential cell "sky130_fd_sc_hd__dfstp_2".
ABC: Scl_LibertyReadGenlib() skipped sequential cell "sky130_fd_sc_hd__dfstp_4".
ABC: Scl_LibertyReadGenlib() skipped sequential cell "sky130_fd_sc_hd__dfxbp_1".
ABC: Scl_LibertyReadGenlib() skipped sequential cell "sky130_fd_sc_hd__dfxbp_2".
ABC: Scl_LibertyReadGenlib() skipped sequential cell "sky130_fd_sc_hd__dfxtp_1".
ABC: Scl_LibertyReadGenlib() skipped sequential cell "sky130_fd_sc_hd__dfxtp_2".
ABC: Scl_LibertyReadGenlib() skipped sequential cell "sky130_fd_sc_hd__dfxtp_4".
ABC: Scl_LibertyReadGenlib() skipped cell "sky130_fd_sc_hd__diode_2" without logic function.
ABC: Scl_LibertyReadGenlib() skipped cell "sky130_fd_sc_hd__dlclkp_1" without logic function.
ABC: Scl_LibertyReadGenlib() skipped cell "sky130_fd_sc_hd__dlclkp_2" without logic function.
ABC: Scl_LibertyReadGenlib() skipped cell "sky130_fd_sc_hd__dlclkp_4" without logic function.
ABC: Scl_LibertyReadGenlib() skipped sequential cell "sky130_fd_sc_hd__dlrbn_1".
ABC: Scl_LibertyReadGenlib() skipped sequential cell "sky130_fd_sc_hd__dlrbn_2".
ABC: Scl_LibertyReadGenlib() skipped sequential cell "sky130_fd_sc_hd__dlrbp_1".
ABC: Scl_LibertyReadGenlib() skipped sequential cell "sky130_fd_sc_hd__dlrbp_2".
ABC: Scl_LibertyReadGenlib() skipped sequential cell "sky130_fd_sc_hd__dlrtn_1".
ABC: Scl_LibertyReadGenlib() skipped sequential cell "sky130_fd_sc_hd__dlrtn_2".
ABC: Scl_LibertyReadGenlib() skipped sequential cell "sky130_fd_sc_hd__dlrtn_4".
ABC: Scl_LibertyReadGenlib() skipped sequential cell "sky130_fd_sc_hd__dlrtp_1".
ABC: Scl_LibertyReadGenlib() skipped sequential cell "sky130_fd_sc_hd__dlrtp_2".
ABC: Scl_LibertyReadGenlib() skipped sequential cell "sky130_fd_sc_hd__dlrtp_4".
ABC: Scl_LibertyReadGenlib() skipped sequential cell "sky130_fd_sc_hd__dlxbn_1".
ABC: Scl_LibertyReadGenlib() skipped sequential cell "sky130_fd_sc_hd__dlxbn_2".
ABC: Scl_LibertyReadGenlib() skipped sequential cell "sky130_fd_sc_hd__dlxbp_1".
ABC: Scl_LibertyReadGenlib() skipped sequential cell "sky130_fd_sc_hd__dlxtn_1".
ABC: Scl_LibertyReadGenlib() skipped sequential cell "sky130_fd_sc_hd__dlxtn_2".
ABC: Scl_LibertyReadGenlib() skipped sequential cell "sky130_fd_sc_hd__dlxtn_4".
ABC: Scl_LibertyReadGenlib() skipped sequential cell "sky130_fd_sc_hd__dlxtp_1".
ABC: Scl_LibertyReadGenlib() skipped three-state cell "sky130_fd_sc_hd__ebufn_1".
ABC: Scl_LibertyReadGenlib() skipped three-state cell "sky130_fd_sc_hd__ebufn_2".
ABC: Scl_LibertyReadGenlib() skipped three-state cell "sky130_fd_sc_hd__ebufn_4".
ABC: Scl_LibertyReadGenlib() skipped three-state cell "sky130_fd_sc_hd__ebufn_8".
ABC: Scl_LibertyReadGenlib() skipped sequential cell "sky130_fd_sc_hd__edfxbp_1".
ABC: Scl_LibertyReadGenlib() skipped sequential cell "sky130_fd_sc_hd__edfxtp_1".
ABC: Scl_LibertyReadGenlib() skipped three-state cell "sky130_fd_sc_hd__einvn_0".
ABC: Scl_LibertyReadGenlib() skipped three-state cell "sky130_fd_sc_hd__einvn_1".
ABC: Scl_LibertyReadGenlib() skipped three-state cell "sky130_fd_sc_hd__einvn_2".
ABC: Scl_LibertyReadGenlib() skipped three-state cell "sky130_fd_sc_hd__einvn_4".
ABC: Scl_LibertyReadGenlib() skipped three-state cell "sky130_fd_sc_hd__einvn_8".
ABC: Scl_LibertyReadGenlib() skipped three-state cell "sky130_fd_sc_hd__einvp_1".
ABC: Scl_LibertyReadGenlib() skipped three-state cell "sky130_fd_sc_hd__einvp_2".
ABC: Scl_LibertyReadGenlib() skipped three-state cell "sky130_fd_sc_hd__einvp_4".
ABC: Scl_LibertyReadGenlib() skipped three-state cell "sky130_fd_sc_hd__einvp_8".
ABC: Scl_LibertyReadGenlib() skipped cell "sky130_fd_sc_hd__lpflow_bleeder_1" without logic function.
ABC: Scl_LibertyReadGenlib() skipped cell "sky130_fd_sc_hd__lpflow_decapkapwr_12" without logic function.
ABC: Scl_LibertyReadGenlib() skipped cell "sky130_fd_sc_hd__lpflow_decapkapwr_3" without logic function.
ABC: Scl_LibertyReadGenlib() skipped cell "sky130_fd_sc_hd__lpflow_decapkapwr_4" without logic function.
ABC: Scl_LibertyReadGenlib() skipped cell "sky130_fd_sc_hd__lpflow_decapkapwr_6" without logic function.
ABC: Scl_LibertyReadGenlib() skipped cell "sky130_fd_sc_hd__lpflow_decapkapwr_8" without logic function.
ABC: Scl_LibertyReadGenlib() skipped sequential cell "sky130_fd_sc_hd__lpflow_inputisolatch_1".
ABC: Scl_LibertyReadGenlib() skipped sequential cell "sky130_fd_sc_hd__sdfbbn_1".
ABC: Scl_LibertyReadGenlib() skipped sequential cell "sky130_fd_sc_hd__sdfbbn_2".
ABC: Scl_LibertyReadGenlib() skipped sequential cell "sky130_fd_sc_hd__sdfbbp_1".
ABC: Scl_LibertyReadGenlib() skipped sequential cell "sky130_fd_sc_hd__sdfrbp_1".
ABC: Scl_LibertyReadGenlib() skipped sequential cell "sky130_fd_sc_hd__sdfrbp_2".
ABC: Scl_LibertyReadGenlib() skipped sequential cell "sky130_fd_sc_hd__sdfrtn_1".
ABC: Scl_LibertyReadGenlib() skipped sequential cell "sky130_fd_sc_hd__sdfrtp_1".
ABC: Scl_LibertyReadGenlib() skipped sequential cell "sky130_fd_sc_hd__sdfrtp_2".
ABC: Scl_LibertyReadGenlib() skipped sequential cell "sky130_fd_sc_hd__sdfrtp_4".
ABC: Scl_LibertyReadGenlib() skipped sequential cell "sky130_fd_sc_hd__sdfsbp_1".
ABC: Scl_LibertyReadGenlib() skipped sequential cell "sky130_fd_sc_hd__sdfsbp_2".
ABC: Scl_LibertyReadGenlib() skipped sequential cell "sky130_fd_sc_hd__sdfstp_1".
ABC: Scl_LibertyReadGenlib() skipped sequential cell "sky130_fd_sc_hd__sdfstp_2".
ABC: Scl_LibertyReadGenlib() skipped sequential cell "sky130_fd_sc_hd__sdfstp_4".
ABC: Scl_LibertyReadGenlib() skipped sequential cell "sky130_fd_sc_hd__sdfxbp_1".
ABC: Scl_LibertyReadGenlib() skipped sequential cell "sky130_fd_sc_hd__sdfxbp_2".
ABC: Scl_LibertyReadGenlib() skipped sequential cell "sky130_fd_sc_hd__sdfxtp_1".
ABC: Scl_LibertyReadGenlib() skipped sequential cell "sky130_fd_sc_hd__sdfxtp_2".
ABC: Scl_LibertyReadGenlib() skipped sequential cell "sky130_fd_sc_hd__sdfxtp_4".
ABC: Scl_LibertyReadGenlib() skipped cell "sky130_fd_sc_hd__sdlclkp_1" without logic function.
ABC: Scl_LibertyReadGenlib() skipped cell "sky130_fd_sc_hd__sdlclkp_2" without logic function.
ABC: Scl_LibertyReadGenlib() skipped cell "sky130_fd_sc_hd__sdlclkp_4" without logic function.
ABC: Scl_LibertyReadGenlib() skipped sequential cell "sky130_fd_sc_hd__sedfxbp_1".
ABC: Scl_LibertyReadGenlib() skipped sequential cell "sky130_fd_sc_hd__sedfxbp_2".
ABC: Scl_LibertyReadGenlib() skipped sequential cell "sky130_fd_sc_hd__sedfxtp_1".
ABC: Scl_LibertyReadGenlib() skipped sequential cell "sky130_fd_sc_hd__sedfxtp_2".
ABC: Scl_LibertyReadGenlib() skipped sequential cell "sky130_fd_sc_hd__sedfxtp_4".
ABC: Library "sky130_fd_sc_hd__tt_025C_1v80" from "/home/trithuc/.ciel/ciel/sky130/versions/0fe599b2afb6708d281543108caf8310912f54af/sky130A/libs.ref/sky130_fd_sc_hd/lib/sky130_fd_sc_hd__tt_025C_1v80.lib" has 334 cells (94 skipped: 63 seq; 13 tri-state; 18 no func; 0 dont_use).  Time =     0.06 sec
ABC: Memory =   19.85 MB. Time =     0.06 sec
ABC: Warning: Detected 9 multi-output gates (for example, "sky130_fd_sc_hd__fa_1").
ABC: + strash 
ABC: + &get -n 
ABC: + &fraig -x 
ABC: + &put 
ABC: + scorr 
ABC: Warning: The network is combinational (run "fraig" or "fraig_sweep").
ABC: + dc2 
ABC: + dretime 
ABC: + strash 
ABC: + &get -n 
ABC: + &dch -f 
ABC: + &nf 
ABC: + &put 
ABC: + write_blif <abc-temp-dir>/output.blif 

12.1.2. Re-integrating ABC results.
ABC RESULTS:   sky130_fd_sc_hd__and3b_1 cells:        1
ABC RESULTS:   sky130_fd_sc_hd__nor3b_1 cells:        8
ABC RESULTS:   sky130_fd_sc_hd__o211a_1 cells:        1
ABC RESULTS:   sky130_fd_sc_hd__a22o_1 cells:        1
ABC RESULTS:   sky130_fd_sc_hd__nand4b_1 cells:        1
ABC RESULTS:   sky130_fd_sc_hd__o31a_1 cells:        2
ABC RESULTS:   sky130_fd_sc_hd__a21boi_0 cells:        7
ABC RESULTS:   sky130_fd_sc_hd__o21ba_1 cells:        1
ABC RESULTS:   sky130_fd_sc_hd__mux4_2 cells:        5
ABC RESULTS:   sky130_fd_sc_hd__o2111a_1 cells:        1
ABC RESULTS:   sky130_fd_sc_hd__o311a_1 cells:        1
ABC RESULTS:   sky130_fd_sc_hd__a21bo_1 cells:        1
ABC RESULTS:   sky130_fd_sc_hd__a31o_1 cells:        1
ABC RESULTS:   sky130_fd_sc_hd__nor2b_1 cells:       23
ABC RESULTS:   sky130_fd_sc_hd__o41ai_1 cells:        3
ABC RESULTS:   sky130_fd_sc_hd__lpflow_isobufsrc_1 cells:       52
ABC RESULTS:   sky130_fd_sc_hd__o21bai_1 cells:        5
ABC RESULTS:   sky130_fd_sc_hd__and3_1 cells:        6
ABC RESULTS:   sky130_fd_sc_hd__o31ai_1 cells:        6
ABC RESULTS:   sky130_fd_sc_hd__a311o_1 cells:        1
ABC RESULTS:   sky130_fd_sc_hd__a311oi_1 cells:        8
ABC RESULTS:   sky130_fd_sc_hd__a222oi_1 cells:        5
ABC RESULTS:   sky130_fd_sc_hd__a221o_1 cells:       11
ABC RESULTS:   sky130_fd_sc_hd__o32a_1 cells:        1
ABC RESULTS:   sky130_fd_sc_hd__nand2b_1 cells:       77
ABC RESULTS:   sky130_fd_sc_hd__a211o_1 cells:        5
ABC RESULTS:   sky130_fd_sc_hd__o311ai_0 cells:        5
ABC RESULTS:   sky130_fd_sc_hd__and2_0 cells:       27
ABC RESULTS:   sky130_fd_sc_hd__o32ai_1 cells:        2
ABC RESULTS:   sky130_fd_sc_hd__a31oi_1 cells:       25
ABC RESULTS:   sky130_fd_sc_hd__clkinv_1 cells:       59
ABC RESULTS:   sky130_fd_sc_hd__o2111ai_1 cells:        9
ABC RESULTS:   sky130_fd_sc_hd__xor2_1 cells:       54
ABC RESULTS:   sky130_fd_sc_hd__o21a_1 cells:        9
ABC RESULTS:   sky130_fd_sc_hd__a2111oi_0 cells:        7
ABC RESULTS:   sky130_fd_sc_hd__maj3_1 cells:       28
ABC RESULTS:   sky130_fd_sc_hd__o22a_1 cells:        3
ABC RESULTS:   sky130_fd_sc_hd__nand4_1 cells:       17
ABC RESULTS:   sky130_fd_sc_hd__xnor2_1 cells:       97
ABC RESULTS:   sky130_fd_sc_hd__mux2_1 cells:       53
ABC RESULTS:   sky130_fd_sc_hd__a211oi_1 cells:       26
ABC RESULTS:   sky130_fd_sc_hd__o221ai_1 cells:       13
ABC RESULTS:   sky130_fd_sc_hd__a21o_1 cells:       18
ABC RESULTS:   sky130_fd_sc_hd__nand3_1 cells:       55
ABC RESULTS:   sky130_fd_sc_hd__a2bb2oi_1 cells:        4
ABC RESULTS:   sky130_fd_sc_hd__mux2i_1 cells:      112
ABC RESULTS:   sky130_fd_sc_hd__a21oi_1 cells:      396
ABC RESULTS:   sky130_fd_sc_hd__a22oi_1 cells:       18
ABC RESULTS:   sky130_fd_sc_hd__nand2_1 cells:      448
ABC RESULTS:   sky130_fd_sc_hd__a32oi_1 cells:        9
ABC RESULTS:   sky130_fd_sc_hd__o211ai_1 cells:       41
ABC RESULTS:   sky130_fd_sc_hd__lpflow_inputiso1p_1 cells:       27
ABC RESULTS:   sky130_fd_sc_hd__o2bb2ai_1 cells:        4
ABC RESULTS:   sky130_fd_sc_hd__o22ai_1 cells:       34
ABC RESULTS:   sky130_fd_sc_hd__nor4b_1 cells:        1
ABC RESULTS:   sky130_fd_sc_hd__or3b_1 cells:        3
ABC RESULTS:   sky130_fd_sc_hd__nand3b_1 cells:        3
ABC RESULTS:   sky130_fd_sc_hd__or4_1 cells:       12
ABC RESULTS:   sky130_fd_sc_hd__nor4_1 cells:       11
ABC RESULTS:   sky130_fd_sc_hd__nand4bb_1 cells:        1
ABC RESULTS:   sky130_fd_sc_hd__nor3_1 cells:       39
ABC RESULTS:   sky130_fd_sc_hd__nor4bb_1 cells:        1
ABC RESULTS:   sky130_fd_sc_hd__nor2_1 cells:      382
ABC RESULTS:   sky130_fd_sc_hd__o21ai_0 cells:      324
ABC RESULTS:   sky130_fd_sc_hd__or3_1 cells:        8
ABC RESULTS:   sky130_fd_sc_hd__a221oi_1 cells:       30
ABC RESULTS:        internal signals:     3781
ABC RESULTS:           input signals:      132
ABC RESULTS:          output signals:       67
Removing temp directory.

12.2. Extracting gate netlist of module `\ALU_control' to `<abc-temp-dir>/input.blif'..
Extracted 87 gates and 95 wires to a netlist network with 7 inputs and 4 outputs.

12.2.1. Executing ABC.
Running ABC command: "<yosys-exe-dir>/yosys-abc" -s -f <abc-temp-dir>/abc.script 2>&1
ABC: ABC command line: "source <abc-temp-dir>/abc.script".
ABC: 
ABC: + read_blif <abc-temp-dir>/input.blif 
ABC: + read_lib -w /home/trithuc/.ciel/ciel/sky130/versions/0fe599b2afb6708d281543108caf8310912f54af/sky130A/libs.ref/sky130_fd_sc_hd/lib/sky130_fd_sc_hd__tt_025C_1v80.lib 
ABC: Parsing finished successfully.  Parsing time =     0.04 sec
ABC: Scl_LibertyReadGenlib() skipped cell "sky130_fd_sc_hd__decap_12" without logic function.
ABC: Scl_LibertyReadGenlib() skipped cell "sky130_fd_sc_hd__decap_3" without logic function.
ABC: Scl_LibertyReadGenlib() skipped cell "sky130_fd_sc_hd__decap_4" without logic function.
ABC: Scl_LibertyReadGenlib() skipped cell "sky130_fd_sc_hd__decap_6" without logic function.
ABC: Scl_LibertyReadGenlib() skipped cell "sky130_fd_sc_hd__decap_8" without logic function.
ABC: Scl_LibertyReadGenlib() skipped sequential cell "sky130_fd_sc_hd__dfbbn_1".
ABC: Scl_LibertyReadGenlib() skipped sequential cell "sky130_fd_sc_hd__dfbbn_2".
ABC: Scl_LibertyReadGenlib() skipped sequential cell "sky130_fd_sc_hd__dfbbp_1".
ABC: Scl_LibertyReadGenlib() skipped sequential cell "sky130_fd_sc_hd__dfrbp_1".
ABC: Scl_LibertyReadGenlib() skipped sequential cell "sky130_fd_sc_hd__dfrbp_2".
ABC: Scl_LibertyReadGenlib() skipped sequential cell "sky130_fd_sc_hd__dfrtn_1".
ABC: Scl_LibertyReadGenlib() skipped sequential cell "sky130_fd_sc_hd__dfrtp_1".
ABC: Scl_LibertyReadGenlib() skipped sequential cell "sky130_fd_sc_hd__dfrtp_2".
ABC: Scl_LibertyReadGenlib() skipped sequential cell "sky130_fd_sc_hd__dfrtp_4".
ABC: Scl_LibertyReadGenlib() skipped sequential cell "sky130_fd_sc_hd__dfsbp_1".
ABC: Scl_LibertyReadGenlib() skipped sequential cell "sky130_fd_sc_hd__dfsbp_2".
ABC: Scl_LibertyReadGenlib() skipped sequential cell "sky130_fd_sc_hd__dfstp_1".
ABC: Scl_LibertyReadGenlib() skipped sequential cell "sky130_fd_sc_hd__dfstp_2".
ABC: Scl_LibertyReadGenlib() skipped sequential cell "sky130_fd_sc_hd__dfstp_4".
ABC: Scl_LibertyReadGenlib() skipped sequential cell "sky130_fd_sc_hd__dfxbp_1".
ABC: Scl_LibertyReadGenlib() skipped sequential cell "sky130_fd_sc_hd__dfxbp_2".
ABC: Scl_LibertyReadGenlib() skipped sequential cell "sky130_fd_sc_hd__dfxtp_1".
ABC: Scl_LibertyReadGenlib() skipped sequential cell "sky130_fd_sc_hd__dfxtp_2".
ABC: Scl_LibertyReadGenlib() skipped sequential cell "sky130_fd_sc_hd__dfxtp_4".
ABC: Scl_LibertyReadGenlib() skipped cell "sky130_fd_sc_hd__diode_2" without logic function.
ABC: Scl_LibertyReadGenlib() skipped cell "sky130_fd_sc_hd__dlclkp_1" without logic function.
ABC: Scl_LibertyReadGenlib() skipped cell "sky130_fd_sc_hd__dlclkp_2" without logic function.
ABC: Scl_LibertyReadGenlib() skipped cell "sky130_fd_sc_hd__dlclkp_4" without logic function.
ABC: Scl_LibertyReadGenlib() skipped sequential cell "sky130_fd_sc_hd__dlrbn_1".
ABC: Scl_LibertyReadGenlib() skipped sequential cell "sky130_fd_sc_hd__dlrbn_2".
ABC: Scl_LibertyReadGenlib() skipped sequential cell "sky130_fd_sc_hd__dlrbp_1".
ABC: Scl_LibertyReadGenlib() skipped sequential cell "sky130_fd_sc_hd__dlrbp_2".
ABC: Scl_LibertyReadGenlib() skipped sequential cell "sky130_fd_sc_hd__dlrtn_1".
ABC: Scl_LibertyReadGenlib() skipped sequential cell "sky130_fd_sc_hd__dlrtn_2".
ABC: Scl_LibertyReadGenlib() skipped sequential cell "sky130_fd_sc_hd__dlrtn_4".
ABC: Scl_LibertyReadGenlib() skipped sequential cell "sky130_fd_sc_hd__dlrtp_1".
ABC: Scl_LibertyReadGenlib() skipped sequential cell "sky130_fd_sc_hd__dlrtp_2".
ABC: Scl_LibertyReadGenlib() skipped sequential cell "sky130_fd_sc_hd__dlrtp_4".
ABC: Scl_LibertyReadGenlib() skipped sequential cell "sky130_fd_sc_hd__dlxbn_1".
ABC: Scl_LibertyReadGenlib() skipped sequential cell "sky130_fd_sc_hd__dlxbn_2".
ABC: Scl_LibertyReadGenlib() skipped sequential cell "sky130_fd_sc_hd__dlxbp_1".
ABC: Scl_LibertyReadGenlib() skipped sequential cell "sky130_fd_sc_hd__dlxtn_1".
ABC: Scl_LibertyReadGenlib() skipped sequential cell "sky130_fd_sc_hd__dlxtn_2".
ABC: Scl_LibertyReadGenlib() skipped sequential cell "sky130_fd_sc_hd__dlxtn_4".
ABC: Scl_LibertyReadGenlib() skipped sequential cell "sky130_fd_sc_hd__dlxtp_1".
ABC: Scl_LibertyReadGenlib() skipped three-state cell "sky130_fd_sc_hd__ebufn_1".
ABC: Scl_LibertyReadGenlib() skipped three-state cell "sky130_fd_sc_hd__ebufn_2".
ABC: Scl_LibertyReadGenlib() skipped three-state cell "sky130_fd_sc_hd__ebufn_4".
ABC: Scl_LibertyReadGenlib() skipped three-state cell "sky130_fd_sc_hd__ebufn_8".
ABC: Scl_LibertyReadGenlib() skipped sequential cell "sky130_fd_sc_hd__edfxbp_1".
ABC: Scl_LibertyReadGenlib() skipped sequential cell "sky130_fd_sc_hd__edfxtp_1".
ABC: Scl_LibertyReadGenlib() skipped three-state cell "sky130_fd_sc_hd__einvn_0".
ABC: Scl_LibertyReadGenlib() skipped three-state cell "sky130_fd_sc_hd__einvn_1".
ABC: Scl_LibertyReadGenlib() skipped three-state cell "sky130_fd_sc_hd__einvn_2".
ABC: Scl_LibertyReadGenlib() skipped three-state cell "sky130_fd_sc_hd__einvn_4".
ABC: Scl_LibertyReadGenlib() skipped three-state cell "sky130_fd_sc_hd__einvn_8".
ABC: Scl_LibertyReadGenlib() skipped three-state cell "sky130_fd_sc_hd__einvp_1".
ABC: Scl_LibertyReadGenlib() skipped three-state cell "sky130_fd_sc_hd__einvp_2".
ABC: Scl_LibertyReadGenlib() skipped three-state cell "sky130_fd_sc_hd__einvp_4".
ABC: Scl_LibertyReadGenlib() skipped three-state cell "sky130_fd_sc_hd__einvp_8".
ABC: Scl_LibertyReadGenlib() skipped cell "sky130_fd_sc_hd__lpflow_bleeder_1" without logic function.
ABC: Scl_LibertyReadGenlib() skipped cell "sky130_fd_sc_hd__lpflow_decapkapwr_12" without logic function.
ABC: Scl_LibertyReadGenlib() skipped cell "sky130_fd_sc_hd__lpflow_decapkapwr_3" without logic function.
ABC: Scl_LibertyReadGenlib() skipped cell "sky130_fd_sc_hd__lpflow_decapkapwr_4" without logic function.
ABC: Scl_LibertyReadGenlib() skipped cell "sky130_fd_sc_hd__lpflow_decapkapwr_6" without logic function.
ABC: Scl_LibertyReadGenlib() skipped cell "sky130_fd_sc_hd__lpflow_decapkapwr_8" without logic function.
ABC: Scl_LibertyReadGenlib() skipped sequential cell "sky130_fd_sc_hd__lpflow_inputisolatch_1".
ABC: Scl_LibertyReadGenlib() skipped sequential cell "sky130_fd_sc_hd__sdfbbn_1".
ABC: Scl_LibertyReadGenlib() skipped sequential cell "sky130_fd_sc_hd__sdfbbn_2".
ABC: Scl_LibertyReadGenlib() skipped sequential cell "sky130_fd_sc_hd__sdfbbp_1".
ABC: Scl_LibertyReadGenlib() skipped sequential cell "sky130_fd_sc_hd__sdfrbp_1".
ABC: Scl_LibertyReadGenlib() skipped sequential cell "sky130_fd_sc_hd__sdfrbp_2".
ABC: Scl_LibertyReadGenlib() skipped sequential cell "sky130_fd_sc_hd__sdfrtn_1".
ABC: Scl_LibertyReadGenlib() skipped sequential cell "sky130_fd_sc_hd__sdfrtp_1".
ABC: Scl_LibertyReadGenlib() skipped sequential cell "sky130_fd_sc_hd__sdfrtp_2".
ABC: Scl_LibertyReadGenlib() skipped sequential cell "sky130_fd_sc_hd__sdfrtp_4".
ABC: Scl_LibertyReadGenlib() skipped sequential cell "sky130_fd_sc_hd__sdfsbp_1".
ABC: Scl_LibertyReadGenlib() skipped sequential cell "sky130_fd_sc_hd__sdfsbp_2".
ABC: Scl_LibertyReadGenlib() skipped sequential cell "sky130_fd_sc_hd__sdfstp_1".
ABC: Scl_LibertyReadGenlib() skipped sequential cell "sky130_fd_sc_hd__sdfstp_2".
ABC: Scl_LibertyReadGenlib() skipped sequential cell "sky130_fd_sc_hd__sdfstp_4".
ABC: Scl_LibertyReadGenlib() skipped sequential cell "sky130_fd_sc_hd__sdfxbp_1".
ABC: Scl_LibertyReadGenlib() skipped sequential cell "sky130_fd_sc_hd__sdfxbp_2".
ABC: Scl_LibertyReadGenlib() skipped sequential cell "sky130_fd_sc_hd__sdfxtp_1".
ABC: Scl_LibertyReadGenlib() skipped sequential cell "sky130_fd_sc_hd__sdfxtp_2".
ABC: Scl_LibertyReadGenlib() skipped sequential cell "sky130_fd_sc_hd__sdfxtp_4".
ABC: Scl_LibertyReadGenlib() skipped cell "sky130_fd_sc_hd__sdlclkp_1" without logic function.
ABC: Scl_LibertyReadGenlib() skipped cell "sky130_fd_sc_hd__sdlclkp_2" without logic function.
ABC: Scl_LibertyReadGenlib() skipped cell "sky130_fd_sc_hd__sdlclkp_4" without logic function.
ABC: Scl_LibertyReadGenlib() skipped sequential cell "sky130_fd_sc_hd__sedfxbp_1".
ABC: Scl_LibertyReadGenlib() skipped sequential cell "sky130_fd_sc_hd__sedfxbp_2".
ABC: Scl_LibertyReadGenlib() skipped sequential cell "sky130_fd_sc_hd__sedfxtp_1".
ABC: Scl_LibertyReadGenlib() skipped sequential cell "sky130_fd_sc_hd__sedfxtp_2".
ABC: Scl_LibertyReadGenlib() skipped sequential cell "sky130_fd_sc_hd__sedfxtp_4".
ABC: Library "sky130_fd_sc_hd__tt_025C_1v80" from "/home/trithuc/.ciel/ciel/sky130/versions/0fe599b2afb6708d281543108caf8310912f54af/sky130A/libs.ref/sky130_fd_sc_hd/lib/sky130_fd_sc_hd__tt_025C_1v80.lib" has 334 cells (94 skipped: 63 seq; 13 tri-state; 18 no func; 0 dont_use).  Time =     0.06 sec
ABC: Memory =   19.85 MB. Time =     0.06 sec
ABC: Warning: Detected 9 multi-output gates (for example, "sky130_fd_sc_hd__fa_1").
ABC: + strash 
ABC: + &get -n 
ABC: + &fraig -x 
ABC: + &put 
ABC: + scorr 
ABC: Warning: The network is combinational (run "fraig" or "fraig_sweep").
ABC: + dc2 
ABC: + dretime 
ABC: + strash 
ABC: + &get -n 
ABC: + &dch -f 
ABC: + &nf 
ABC: + &put 
ABC: + write_blif <abc-temp-dir>/output.blif 

12.2.2. Re-integrating ABC results.
ABC RESULTS:   sky130_fd_sc_hd__nor3b_1 cells:        1
ABC RESULTS:   sky130_fd_sc_hd__lpflow_isobufsrc_1 cells:        3
ABC RESULTS:   sky130_fd_sc_hd__o2111ai_1 cells:        1
ABC RESULTS:   sky130_fd_sc_hd__nor2_1 cells:        1
ABC RESULTS:   sky130_fd_sc_hd__o21ai_0 cells:        2
ABC RESULTS:   sky130_fd_sc_hd__a21o_1 cells:        1
ABC RESULTS:   sky130_fd_sc_hd__nand4_1 cells:        2
ABC RESULTS:   sky130_fd_sc_hd__a31oi_1 cells:        1
ABC RESULTS:   sky130_fd_sc_hd__nand3_1 cells:        1
ABC RESULTS:   sky130_fd_sc_hd__nand2_1 cells:        4
ABC RESULTS:        internal signals:       84
ABC RESULTS:           input signals:        7
ABC RESULTS:          output signals:        4
Removing temp directory.

12.3. Extracting gate netlist of module `\Branch_Target_Buffer' to `<abc-temp-dir>/input.blif'..
Extracted 6521 gates and 8781 wires to a netlist network with 2258 inputs and 2129 outputs.

12.3.1. Executing ABC.
Running ABC command: "<yosys-exe-dir>/yosys-abc" -s -f <abc-temp-dir>/abc.script 2>&1
ABC: ABC command line: "source <abc-temp-dir>/abc.script".
ABC: 
ABC: + read_blif <abc-temp-dir>/input.blif 
ABC: + read_lib -w /home/trithuc/.ciel/ciel/sky130/versions/0fe599b2afb6708d281543108caf8310912f54af/sky130A/libs.ref/sky130_fd_sc_hd/lib/sky130_fd_sc_hd__tt_025C_1v80.lib 
ABC: Parsing finished successfully.  Parsing time =     0.04 sec
ABC: Scl_LibertyReadGenlib() skipped cell "sky130_fd_sc_hd__decap_12" without logic function.
ABC: Scl_LibertyReadGenlib() skipped cell "sky130_fd_sc_hd__decap_3" without logic function.
ABC: Scl_LibertyReadGenlib() skipped cell "sky130_fd_sc_hd__decap_4" without logic function.
ABC: Scl_LibertyReadGenlib() skipped cell "sky130_fd_sc_hd__decap_6" without logic function.
ABC: Scl_LibertyReadGenlib() skipped cell "sky130_fd_sc_hd__decap_8" without logic function.
ABC: Scl_LibertyReadGenlib() skipped sequential cell "sky130_fd_sc_hd__dfbbn_1".
ABC: Scl_LibertyReadGenlib() skipped sequential cell "sky130_fd_sc_hd__dfbbn_2".
ABC: Scl_LibertyReadGenlib() skipped sequential cell "sky130_fd_sc_hd__dfbbp_1".
ABC: Scl_LibertyReadGenlib() skipped sequential cell "sky130_fd_sc_hd__dfrbp_1".
ABC: Scl_LibertyReadGenlib() skipped sequential cell "sky130_fd_sc_hd__dfrbp_2".
ABC: Scl_LibertyReadGenlib() skipped sequential cell "sky130_fd_sc_hd__dfrtn_1".
ABC: Scl_LibertyReadGenlib() skipped sequential cell "sky130_fd_sc_hd__dfrtp_1".
ABC: Scl_LibertyReadGenlib() skipped sequential cell "sky130_fd_sc_hd__dfrtp_2".
ABC: Scl_LibertyReadGenlib() skipped sequential cell "sky130_fd_sc_hd__dfrtp_4".
ABC: Scl_LibertyReadGenlib() skipped sequential cell "sky130_fd_sc_hd__dfsbp_1".
ABC: Scl_LibertyReadGenlib() skipped sequential cell "sky130_fd_sc_hd__dfsbp_2".
ABC: Scl_LibertyReadGenlib() skipped sequential cell "sky130_fd_sc_hd__dfstp_1".
ABC: Scl_LibertyReadGenlib() skipped sequential cell "sky130_fd_sc_hd__dfstp_2".
ABC: Scl_LibertyReadGenlib() skipped sequential cell "sky130_fd_sc_hd__dfstp_4".
ABC: Scl_LibertyReadGenlib() skipped sequential cell "sky130_fd_sc_hd__dfxbp_1".
ABC: Scl_LibertyReadGenlib() skipped sequential cell "sky130_fd_sc_hd__dfxbp_2".
ABC: Scl_LibertyReadGenlib() skipped sequential cell "sky130_fd_sc_hd__dfxtp_1".
ABC: Scl_LibertyReadGenlib() skipped sequential cell "sky130_fd_sc_hd__dfxtp_2".
ABC: Scl_LibertyReadGenlib() skipped sequential cell "sky130_fd_sc_hd__dfxtp_4".
ABC: Scl_LibertyReadGenlib() skipped cell "sky130_fd_sc_hd__diode_2" without logic function.
ABC: Scl_LibertyReadGenlib() skipped cell "sky130_fd_sc_hd__dlclkp_1" without logic function.
ABC: Scl_LibertyReadGenlib() skipped cell "sky130_fd_sc_hd__dlclkp_2" without logic function.
ABC: Scl_LibertyReadGenlib() skipped cell "sky130_fd_sc_hd__dlclkp_4" without logic function.
ABC: Scl_LibertyReadGenlib() skipped sequential cell "sky130_fd_sc_hd__dlrbn_1".
ABC: Scl_LibertyReadGenlib() skipped sequential cell "sky130_fd_sc_hd__dlrbn_2".
ABC: Scl_LibertyReadGenlib() skipped sequential cell "sky130_fd_sc_hd__dlrbp_1".
ABC: Scl_LibertyReadGenlib() skipped sequential cell "sky130_fd_sc_hd__dlrbp_2".
ABC: Scl_LibertyReadGenlib() skipped sequential cell "sky130_fd_sc_hd__dlrtn_1".
ABC: Scl_LibertyReadGenlib() skipped sequential cell "sky130_fd_sc_hd__dlrtn_2".
ABC: Scl_LibertyReadGenlib() skipped sequential cell "sky130_fd_sc_hd__dlrtn_4".
ABC: Scl_LibertyReadGenlib() skipped sequential cell "sky130_fd_sc_hd__dlrtp_1".
ABC: Scl_LibertyReadGenlib() skipped sequential cell "sky130_fd_sc_hd__dlrtp_2".
ABC: Scl_LibertyReadGenlib() skipped sequential cell "sky130_fd_sc_hd__dlrtp_4".
ABC: Scl_LibertyReadGenlib() skipped sequential cell "sky130_fd_sc_hd__dlxbn_1".
ABC: Scl_LibertyReadGenlib() skipped sequential cell "sky130_fd_sc_hd__dlxbn_2".
ABC: Scl_LibertyReadGenlib() skipped sequential cell "sky130_fd_sc_hd__dlxbp_1".
ABC: Scl_LibertyReadGenlib() skipped sequential cell "sky130_fd_sc_hd__dlxtn_1".
ABC: Scl_LibertyReadGenlib() skipped sequential cell "sky130_fd_sc_hd__dlxtn_2".
ABC: Scl_LibertyReadGenlib() skipped sequential cell "sky130_fd_sc_hd__dlxtn_4".
ABC: Scl_LibertyReadGenlib() skipped sequential cell "sky130_fd_sc_hd__dlxtp_1".
ABC: Scl_LibertyReadGenlib() skipped three-state cell "sky130_fd_sc_hd__ebufn_1".
ABC: Scl_LibertyReadGenlib() skipped three-state cell "sky130_fd_sc_hd__ebufn_2".
ABC: Scl_LibertyReadGenlib() skipped three-state cell "sky130_fd_sc_hd__ebufn_4".
ABC: Scl_LibertyReadGenlib() skipped three-state cell "sky130_fd_sc_hd__ebufn_8".
ABC: Scl_LibertyReadGenlib() skipped sequential cell "sky130_fd_sc_hd__edfxbp_1".
ABC: Scl_LibertyReadGenlib() skipped sequential cell "sky130_fd_sc_hd__edfxtp_1".
ABC: Scl_LibertyReadGenlib() skipped three-state cell "sky130_fd_sc_hd__einvn_0".
ABC: Scl_LibertyReadGenlib() skipped three-state cell "sky130_fd_sc_hd__einvn_1".
ABC: Scl_LibertyReadGenlib() skipped three-state cell "sky130_fd_sc_hd__einvn_2".
ABC: Scl_LibertyReadGenlib() skipped three-state cell "sky130_fd_sc_hd__einvn_4".
ABC: Scl_LibertyReadGenlib() skipped three-state cell "sky130_fd_sc_hd__einvn_8".
ABC: Scl_LibertyReadGenlib() skipped three-state cell "sky130_fd_sc_hd__einvp_1".
ABC: Scl_LibertyReadGenlib() skipped three-state cell "sky130_fd_sc_hd__einvp_2".
ABC: Scl_LibertyReadGenlib() skipped three-state cell "sky130_fd_sc_hd__einvp_4".
ABC: Scl_LibertyReadGenlib() skipped three-state cell "sky130_fd_sc_hd__einvp_8".
ABC: Scl_LibertyReadGenlib() skipped cell "sky130_fd_sc_hd__lpflow_bleeder_1" without logic function.
ABC: Scl_LibertyReadGenlib() skipped cell "sky130_fd_sc_hd__lpflow_decapkapwr_12" without logic function.
ABC: Scl_LibertyReadGenlib() skipped cell "sky130_fd_sc_hd__lpflow_decapkapwr_3" without logic function.
ABC: Scl_LibertyReadGenlib() skipped cell "sky130_fd_sc_hd__lpflow_decapkapwr_4" without logic function.
ABC: Scl_LibertyReadGenlib() skipped cell "sky130_fd_sc_hd__lpflow_decapkapwr_6" without logic function.
ABC: Scl_LibertyReadGenlib() skipped cell "sky130_fd_sc_hd__lpflow_decapkapwr_8" without logic function.
ABC: Scl_LibertyReadGenlib() skipped sequential cell "sky130_fd_sc_hd__lpflow_inputisolatch_1".
ABC: Scl_LibertyReadGenlib() skipped sequential cell "sky130_fd_sc_hd__sdfbbn_1".
ABC: Scl_LibertyReadGenlib() skipped sequential cell "sky130_fd_sc_hd__sdfbbn_2".
ABC: Scl_LibertyReadGenlib() skipped sequential cell "sky130_fd_sc_hd__sdfbbp_1".
ABC: Scl_LibertyReadGenlib() skipped sequential cell "sky130_fd_sc_hd__sdfrbp_1".
ABC: Scl_LibertyReadGenlib() skipped sequential cell "sky130_fd_sc_hd__sdfrbp_2".
ABC: Scl_LibertyReadGenlib() skipped sequential cell "sky130_fd_sc_hd__sdfrtn_1".
ABC: Scl_LibertyReadGenlib() skipped sequential cell "sky130_fd_sc_hd__sdfrtp_1".
ABC: Scl_LibertyReadGenlib() skipped sequential cell "sky130_fd_sc_hd__sdfrtp_2".
ABC: Scl_LibertyReadGenlib() skipped sequential cell "sky130_fd_sc_hd__sdfrtp_4".
ABC: Scl_LibertyReadGenlib() skipped sequential cell "sky130_fd_sc_hd__sdfsbp_1".
ABC: Scl_LibertyReadGenlib() skipped sequential cell "sky130_fd_sc_hd__sdfsbp_2".
ABC: Scl_LibertyReadGenlib() skipped sequential cell "sky130_fd_sc_hd__sdfstp_1".
ABC: Scl_LibertyReadGenlib() skipped sequential cell "sky130_fd_sc_hd__sdfstp_2".
ABC: Scl_LibertyReadGenlib() skipped sequential cell "sky130_fd_sc_hd__sdfstp_4".
ABC: Scl_LibertyReadGenlib() skipped sequential cell "sky130_fd_sc_hd__sdfxbp_1".
ABC: Scl_LibertyReadGenlib() skipped sequential cell "sky130_fd_sc_hd__sdfxbp_2".
ABC: Scl_LibertyReadGenlib() skipped sequential cell "sky130_fd_sc_hd__sdfxtp_1".
ABC: Scl_LibertyReadGenlib() skipped sequential cell "sky130_fd_sc_hd__sdfxtp_2".
ABC: Scl_LibertyReadGenlib() skipped sequential cell "sky130_fd_sc_hd__sdfxtp_4".
ABC: Scl_LibertyReadGenlib() skipped cell "sky130_fd_sc_hd__sdlclkp_1" without logic function.
ABC: Scl_LibertyReadGenlib() skipped cell "sky130_fd_sc_hd__sdlclkp_2" without logic function.
ABC: Scl_LibertyReadGenlib() skipped cell "sky130_fd_sc_hd__sdlclkp_4" without logic function.
ABC: Scl_LibertyReadGenlib() skipped sequential cell "sky130_fd_sc_hd__sedfxbp_1".
ABC: Scl_LibertyReadGenlib() skipped sequential cell "sky130_fd_sc_hd__sedfxbp_2".
ABC: Scl_LibertyReadGenlib() skipped sequential cell "sky130_fd_sc_hd__sedfxtp_1".
ABC: Scl_LibertyReadGenlib() skipped sequential cell "sky130_fd_sc_hd__sedfxtp_2".
ABC: Scl_LibertyReadGenlib() skipped sequential cell "sky130_fd_sc_hd__sedfxtp_4".
ABC: Library "sky130_fd_sc_hd__tt_025C_1v80" from "/home/trithuc/.ciel/ciel/sky130/versions/0fe599b2afb6708d281543108caf8310912f54af/sky130A/libs.ref/sky130_fd_sc_hd/lib/sky130_fd_sc_hd__tt_025C_1v80.lib" has 334 cells (94 skipped: 63 seq; 13 tri-state; 18 no func; 0 dont_use).  Time =     0.06 sec
ABC: Memory =   19.85 MB. Time =     0.06 sec
ABC: Warning: Detected 9 multi-output gates (for example, "sky130_fd_sc_hd__fa_1").
ABC: + strash 
ABC: + &get -n 
ABC: + &fraig -x 
ABC: + &put 
ABC: + scorr 
ABC: Warning: The network is combinational (run "fraig" or "fraig_sweep").
ABC: + dc2 
ABC: + dretime 
ABC: + strash 
ABC: + &get -n 
ABC: + &dch -f 
ABC: + &nf 
ABC: + &put 
ABC: + write_blif <abc-temp-dir>/output.blif 

12.3.2. Re-integrating ABC results.
ABC RESULTS:   sky130_fd_sc_hd__lpflow_isobufsrc_1 cells:       10
ABC RESULTS:   sky130_fd_sc_hd__and2_0 cells:       29
ABC RESULTS:   sky130_fd_sc_hd__nand2b_1 cells:       31
ABC RESULTS:   sky130_fd_sc_hd__mux2_1 cells:     1984
ABC RESULTS:   sky130_fd_sc_hd__a21boi_0 cells:        1
ABC RESULTS:   sky130_fd_sc_hd__lpflow_inputiso1p_1 cells:        4
ABC RESULTS:   sky130_fd_sc_hd__a2bb2oi_1 cells:        6
ABC RESULTS:   sky130_fd_sc_hd__o211ai_1 cells:        1
ABC RESULTS:   sky130_fd_sc_hd__xnor2_1 cells:        4
ABC RESULTS:   sky130_fd_sc_hd__o221ai_1 cells:        1
ABC RESULTS:   sky130_fd_sc_hd__xor2_1 cells:       18
ABC RESULTS:   sky130_fd_sc_hd__and4b_1 cells:        5
ABC RESULTS:   sky130_fd_sc_hd__nor2_1 cells:        8
ABC RESULTS:   sky130_fd_sc_hd__a21oi_1 cells:        3
ABC RESULTS:   sky130_fd_sc_hd__nor4bb_1 cells:        7
ABC RESULTS:   sky130_fd_sc_hd__nand2_1 cells:       91
ABC RESULTS:   sky130_fd_sc_hd__or3_1 cells:        4
ABC RESULTS:   sky130_fd_sc_hd__a2111oi_0 cells:        4
ABC RESULTS:   sky130_fd_sc_hd__o2111a_1 cells:        3
ABC RESULTS:   sky130_fd_sc_hd__and4_1 cells:       16
ABC RESULTS:   sky130_fd_sc_hd__nand3_1 cells:       48
ABC RESULTS:   sky130_fd_sc_hd__a21o_1 cells:        7
ABC RESULTS:   sky130_fd_sc_hd__nand4b_1 cells:        3
ABC RESULTS:   sky130_fd_sc_hd__o21a_1 cells:        7
ABC RESULTS:   sky130_fd_sc_hd__nor3_1 cells:       49
ABC RESULTS:   sky130_fd_sc_hd__o21ai_0 cells:       27
ABC RESULTS:   sky130_fd_sc_hd__nor4b_1 cells:        8
ABC RESULTS:   sky130_fd_sc_hd__or4b_1 cells:        1
ABC RESULTS:   sky130_fd_sc_hd__nor4_1 cells:        5
ABC RESULTS:   sky130_fd_sc_hd__nand4_1 cells:       67
ABC RESULTS:   sky130_fd_sc_hd__clkinv_1 cells:       27
ABC RESULTS:   sky130_fd_sc_hd__a22o_1 cells:      132
ABC RESULTS:   sky130_fd_sc_hd__a22oi_1 cells:      469
ABC RESULTS:   sky130_fd_sc_hd__a221oi_1 cells:      132
ABC RESULTS:   sky130_fd_sc_hd__and3_1 cells:       65
ABC RESULTS:   sky130_fd_sc_hd__a222oi_1 cells:      199
ABC RESULTS:   sky130_fd_sc_hd__a31oi_1 cells:       64
ABC RESULTS:        internal signals:     4394
ABC RESULTS:           input signals:     2258
ABC RESULTS:          output signals:     2129
Removing temp directory.

12.4. Extracting gate netlist of module `\Control' to `<abc-temp-dir>/input.blif'..
Extracted 74 gates and 82 wires to a netlist network with 7 inputs and 10 outputs.

12.4.1. Executing ABC.
Running ABC command: "<yosys-exe-dir>/yosys-abc" -s -f <abc-temp-dir>/abc.script 2>&1
ABC: ABC command line: "source <abc-temp-dir>/abc.script".
ABC: 
ABC: + read_blif <abc-temp-dir>/input.blif 
ABC: + read_lib -w /home/trithuc/.ciel/ciel/sky130/versions/0fe599b2afb6708d281543108caf8310912f54af/sky130A/libs.ref/sky130_fd_sc_hd/lib/sky130_fd_sc_hd__tt_025C_1v80.lib 
ABC: Parsing finished successfully.  Parsing time =     0.04 sec
ABC: Scl_LibertyReadGenlib() skipped cell "sky130_fd_sc_hd__decap_12" without logic function.
ABC: Scl_LibertyReadGenlib() skipped cell "sky130_fd_sc_hd__decap_3" without logic function.
ABC: Scl_LibertyReadGenlib() skipped cell "sky130_fd_sc_hd__decap_4" without logic function.
ABC: Scl_LibertyReadGenlib() skipped cell "sky130_fd_sc_hd__decap_6" without logic function.
ABC: Scl_LibertyReadGenlib() skipped cell "sky130_fd_sc_hd__decap_8" without logic function.
ABC: Scl_LibertyReadGenlib() skipped sequential cell "sky130_fd_sc_hd__dfbbn_1".
ABC: Scl_LibertyReadGenlib() skipped sequential cell "sky130_fd_sc_hd__dfbbn_2".
ABC: Scl_LibertyReadGenlib() skipped sequential cell "sky130_fd_sc_hd__dfbbp_1".
ABC: Scl_LibertyReadGenlib() skipped sequential cell "sky130_fd_sc_hd__dfrbp_1".
ABC: Scl_LibertyReadGenlib() skipped sequential cell "sky130_fd_sc_hd__dfrbp_2".
ABC: Scl_LibertyReadGenlib() skipped sequential cell "sky130_fd_sc_hd__dfrtn_1".
ABC: Scl_LibertyReadGenlib() skipped sequential cell "sky130_fd_sc_hd__dfrtp_1".
ABC: Scl_LibertyReadGenlib() skipped sequential cell "sky130_fd_sc_hd__dfrtp_2".
ABC: Scl_LibertyReadGenlib() skipped sequential cell "sky130_fd_sc_hd__dfrtp_4".
ABC: Scl_LibertyReadGenlib() skipped sequential cell "sky130_fd_sc_hd__dfsbp_1".
ABC: Scl_LibertyReadGenlib() skipped sequential cell "sky130_fd_sc_hd__dfsbp_2".
ABC: Scl_LibertyReadGenlib() skipped sequential cell "sky130_fd_sc_hd__dfstp_1".
ABC: Scl_LibertyReadGenlib() skipped sequential cell "sky130_fd_sc_hd__dfstp_2".
ABC: Scl_LibertyReadGenlib() skipped sequential cell "sky130_fd_sc_hd__dfstp_4".
ABC: Scl_LibertyReadGenlib() skipped sequential cell "sky130_fd_sc_hd__dfxbp_1".
ABC: Scl_LibertyReadGenlib() skipped sequential cell "sky130_fd_sc_hd__dfxbp_2".
ABC: Scl_LibertyReadGenlib() skipped sequential cell "sky130_fd_sc_hd__dfxtp_1".
ABC: Scl_LibertyReadGenlib() skipped sequential cell "sky130_fd_sc_hd__dfxtp_2".
ABC: Scl_LibertyReadGenlib() skipped sequential cell "sky130_fd_sc_hd__dfxtp_4".
ABC: Scl_LibertyReadGenlib() skipped cell "sky130_fd_sc_hd__diode_2" without logic function.
ABC: Scl_LibertyReadGenlib() skipped cell "sky130_fd_sc_hd__dlclkp_1" without logic function.
ABC: Scl_LibertyReadGenlib() skipped cell "sky130_fd_sc_hd__dlclkp_2" without logic function.
ABC: Scl_LibertyReadGenlib() skipped cell "sky130_fd_sc_hd__dlclkp_4" without logic function.
ABC: Scl_LibertyReadGenlib() skipped sequential cell "sky130_fd_sc_hd__dlrbn_1".
ABC: Scl_LibertyReadGenlib() skipped sequential cell "sky130_fd_sc_hd__dlrbn_2".
ABC: Scl_LibertyReadGenlib() skipped sequential cell "sky130_fd_sc_hd__dlrbp_1".
ABC: Scl_LibertyReadGenlib() skipped sequential cell "sky130_fd_sc_hd__dlrbp_2".
ABC: Scl_LibertyReadGenlib() skipped sequential cell "sky130_fd_sc_hd__dlrtn_1".
ABC: Scl_LibertyReadGenlib() skipped sequential cell "sky130_fd_sc_hd__dlrtn_2".
ABC: Scl_LibertyReadGenlib() skipped sequential cell "sky130_fd_sc_hd__dlrtn_4".
ABC: Scl_LibertyReadGenlib() skipped sequential cell "sky130_fd_sc_hd__dlrtp_1".
ABC: Scl_LibertyReadGenlib() skipped sequential cell "sky130_fd_sc_hd__dlrtp_2".
ABC: Scl_LibertyReadGenlib() skipped sequential cell "sky130_fd_sc_hd__dlrtp_4".
ABC: Scl_LibertyReadGenlib() skipped sequential cell "sky130_fd_sc_hd__dlxbn_1".
ABC: Scl_LibertyReadGenlib() skipped sequential cell "sky130_fd_sc_hd__dlxbn_2".
ABC: Scl_LibertyReadGenlib() skipped sequential cell "sky130_fd_sc_hd__dlxbp_1".
ABC: Scl_LibertyReadGenlib() skipped sequential cell "sky130_fd_sc_hd__dlxtn_1".
ABC: Scl_LibertyReadGenlib() skipped sequential cell "sky130_fd_sc_hd__dlxtn_2".
ABC: Scl_LibertyReadGenlib() skipped sequential cell "sky130_fd_sc_hd__dlxtn_4".
ABC: Scl_LibertyReadGenlib() skipped sequential cell "sky130_fd_sc_hd__dlxtp_1".
ABC: Scl_LibertyReadGenlib() skipped three-state cell "sky130_fd_sc_hd__ebufn_1".
ABC: Scl_LibertyReadGenlib() skipped three-state cell "sky130_fd_sc_hd__ebufn_2".
ABC: Scl_LibertyReadGenlib() skipped three-state cell "sky130_fd_sc_hd__ebufn_4".
ABC: Scl_LibertyReadGenlib() skipped three-state cell "sky130_fd_sc_hd__ebufn_8".
ABC: Scl_LibertyReadGenlib() skipped sequential cell "sky130_fd_sc_hd__edfxbp_1".
ABC: Scl_LibertyReadGenlib() skipped sequential cell "sky130_fd_sc_hd__edfxtp_1".
ABC: Scl_LibertyReadGenlib() skipped three-state cell "sky130_fd_sc_hd__einvn_0".
ABC: Scl_LibertyReadGenlib() skipped three-state cell "sky130_fd_sc_hd__einvn_1".
ABC: Scl_LibertyReadGenlib() skipped three-state cell "sky130_fd_sc_hd__einvn_2".
ABC: Scl_LibertyReadGenlib() skipped three-state cell "sky130_fd_sc_hd__einvn_4".
ABC: Scl_LibertyReadGenlib() skipped three-state cell "sky130_fd_sc_hd__einvn_8".
ABC: Scl_LibertyReadGenlib() skipped three-state cell "sky130_fd_sc_hd__einvp_1".
ABC: Scl_LibertyReadGenlib() skipped three-state cell "sky130_fd_sc_hd__einvp_2".
ABC: Scl_LibertyReadGenlib() skipped three-state cell "sky130_fd_sc_hd__einvp_4".
ABC: Scl_LibertyReadGenlib() skipped three-state cell "sky130_fd_sc_hd__einvp_8".
ABC: Scl_LibertyReadGenlib() skipped cell "sky130_fd_sc_hd__lpflow_bleeder_1" without logic function.
ABC: Scl_LibertyReadGenlib() skipped cell "sky130_fd_sc_hd__lpflow_decapkapwr_12" without logic function.
ABC: Scl_LibertyReadGenlib() skipped cell "sky130_fd_sc_hd__lpflow_decapkapwr_3" without logic function.
ABC: Scl_LibertyReadGenlib() skipped cell "sky130_fd_sc_hd__lpflow_decapkapwr_4" without logic function.
ABC: Scl_LibertyReadGenlib() skipped cell "sky130_fd_sc_hd__lpflow_decapkapwr_6" without logic function.
ABC: Scl_LibertyReadGenlib() skipped cell "sky130_fd_sc_hd__lpflow_decapkapwr_8" without logic function.
ABC: Scl_LibertyReadGenlib() skipped sequential cell "sky130_fd_sc_hd__lpflow_inputisolatch_1".
ABC: Scl_LibertyReadGenlib() skipped sequential cell "sky130_fd_sc_hd__sdfbbn_1".
ABC: Scl_LibertyReadGenlib() skipped sequential cell "sky130_fd_sc_hd__sdfbbn_2".
ABC: Scl_LibertyReadGenlib() skipped sequential cell "sky130_fd_sc_hd__sdfbbp_1".
ABC: Scl_LibertyReadGenlib() skipped sequential cell "sky130_fd_sc_hd__sdfrbp_1".
ABC: Scl_LibertyReadGenlib() skipped sequential cell "sky130_fd_sc_hd__sdfrbp_2".
ABC: Scl_LibertyReadGenlib() skipped sequential cell "sky130_fd_sc_hd__sdfrtn_1".
ABC: Scl_LibertyReadGenlib() skipped sequential cell "sky130_fd_sc_hd__sdfrtp_1".
ABC: Scl_LibertyReadGenlib() skipped sequential cell "sky130_fd_sc_hd__sdfrtp_2".
ABC: Scl_LibertyReadGenlib() skipped sequential cell "sky130_fd_sc_hd__sdfrtp_4".
ABC: Scl_LibertyReadGenlib() skipped sequential cell "sky130_fd_sc_hd__sdfsbp_1".
ABC: Scl_LibertyReadGenlib() skipped sequential cell "sky130_fd_sc_hd__sdfsbp_2".
ABC: Scl_LibertyReadGenlib() skipped sequential cell "sky130_fd_sc_hd__sdfstp_1".
ABC: Scl_LibertyReadGenlib() skipped sequential cell "sky130_fd_sc_hd__sdfstp_2".
ABC: Scl_LibertyReadGenlib() skipped sequential cell "sky130_fd_sc_hd__sdfstp_4".
ABC: Scl_LibertyReadGenlib() skipped sequential cell "sky130_fd_sc_hd__sdfxbp_1".
ABC: Scl_LibertyReadGenlib() skipped sequential cell "sky130_fd_sc_hd__sdfxbp_2".
ABC: Scl_LibertyReadGenlib() skipped sequential cell "sky130_fd_sc_hd__sdfxtp_1".
ABC: Scl_LibertyReadGenlib() skipped sequential cell "sky130_fd_sc_hd__sdfxtp_2".
ABC: Scl_LibertyReadGenlib() skipped sequential cell "sky130_fd_sc_hd__sdfxtp_4".
ABC: Scl_LibertyReadGenlib() skipped cell "sky130_fd_sc_hd__sdlclkp_1" without logic function.
ABC: Scl_LibertyReadGenlib() skipped cell "sky130_fd_sc_hd__sdlclkp_2" without logic function.
ABC: Scl_LibertyReadGenlib() skipped cell "sky130_fd_sc_hd__sdlclkp_4" without logic function.
ABC: Scl_LibertyReadGenlib() skipped sequential cell "sky130_fd_sc_hd__sedfxbp_1".
ABC: Scl_LibertyReadGenlib() skipped sequential cell "sky130_fd_sc_hd__sedfxbp_2".
ABC: Scl_LibertyReadGenlib() skipped sequential cell "sky130_fd_sc_hd__sedfxtp_1".
ABC: Scl_LibertyReadGenlib() skipped sequential cell "sky130_fd_sc_hd__sedfxtp_2".
ABC: Scl_LibertyReadGenlib() skipped sequential cell "sky130_fd_sc_hd__sedfxtp_4".
ABC: Library "sky130_fd_sc_hd__tt_025C_1v80" from "/home/trithuc/.ciel/ciel/sky130/versions/0fe599b2afb6708d281543108caf8310912f54af/sky130A/libs.ref/sky130_fd_sc_hd/lib/sky130_fd_sc_hd__tt_025C_1v80.lib" has 334 cells (94 skipped: 63 seq; 13 tri-state; 18 no func; 0 dont_use).  Time =     0.06 sec
ABC: Memory =   19.85 MB. Time =     0.06 sec
ABC: Warning: Detected 9 multi-output gates (for example, "sky130_fd_sc_hd__fa_1").
ABC: + strash 
ABC: + &get -n 
ABC: + &fraig -x 
ABC: + &put 
ABC: + scorr 
ABC: Warning: The network is combinational (run "fraig" or "fraig_sweep").
ABC: + dc2 
ABC: + dretime 
ABC: + strash 
ABC: + &get -n 
ABC: + &dch -f 
ABC: + &nf 
ABC: + &put 
ABC: + write_blif <abc-temp-dir>/output.blif 

12.4.2. Re-integrating ABC results.
ABC RESULTS:   sky130_fd_sc_hd__clkinv_1 cells:        1
ABC RESULTS:   sky130_fd_sc_hd__nand3_1 cells:        1
ABC RESULTS:   sky130_fd_sc_hd__nand4b_1 cells:        1
ABC RESULTS:   sky130_fd_sc_hd__or3_1 cells:        1
ABC RESULTS:   sky130_fd_sc_hd__o31ai_1 cells:        1
ABC RESULTS:   sky130_fd_sc_hd__o31a_1 cells:        1
ABC RESULTS:   sky130_fd_sc_hd__o21ai_0 cells:        1
ABC RESULTS:   sky130_fd_sc_hd__nor3b_1 cells:        1
ABC RESULTS:   sky130_fd_sc_hd__nor4b_1 cells:        1
ABC RESULTS:   sky130_fd_sc_hd__nor3_1 cells:        4
ABC RESULTS:   sky130_fd_sc_hd__nand2b_1 cells:        2
ABC RESULTS:   sky130_fd_sc_hd__nand3b_1 cells:        3
ABC RESULTS:   sky130_fd_sc_hd__nor2_1 cells:        3
ABC RESULTS:        internal signals:       65
ABC RESULTS:           input signals:        7
ABC RESULTS:          output signals:       10
Removing temp directory.

12.5. Extracting gate netlist of module `\EX_MEM_reg' to `<abc-temp-dir>/input.blif'..
Extracted 151 gates and 435 wires to a netlist network with 282 inputs and 140 outputs.

12.5.1. Executing ABC.
Running ABC command: "<yosys-exe-dir>/yosys-abc" -s -f <abc-temp-dir>/abc.script 2>&1
ABC: ABC command line: "source <abc-temp-dir>/abc.script".
ABC: 
ABC: + read_blif <abc-temp-dir>/input.blif 
ABC: + read_lib -w /home/trithuc/.ciel/ciel/sky130/versions/0fe599b2afb6708d281543108caf8310912f54af/sky130A/libs.ref/sky130_fd_sc_hd/lib/sky130_fd_sc_hd__tt_025C_1v80.lib 
ABC: Parsing finished successfully.  Parsing time =     0.04 sec
ABC: Scl_LibertyReadGenlib() skipped cell "sky130_fd_sc_hd__decap_12" without logic function.
ABC: Scl_LibertyReadGenlib() skipped cell "sky130_fd_sc_hd__decap_3" without logic function.
ABC: Scl_LibertyReadGenlib() skipped cell "sky130_fd_sc_hd__decap_4" without logic function.
ABC: Scl_LibertyReadGenlib() skipped cell "sky130_fd_sc_hd__decap_6" without logic function.
ABC: Scl_LibertyReadGenlib() skipped cell "sky130_fd_sc_hd__decap_8" without logic function.
ABC: Scl_LibertyReadGenlib() skipped sequential cell "sky130_fd_sc_hd__dfbbn_1".
ABC: Scl_LibertyReadGenlib() skipped sequential cell "sky130_fd_sc_hd__dfbbn_2".
ABC: Scl_LibertyReadGenlib() skipped sequential cell "sky130_fd_sc_hd__dfbbp_1".
ABC: Scl_LibertyReadGenlib() skipped sequential cell "sky130_fd_sc_hd__dfrbp_1".
ABC: Scl_LibertyReadGenlib() skipped sequential cell "sky130_fd_sc_hd__dfrbp_2".
ABC: Scl_LibertyReadGenlib() skipped sequential cell "sky130_fd_sc_hd__dfrtn_1".
ABC: Scl_LibertyReadGenlib() skipped sequential cell "sky130_fd_sc_hd__dfrtp_1".
ABC: Scl_LibertyReadGenlib() skipped sequential cell "sky130_fd_sc_hd__dfrtp_2".
ABC: Scl_LibertyReadGenlib() skipped sequential cell "sky130_fd_sc_hd__dfrtp_4".
ABC: Scl_LibertyReadGenlib() skipped sequential cell "sky130_fd_sc_hd__dfsbp_1".
ABC: Scl_LibertyReadGenlib() skipped sequential cell "sky130_fd_sc_hd__dfsbp_2".
ABC: Scl_LibertyReadGenlib() skipped sequential cell "sky130_fd_sc_hd__dfstp_1".
ABC: Scl_LibertyReadGenlib() skipped sequential cell "sky130_fd_sc_hd__dfstp_2".
ABC: Scl_LibertyReadGenlib() skipped sequential cell "sky130_fd_sc_hd__dfstp_4".
ABC: Scl_LibertyReadGenlib() skipped sequential cell "sky130_fd_sc_hd__dfxbp_1".
ABC: Scl_LibertyReadGenlib() skipped sequential cell "sky130_fd_sc_hd__dfxbp_2".
ABC: Scl_LibertyReadGenlib() skipped sequential cell "sky130_fd_sc_hd__dfxtp_1".
ABC: Scl_LibertyReadGenlib() skipped sequential cell "sky130_fd_sc_hd__dfxtp_2".
ABC: Scl_LibertyReadGenlib() skipped sequential cell "sky130_fd_sc_hd__dfxtp_4".
ABC: Scl_LibertyReadGenlib() skipped cell "sky130_fd_sc_hd__diode_2" without logic function.
ABC: Scl_LibertyReadGenlib() skipped cell "sky130_fd_sc_hd__dlclkp_1" without logic function.
ABC: Scl_LibertyReadGenlib() skipped cell "sky130_fd_sc_hd__dlclkp_2" without logic function.
ABC: Scl_LibertyReadGenlib() skipped cell "sky130_fd_sc_hd__dlclkp_4" without logic function.
ABC: Scl_LibertyReadGenlib() skipped sequential cell "sky130_fd_sc_hd__dlrbn_1".
ABC: Scl_LibertyReadGenlib() skipped sequential cell "sky130_fd_sc_hd__dlrbn_2".
ABC: Scl_LibertyReadGenlib() skipped sequential cell "sky130_fd_sc_hd__dlrbp_1".
ABC: Scl_LibertyReadGenlib() skipped sequential cell "sky130_fd_sc_hd__dlrbp_2".
ABC: Scl_LibertyReadGenlib() skipped sequential cell "sky130_fd_sc_hd__dlrtn_1".
ABC: Scl_LibertyReadGenlib() skipped sequential cell "sky130_fd_sc_hd__dlrtn_2".
ABC: Scl_LibertyReadGenlib() skipped sequential cell "sky130_fd_sc_hd__dlrtn_4".
ABC: Scl_LibertyReadGenlib() skipped sequential cell "sky130_fd_sc_hd__dlrtp_1".
ABC: Scl_LibertyReadGenlib() skipped sequential cell "sky130_fd_sc_hd__dlrtp_2".
ABC: Scl_LibertyReadGenlib() skipped sequential cell "sky130_fd_sc_hd__dlrtp_4".
ABC: Scl_LibertyReadGenlib() skipped sequential cell "sky130_fd_sc_hd__dlxbn_1".
ABC: Scl_LibertyReadGenlib() skipped sequential cell "sky130_fd_sc_hd__dlxbn_2".
ABC: Scl_LibertyReadGenlib() skipped sequential cell "sky130_fd_sc_hd__dlxbp_1".
ABC: Scl_LibertyReadGenlib() skipped sequential cell "sky130_fd_sc_hd__dlxtn_1".
ABC: Scl_LibertyReadGenlib() skipped sequential cell "sky130_fd_sc_hd__dlxtn_2".
ABC: Scl_LibertyReadGenlib() skipped sequential cell "sky130_fd_sc_hd__dlxtn_4".
ABC: Scl_LibertyReadGenlib() skipped sequential cell "sky130_fd_sc_hd__dlxtp_1".
ABC: Scl_LibertyReadGenlib() skipped three-state cell "sky130_fd_sc_hd__ebufn_1".
ABC: Scl_LibertyReadGenlib() skipped three-state cell "sky130_fd_sc_hd__ebufn_2".
ABC: Scl_LibertyReadGenlib() skipped three-state cell "sky130_fd_sc_hd__ebufn_4".
ABC: Scl_LibertyReadGenlib() skipped three-state cell "sky130_fd_sc_hd__ebufn_8".
ABC: Scl_LibertyReadGenlib() skipped sequential cell "sky130_fd_sc_hd__edfxbp_1".
ABC: Scl_LibertyReadGenlib() skipped sequential cell "sky130_fd_sc_hd__edfxtp_1".
ABC: Scl_LibertyReadGenlib() skipped three-state cell "sky130_fd_sc_hd__einvn_0".
ABC: Scl_LibertyReadGenlib() skipped three-state cell "sky130_fd_sc_hd__einvn_1".
ABC: Scl_LibertyReadGenlib() skipped three-state cell "sky130_fd_sc_hd__einvn_2".
ABC: Scl_LibertyReadGenlib() skipped three-state cell "sky130_fd_sc_hd__einvn_4".
ABC: Scl_LibertyReadGenlib() skipped three-state cell "sky130_fd_sc_hd__einvn_8".
ABC: Scl_LibertyReadGenlib() skipped three-state cell "sky130_fd_sc_hd__einvp_1".
ABC: Scl_LibertyReadGenlib() skipped three-state cell "sky130_fd_sc_hd__einvp_2".
ABC: Scl_LibertyReadGenlib() skipped three-state cell "sky130_fd_sc_hd__einvp_4".
ABC: Scl_LibertyReadGenlib() skipped three-state cell "sky130_fd_sc_hd__einvp_8".
ABC: Scl_LibertyReadGenlib() skipped cell "sky130_fd_sc_hd__lpflow_bleeder_1" without logic function.
ABC: Scl_LibertyReadGenlib() skipped cell "sky130_fd_sc_hd__lpflow_decapkapwr_12" without logic function.
ABC: Scl_LibertyReadGenlib() skipped cell "sky130_fd_sc_hd__lpflow_decapkapwr_3" without logic function.
ABC: Scl_LibertyReadGenlib() skipped cell "sky130_fd_sc_hd__lpflow_decapkapwr_4" without logic function.
ABC: Scl_LibertyReadGenlib() skipped cell "sky130_fd_sc_hd__lpflow_decapkapwr_6" without logic function.
ABC: Scl_LibertyReadGenlib() skipped cell "sky130_fd_sc_hd__lpflow_decapkapwr_8" without logic function.
ABC: Scl_LibertyReadGenlib() skipped sequential cell "sky130_fd_sc_hd__lpflow_inputisolatch_1".
ABC: Scl_LibertyReadGenlib() skipped sequential cell "sky130_fd_sc_hd__sdfbbn_1".
ABC: Scl_LibertyReadGenlib() skipped sequential cell "sky130_fd_sc_hd__sdfbbn_2".
ABC: Scl_LibertyReadGenlib() skipped sequential cell "sky130_fd_sc_hd__sdfbbp_1".
ABC: Scl_LibertyReadGenlib() skipped sequential cell "sky130_fd_sc_hd__sdfrbp_1".
ABC: Scl_LibertyReadGenlib() skipped sequential cell "sky130_fd_sc_hd__sdfrbp_2".
ABC: Scl_LibertyReadGenlib() skipped sequential cell "sky130_fd_sc_hd__sdfrtn_1".
ABC: Scl_LibertyReadGenlib() skipped sequential cell "sky130_fd_sc_hd__sdfrtp_1".
ABC: Scl_LibertyReadGenlib() skipped sequential cell "sky130_fd_sc_hd__sdfrtp_2".
ABC: Scl_LibertyReadGenlib() skipped sequential cell "sky130_fd_sc_hd__sdfrtp_4".
ABC: Scl_LibertyReadGenlib() skipped sequential cell "sky130_fd_sc_hd__sdfsbp_1".
ABC: Scl_LibertyReadGenlib() skipped sequential cell "sky130_fd_sc_hd__sdfsbp_2".
ABC: Scl_LibertyReadGenlib() skipped sequential cell "sky130_fd_sc_hd__sdfstp_1".
ABC: Scl_LibertyReadGenlib() skipped sequential cell "sky130_fd_sc_hd__sdfstp_2".
ABC: Scl_LibertyReadGenlib() skipped sequential cell "sky130_fd_sc_hd__sdfstp_4".
ABC: Scl_LibertyReadGenlib() skipped sequential cell "sky130_fd_sc_hd__sdfxbp_1".
ABC: Scl_LibertyReadGenlib() skipped sequential cell "sky130_fd_sc_hd__sdfxbp_2".
ABC: Scl_LibertyReadGenlib() skipped sequential cell "sky130_fd_sc_hd__sdfxtp_1".
ABC: Scl_LibertyReadGenlib() skipped sequential cell "sky130_fd_sc_hd__sdfxtp_2".
ABC: Scl_LibertyReadGenlib() skipped sequential cell "sky130_fd_sc_hd__sdfxtp_4".
ABC: Scl_LibertyReadGenlib() skipped cell "sky130_fd_sc_hd__sdlclkp_1" without logic function.
ABC: Scl_LibertyReadGenlib() skipped cell "sky130_fd_sc_hd__sdlclkp_2" without logic function.
ABC: Scl_LibertyReadGenlib() skipped cell "sky130_fd_sc_hd__sdlclkp_4" without logic function.
ABC: Scl_LibertyReadGenlib() skipped sequential cell "sky130_fd_sc_hd__sedfxbp_1".
ABC: Scl_LibertyReadGenlib() skipped sequential cell "sky130_fd_sc_hd__sedfxbp_2".
ABC: Scl_LibertyReadGenlib() skipped sequential cell "sky130_fd_sc_hd__sedfxtp_1".
ABC: Scl_LibertyReadGenlib() skipped sequential cell "sky130_fd_sc_hd__sedfxtp_2".
ABC: Scl_LibertyReadGenlib() skipped sequential cell "sky130_fd_sc_hd__sedfxtp_4".
ABC: Library "sky130_fd_sc_hd__tt_025C_1v80" from "/home/trithuc/.ciel/ciel/sky130/versions/0fe599b2afb6708d281543108caf8310912f54af/sky130A/libs.ref/sky130_fd_sc_hd/lib/sky130_fd_sc_hd__tt_025C_1v80.lib" has 334 cells (94 skipped: 63 seq; 13 tri-state; 18 no func; 0 dont_use).  Time =     0.06 sec
ABC: Memory =   19.85 MB. Time =     0.06 sec
ABC: Warning: Detected 9 multi-output gates (for example, "sky130_fd_sc_hd__fa_1").
ABC: + strash 
ABC: + &get -n 
ABC: + &fraig -x 
ABC: + &put 
ABC: + scorr 
ABC: Warning: The network is combinational (run "fraig" or "fraig_sweep").
ABC: + dc2 
ABC: + dretime 
ABC: + strash 
ABC: + &get -n 
ABC: + &dch -f 
ABC: + &nf 
ABC: + &put 
ABC: + write_blif <abc-temp-dir>/output.blif 

12.5.2. Re-integrating ABC results.
ABC RESULTS:   sky130_fd_sc_hd__lpflow_isobufsrc_1 cells:        1
ABC RESULTS:   sky130_fd_sc_hd__nor2_1 cells:        1
ABC RESULTS:   sky130_fd_sc_hd__a22o_1 cells:        4
ABC RESULTS:   sky130_fd_sc_hd__mux2_1 cells:      136
ABC RESULTS:        internal signals:       13
ABC RESULTS:           input signals:      282
ABC RESULTS:          output signals:      140
Removing temp directory.

12.6. Extracting gate netlist of module `\Forwarding_Unit' to `<abc-temp-dir>/input.blif'..
Extracted 56 gates and 79 wires to a netlist network with 22 inputs and 4 outputs.

12.6.1. Executing ABC.
Running ABC command: "<yosys-exe-dir>/yosys-abc" -s -f <abc-temp-dir>/abc.script 2>&1
ABC: ABC command line: "source <abc-temp-dir>/abc.script".
ABC: 
ABC: + read_blif <abc-temp-dir>/input.blif 
ABC: + read_lib -w /home/trithuc/.ciel/ciel/sky130/versions/0fe599b2afb6708d281543108caf8310912f54af/sky130A/libs.ref/sky130_fd_sc_hd/lib/sky130_fd_sc_hd__tt_025C_1v80.lib 
ABC: Parsing finished successfully.  Parsing time =     0.04 sec
ABC: Scl_LibertyReadGenlib() skipped cell "sky130_fd_sc_hd__decap_12" without logic function.
ABC: Scl_LibertyReadGenlib() skipped cell "sky130_fd_sc_hd__decap_3" without logic function.
ABC: Scl_LibertyReadGenlib() skipped cell "sky130_fd_sc_hd__decap_4" without logic function.
ABC: Scl_LibertyReadGenlib() skipped cell "sky130_fd_sc_hd__decap_6" without logic function.
ABC: Scl_LibertyReadGenlib() skipped cell "sky130_fd_sc_hd__decap_8" without logic function.
ABC: Scl_LibertyReadGenlib() skipped sequential cell "sky130_fd_sc_hd__dfbbn_1".
ABC: Scl_LibertyReadGenlib() skipped sequential cell "sky130_fd_sc_hd__dfbbn_2".
ABC: Scl_LibertyReadGenlib() skipped sequential cell "sky130_fd_sc_hd__dfbbp_1".
ABC: Scl_LibertyReadGenlib() skipped sequential cell "sky130_fd_sc_hd__dfrbp_1".
ABC: Scl_LibertyReadGenlib() skipped sequential cell "sky130_fd_sc_hd__dfrbp_2".
ABC: Scl_LibertyReadGenlib() skipped sequential cell "sky130_fd_sc_hd__dfrtn_1".
ABC: Scl_LibertyReadGenlib() skipped sequential cell "sky130_fd_sc_hd__dfrtp_1".
ABC: Scl_LibertyReadGenlib() skipped sequential cell "sky130_fd_sc_hd__dfrtp_2".
ABC: Scl_LibertyReadGenlib() skipped sequential cell "sky130_fd_sc_hd__dfrtp_4".
ABC: Scl_LibertyReadGenlib() skipped sequential cell "sky130_fd_sc_hd__dfsbp_1".
ABC: Scl_LibertyReadGenlib() skipped sequential cell "sky130_fd_sc_hd__dfsbp_2".
ABC: Scl_LibertyReadGenlib() skipped sequential cell "sky130_fd_sc_hd__dfstp_1".
ABC: Scl_LibertyReadGenlib() skipped sequential cell "sky130_fd_sc_hd__dfstp_2".
ABC: Scl_LibertyReadGenlib() skipped sequential cell "sky130_fd_sc_hd__dfstp_4".
ABC: Scl_LibertyReadGenlib() skipped sequential cell "sky130_fd_sc_hd__dfxbp_1".
ABC: Scl_LibertyReadGenlib() skipped sequential cell "sky130_fd_sc_hd__dfxbp_2".
ABC: Scl_LibertyReadGenlib() skipped sequential cell "sky130_fd_sc_hd__dfxtp_1".
ABC: Scl_LibertyReadGenlib() skipped sequential cell "sky130_fd_sc_hd__dfxtp_2".
ABC: Scl_LibertyReadGenlib() skipped sequential cell "sky130_fd_sc_hd__dfxtp_4".
ABC: Scl_LibertyReadGenlib() skipped cell "sky130_fd_sc_hd__diode_2" without logic function.
ABC: Scl_LibertyReadGenlib() skipped cell "sky130_fd_sc_hd__dlclkp_1" without logic function.
ABC: Scl_LibertyReadGenlib() skipped cell "sky130_fd_sc_hd__dlclkp_2" without logic function.
ABC: Scl_LibertyReadGenlib() skipped cell "sky130_fd_sc_hd__dlclkp_4" without logic function.
ABC: Scl_LibertyReadGenlib() skipped sequential cell "sky130_fd_sc_hd__dlrbn_1".
ABC: Scl_LibertyReadGenlib() skipped sequential cell "sky130_fd_sc_hd__dlrbn_2".
ABC: Scl_LibertyReadGenlib() skipped sequential cell "sky130_fd_sc_hd__dlrbp_1".
ABC: Scl_LibertyReadGenlib() skipped sequential cell "sky130_fd_sc_hd__dlrbp_2".
ABC: Scl_LibertyReadGenlib() skipped sequential cell "sky130_fd_sc_hd__dlrtn_1".
ABC: Scl_LibertyReadGenlib() skipped sequential cell "sky130_fd_sc_hd__dlrtn_2".
ABC: Scl_LibertyReadGenlib() skipped sequential cell "sky130_fd_sc_hd__dlrtn_4".
ABC: Scl_LibertyReadGenlib() skipped sequential cell "sky130_fd_sc_hd__dlrtp_1".
ABC: Scl_LibertyReadGenlib() skipped sequential cell "sky130_fd_sc_hd__dlrtp_2".
ABC: Scl_LibertyReadGenlib() skipped sequential cell "sky130_fd_sc_hd__dlrtp_4".
ABC: Scl_LibertyReadGenlib() skipped sequential cell "sky130_fd_sc_hd__dlxbn_1".
ABC: Scl_LibertyReadGenlib() skipped sequential cell "sky130_fd_sc_hd__dlxbn_2".
ABC: Scl_LibertyReadGenlib() skipped sequential cell "sky130_fd_sc_hd__dlxbp_1".
ABC: Scl_LibertyReadGenlib() skipped sequential cell "sky130_fd_sc_hd__dlxtn_1".
ABC: Scl_LibertyReadGenlib() skipped sequential cell "sky130_fd_sc_hd__dlxtn_2".
ABC: Scl_LibertyReadGenlib() skipped sequential cell "sky130_fd_sc_hd__dlxtn_4".
ABC: Scl_LibertyReadGenlib() skipped sequential cell "sky130_fd_sc_hd__dlxtp_1".
ABC: Scl_LibertyReadGenlib() skipped three-state cell "sky130_fd_sc_hd__ebufn_1".
ABC: Scl_LibertyReadGenlib() skipped three-state cell "sky130_fd_sc_hd__ebufn_2".
ABC: Scl_LibertyReadGenlib() skipped three-state cell "sky130_fd_sc_hd__ebufn_4".
ABC: Scl_LibertyReadGenlib() skipped three-state cell "sky130_fd_sc_hd__ebufn_8".
ABC: Scl_LibertyReadGenlib() skipped sequential cell "sky130_fd_sc_hd__edfxbp_1".
ABC: Scl_LibertyReadGenlib() skipped sequential cell "sky130_fd_sc_hd__edfxtp_1".
ABC: Scl_LibertyReadGenlib() skipped three-state cell "sky130_fd_sc_hd__einvn_0".
ABC: Scl_LibertyReadGenlib() skipped three-state cell "sky130_fd_sc_hd__einvn_1".
ABC: Scl_LibertyReadGenlib() skipped three-state cell "sky130_fd_sc_hd__einvn_2".
ABC: Scl_LibertyReadGenlib() skipped three-state cell "sky130_fd_sc_hd__einvn_4".
ABC: Scl_LibertyReadGenlib() skipped three-state cell "sky130_fd_sc_hd__einvn_8".
ABC: Scl_LibertyReadGenlib() skipped three-state cell "sky130_fd_sc_hd__einvp_1".
ABC: Scl_LibertyReadGenlib() skipped three-state cell "sky130_fd_sc_hd__einvp_2".
ABC: Scl_LibertyReadGenlib() skipped three-state cell "sky130_fd_sc_hd__einvp_4".
ABC: Scl_LibertyReadGenlib() skipped three-state cell "sky130_fd_sc_hd__einvp_8".
ABC: Scl_LibertyReadGenlib() skipped cell "sky130_fd_sc_hd__lpflow_bleeder_1" without logic function.
ABC: Scl_LibertyReadGenlib() skipped cell "sky130_fd_sc_hd__lpflow_decapkapwr_12" without logic function.
ABC: Scl_LibertyReadGenlib() skipped cell "sky130_fd_sc_hd__lpflow_decapkapwr_3" without logic function.
ABC: Scl_LibertyReadGenlib() skipped cell "sky130_fd_sc_hd__lpflow_decapkapwr_4" without logic function.
ABC: Scl_LibertyReadGenlib() skipped cell "sky130_fd_sc_hd__lpflow_decapkapwr_6" without logic function.
ABC: Scl_LibertyReadGenlib() skipped cell "sky130_fd_sc_hd__lpflow_decapkapwr_8" without logic function.
ABC: Scl_LibertyReadGenlib() skipped sequential cell "sky130_fd_sc_hd__lpflow_inputisolatch_1".
ABC: Scl_LibertyReadGenlib() skipped sequential cell "sky130_fd_sc_hd__sdfbbn_1".
ABC: Scl_LibertyReadGenlib() skipped sequential cell "sky130_fd_sc_hd__sdfbbn_2".
ABC: Scl_LibertyReadGenlib() skipped sequential cell "sky130_fd_sc_hd__sdfbbp_1".
ABC: Scl_LibertyReadGenlib() skipped sequential cell "sky130_fd_sc_hd__sdfrbp_1".
ABC: Scl_LibertyReadGenlib() skipped sequential cell "sky130_fd_sc_hd__sdfrbp_2".
ABC: Scl_LibertyReadGenlib() skipped sequential cell "sky130_fd_sc_hd__sdfrtn_1".
ABC: Scl_LibertyReadGenlib() skipped sequential cell "sky130_fd_sc_hd__sdfrtp_1".
ABC: Scl_LibertyReadGenlib() skipped sequential cell "sky130_fd_sc_hd__sdfrtp_2".
ABC: Scl_LibertyReadGenlib() skipped sequential cell "sky130_fd_sc_hd__sdfrtp_4".
ABC: Scl_LibertyReadGenlib() skipped sequential cell "sky130_fd_sc_hd__sdfsbp_1".
ABC: Scl_LibertyReadGenlib() skipped sequential cell "sky130_fd_sc_hd__sdfsbp_2".
ABC: Scl_LibertyReadGenlib() skipped sequential cell "sky130_fd_sc_hd__sdfstp_1".
ABC: Scl_LibertyReadGenlib() skipped sequential cell "sky130_fd_sc_hd__sdfstp_2".
ABC: Scl_LibertyReadGenlib() skipped sequential cell "sky130_fd_sc_hd__sdfstp_4".
ABC: Scl_LibertyReadGenlib() skipped sequential cell "sky130_fd_sc_hd__sdfxbp_1".
ABC: Scl_LibertyReadGenlib() skipped sequential cell "sky130_fd_sc_hd__sdfxbp_2".
ABC: Scl_LibertyReadGenlib() skipped sequential cell "sky130_fd_sc_hd__sdfxtp_1".
ABC: Scl_LibertyReadGenlib() skipped sequential cell "sky130_fd_sc_hd__sdfxtp_2".
ABC: Scl_LibertyReadGenlib() skipped sequential cell "sky130_fd_sc_hd__sdfxtp_4".
ABC: Scl_LibertyReadGenlib() skipped cell "sky130_fd_sc_hd__sdlclkp_1" without logic function.
ABC: Scl_LibertyReadGenlib() skipped cell "sky130_fd_sc_hd__sdlclkp_2" without logic function.
ABC: Scl_LibertyReadGenlib() skipped cell "sky130_fd_sc_hd__sdlclkp_4" without logic function.
ABC: Scl_LibertyReadGenlib() skipped sequential cell "sky130_fd_sc_hd__sedfxbp_1".
ABC: Scl_LibertyReadGenlib() skipped sequential cell "sky130_fd_sc_hd__sedfxbp_2".
ABC: Scl_LibertyReadGenlib() skipped sequential cell "sky130_fd_sc_hd__sedfxtp_1".
ABC: Scl_LibertyReadGenlib() skipped sequential cell "sky130_fd_sc_hd__sedfxtp_2".
ABC: Scl_LibertyReadGenlib() skipped sequential cell "sky130_fd_sc_hd__sedfxtp_4".
ABC: Library "sky130_fd_sc_hd__tt_025C_1v80" from "/home/trithuc/.ciel/ciel/sky130/versions/0fe599b2afb6708d281543108caf8310912f54af/sky130A/libs.ref/sky130_fd_sc_hd/lib/sky130_fd_sc_hd__tt_025C_1v80.lib" has 334 cells (94 skipped: 63 seq; 13 tri-state; 18 no func; 0 dont_use).  Time =     0.06 sec
ABC: Memory =   19.85 MB. Time =     0.06 sec
ABC: Warning: Detected 9 multi-output gates (for example, "sky130_fd_sc_hd__fa_1").
ABC: + strash 
ABC: + &get -n 
ABC: + &fraig -x 
ABC: + &put 
ABC: + scorr 
ABC: Warning: The network is combinational (run "fraig" or "fraig_sweep").
ABC: + dc2 
ABC: + dretime 
ABC: + strash 
ABC: + &get -n 
ABC: + &dch -f 
ABC: + &nf 
ABC: + &put 
ABC: + write_blif <abc-temp-dir>/output.blif 

12.6.2. Re-integrating ABC results.
ABC RESULTS:   sky130_fd_sc_hd__nor3_1 cells:        2
ABC RESULTS:   sky130_fd_sc_hd__or3_1 cells:        2
ABC RESULTS:   sky130_fd_sc_hd__o31ai_1 cells:        2
ABC RESULTS:   sky130_fd_sc_hd__xor2_1 cells:        4
ABC RESULTS:   sky130_fd_sc_hd__xnor2_1 cells:       16
ABC RESULTS:   sky130_fd_sc_hd__nand4_1 cells:        4
ABC RESULTS:   sky130_fd_sc_hd__nor4_1 cells:        2
ABC RESULTS:        internal signals:       53
ABC RESULTS:           input signals:       22
ABC RESULTS:          output signals:        4
Removing temp directory.

12.7. Extracting gate netlist of module `\Hazard_Detection_Unit' to `<abc-temp-dir>/input.blif'..
Extracted 30 gates and 48 wires to a netlist network with 17 inputs and 2 outputs.

12.7.1. Executing ABC.
Running ABC command: "<yosys-exe-dir>/yosys-abc" -s -f <abc-temp-dir>/abc.script 2>&1
ABC: ABC command line: "source <abc-temp-dir>/abc.script".
ABC: 
ABC: + read_blif <abc-temp-dir>/input.blif 
ABC: + read_lib -w /home/trithuc/.ciel/ciel/sky130/versions/0fe599b2afb6708d281543108caf8310912f54af/sky130A/libs.ref/sky130_fd_sc_hd/lib/sky130_fd_sc_hd__tt_025C_1v80.lib 
ABC: Parsing finished successfully.  Parsing time =     0.04 sec
ABC: Scl_LibertyReadGenlib() skipped cell "sky130_fd_sc_hd__decap_12" without logic function.
ABC: Scl_LibertyReadGenlib() skipped cell "sky130_fd_sc_hd__decap_3" without logic function.
ABC: Scl_LibertyReadGenlib() skipped cell "sky130_fd_sc_hd__decap_4" without logic function.
ABC: Scl_LibertyReadGenlib() skipped cell "sky130_fd_sc_hd__decap_6" without logic function.
ABC: Scl_LibertyReadGenlib() skipped cell "sky130_fd_sc_hd__decap_8" without logic function.
ABC: Scl_LibertyReadGenlib() skipped sequential cell "sky130_fd_sc_hd__dfbbn_1".
ABC: Scl_LibertyReadGenlib() skipped sequential cell "sky130_fd_sc_hd__dfbbn_2".
ABC: Scl_LibertyReadGenlib() skipped sequential cell "sky130_fd_sc_hd__dfbbp_1".
ABC: Scl_LibertyReadGenlib() skipped sequential cell "sky130_fd_sc_hd__dfrbp_1".
ABC: Scl_LibertyReadGenlib() skipped sequential cell "sky130_fd_sc_hd__dfrbp_2".
ABC: Scl_LibertyReadGenlib() skipped sequential cell "sky130_fd_sc_hd__dfrtn_1".
ABC: Scl_LibertyReadGenlib() skipped sequential cell "sky130_fd_sc_hd__dfrtp_1".
ABC: Scl_LibertyReadGenlib() skipped sequential cell "sky130_fd_sc_hd__dfrtp_2".
ABC: Scl_LibertyReadGenlib() skipped sequential cell "sky130_fd_sc_hd__dfrtp_4".
ABC: Scl_LibertyReadGenlib() skipped sequential cell "sky130_fd_sc_hd__dfsbp_1".
ABC: Scl_LibertyReadGenlib() skipped sequential cell "sky130_fd_sc_hd__dfsbp_2".
ABC: Scl_LibertyReadGenlib() skipped sequential cell "sky130_fd_sc_hd__dfstp_1".
ABC: Scl_LibertyReadGenlib() skipped sequential cell "sky130_fd_sc_hd__dfstp_2".
ABC: Scl_LibertyReadGenlib() skipped sequential cell "sky130_fd_sc_hd__dfstp_4".
ABC: Scl_LibertyReadGenlib() skipped sequential cell "sky130_fd_sc_hd__dfxbp_1".
ABC: Scl_LibertyReadGenlib() skipped sequential cell "sky130_fd_sc_hd__dfxbp_2".
ABC: Scl_LibertyReadGenlib() skipped sequential cell "sky130_fd_sc_hd__dfxtp_1".
ABC: Scl_LibertyReadGenlib() skipped sequential cell "sky130_fd_sc_hd__dfxtp_2".
ABC: Scl_LibertyReadGenlib() skipped sequential cell "sky130_fd_sc_hd__dfxtp_4".
ABC: Scl_LibertyReadGenlib() skipped cell "sky130_fd_sc_hd__diode_2" without logic function.
ABC: Scl_LibertyReadGenlib() skipped cell "sky130_fd_sc_hd__dlclkp_1" without logic function.
ABC: Scl_LibertyReadGenlib() skipped cell "sky130_fd_sc_hd__dlclkp_2" without logic function.
ABC: Scl_LibertyReadGenlib() skipped cell "sky130_fd_sc_hd__dlclkp_4" without logic function.
ABC: Scl_LibertyReadGenlib() skipped sequential cell "sky130_fd_sc_hd__dlrbn_1".
ABC: Scl_LibertyReadGenlib() skipped sequential cell "sky130_fd_sc_hd__dlrbn_2".
ABC: Scl_LibertyReadGenlib() skipped sequential cell "sky130_fd_sc_hd__dlrbp_1".
ABC: Scl_LibertyReadGenlib() skipped sequential cell "sky130_fd_sc_hd__dlrbp_2".
ABC: Scl_LibertyReadGenlib() skipped sequential cell "sky130_fd_sc_hd__dlrtn_1".
ABC: Scl_LibertyReadGenlib() skipped sequential cell "sky130_fd_sc_hd__dlrtn_2".
ABC: Scl_LibertyReadGenlib() skipped sequential cell "sky130_fd_sc_hd__dlrtn_4".
ABC: Scl_LibertyReadGenlib() skipped sequential cell "sky130_fd_sc_hd__dlrtp_1".
ABC: Scl_LibertyReadGenlib() skipped sequential cell "sky130_fd_sc_hd__dlrtp_2".
ABC: Scl_LibertyReadGenlib() skipped sequential cell "sky130_fd_sc_hd__dlrtp_4".
ABC: Scl_LibertyReadGenlib() skipped sequential cell "sky130_fd_sc_hd__dlxbn_1".
ABC: Scl_LibertyReadGenlib() skipped sequential cell "sky130_fd_sc_hd__dlxbn_2".
ABC: Scl_LibertyReadGenlib() skipped sequential cell "sky130_fd_sc_hd__dlxbp_1".
ABC: Scl_LibertyReadGenlib() skipped sequential cell "sky130_fd_sc_hd__dlxtn_1".
ABC: Scl_LibertyReadGenlib() skipped sequential cell "sky130_fd_sc_hd__dlxtn_2".
ABC: Scl_LibertyReadGenlib() skipped sequential cell "sky130_fd_sc_hd__dlxtn_4".
ABC: Scl_LibertyReadGenlib() skipped sequential cell "sky130_fd_sc_hd__dlxtp_1".
ABC: Scl_LibertyReadGenlib() skipped three-state cell "sky130_fd_sc_hd__ebufn_1".
ABC: Scl_LibertyReadGenlib() skipped three-state cell "sky130_fd_sc_hd__ebufn_2".
ABC: Scl_LibertyReadGenlib() skipped three-state cell "sky130_fd_sc_hd__ebufn_4".
ABC: Scl_LibertyReadGenlib() skipped three-state cell "sky130_fd_sc_hd__ebufn_8".
ABC: Scl_LibertyReadGenlib() skipped sequential cell "sky130_fd_sc_hd__edfxbp_1".
ABC: Scl_LibertyReadGenlib() skipped sequential cell "sky130_fd_sc_hd__edfxtp_1".
ABC: Scl_LibertyReadGenlib() skipped three-state cell "sky130_fd_sc_hd__einvn_0".
ABC: Scl_LibertyReadGenlib() skipped three-state cell "sky130_fd_sc_hd__einvn_1".
ABC: Scl_LibertyReadGenlib() skipped three-state cell "sky130_fd_sc_hd__einvn_2".
ABC: Scl_LibertyReadGenlib() skipped three-state cell "sky130_fd_sc_hd__einvn_4".
ABC: Scl_LibertyReadGenlib() skipped three-state cell "sky130_fd_sc_hd__einvn_8".
ABC: Scl_LibertyReadGenlib() skipped three-state cell "sky130_fd_sc_hd__einvp_1".
ABC: Scl_LibertyReadGenlib() skipped three-state cell "sky130_fd_sc_hd__einvp_2".
ABC: Scl_LibertyReadGenlib() skipped three-state cell "sky130_fd_sc_hd__einvp_4".
ABC: Scl_LibertyReadGenlib() skipped three-state cell "sky130_fd_sc_hd__einvp_8".
ABC: Scl_LibertyReadGenlib() skipped cell "sky130_fd_sc_hd__lpflow_bleeder_1" without logic function.
ABC: Scl_LibertyReadGenlib() skipped cell "sky130_fd_sc_hd__lpflow_decapkapwr_12" without logic function.
ABC: Scl_LibertyReadGenlib() skipped cell "sky130_fd_sc_hd__lpflow_decapkapwr_3" without logic function.
ABC: Scl_LibertyReadGenlib() skipped cell "sky130_fd_sc_hd__lpflow_decapkapwr_4" without logic function.
ABC: Scl_LibertyReadGenlib() skipped cell "sky130_fd_sc_hd__lpflow_decapkapwr_6" without logic function.
ABC: Scl_LibertyReadGenlib() skipped cell "sky130_fd_sc_hd__lpflow_decapkapwr_8" without logic function.
ABC: Scl_LibertyReadGenlib() skipped sequential cell "sky130_fd_sc_hd__lpflow_inputisolatch_1".
ABC: Scl_LibertyReadGenlib() skipped sequential cell "sky130_fd_sc_hd__sdfbbn_1".
ABC: Scl_LibertyReadGenlib() skipped sequential cell "sky130_fd_sc_hd__sdfbbn_2".
ABC: Scl_LibertyReadGenlib() skipped sequential cell "sky130_fd_sc_hd__sdfbbp_1".
ABC: Scl_LibertyReadGenlib() skipped sequential cell "sky130_fd_sc_hd__sdfrbp_1".
ABC: Scl_LibertyReadGenlib() skipped sequential cell "sky130_fd_sc_hd__sdfrbp_2".
ABC: Scl_LibertyReadGenlib() skipped sequential cell "sky130_fd_sc_hd__sdfrtn_1".
ABC: Scl_LibertyReadGenlib() skipped sequential cell "sky130_fd_sc_hd__sdfrtp_1".
ABC: Scl_LibertyReadGenlib() skipped sequential cell "sky130_fd_sc_hd__sdfrtp_2".
ABC: Scl_LibertyReadGenlib() skipped sequential cell "sky130_fd_sc_hd__sdfrtp_4".
ABC: Scl_LibertyReadGenlib() skipped sequential cell "sky130_fd_sc_hd__sdfsbp_1".
ABC: Scl_LibertyReadGenlib() skipped sequential cell "sky130_fd_sc_hd__sdfsbp_2".
ABC: Scl_LibertyReadGenlib() skipped sequential cell "sky130_fd_sc_hd__sdfstp_1".
ABC: Scl_LibertyReadGenlib() skipped sequential cell "sky130_fd_sc_hd__sdfstp_2".
ABC: Scl_LibertyReadGenlib() skipped sequential cell "sky130_fd_sc_hd__sdfstp_4".
ABC: Scl_LibertyReadGenlib() skipped sequential cell "sky130_fd_sc_hd__sdfxbp_1".
ABC: Scl_LibertyReadGenlib() skipped sequential cell "sky130_fd_sc_hd__sdfxbp_2".
ABC: Scl_LibertyReadGenlib() skipped sequential cell "sky130_fd_sc_hd__sdfxtp_1".
ABC: Scl_LibertyReadGenlib() skipped sequential cell "sky130_fd_sc_hd__sdfxtp_2".
ABC: Scl_LibertyReadGenlib() skipped sequential cell "sky130_fd_sc_hd__sdfxtp_4".
ABC: Scl_LibertyReadGenlib() skipped cell "sky130_fd_sc_hd__sdlclkp_1" without logic function.
ABC: Scl_LibertyReadGenlib() skipped cell "sky130_fd_sc_hd__sdlclkp_2" without logic function.
ABC: Scl_LibertyReadGenlib() skipped cell "sky130_fd_sc_hd__sdlclkp_4" without logic function.
ABC: Scl_LibertyReadGenlib() skipped sequential cell "sky130_fd_sc_hd__sedfxbp_1".
ABC: Scl_LibertyReadGenlib() skipped sequential cell "sky130_fd_sc_hd__sedfxbp_2".
ABC: Scl_LibertyReadGenlib() skipped sequential cell "sky130_fd_sc_hd__sedfxtp_1".
ABC: Scl_LibertyReadGenlib() skipped sequential cell "sky130_fd_sc_hd__sedfxtp_2".
ABC: Scl_LibertyReadGenlib() skipped sequential cell "sky130_fd_sc_hd__sedfxtp_4".
ABC: Library "sky130_fd_sc_hd__tt_025C_1v80" from "/home/trithuc/.ciel/ciel/sky130/versions/0fe599b2afb6708d281543108caf8310912f54af/sky130A/libs.ref/sky130_fd_sc_hd/lib/sky130_fd_sc_hd__tt_025C_1v80.lib" has 334 cells (94 skipped: 63 seq; 13 tri-state; 18 no func; 0 dont_use).  Time =     0.06 sec
ABC: Memory =   19.85 MB. Time =     0.06 sec
ABC: Warning: Detected 9 multi-output gates (for example, "sky130_fd_sc_hd__fa_1").
ABC: + strash 
ABC: + &get -n 
ABC: + &fraig -x 
ABC: + &put 
ABC: + scorr 
ABC: Warning: The network is combinational (run "fraig" or "fraig_sweep").
ABC: + dc2 
ABC: + dretime 
ABC: + strash 
ABC: + &get -n 
ABC: + &dch -f 
ABC: + &nf 
ABC: + &put 
ABC: + write_blif <abc-temp-dir>/output.blif 

12.7.2. Re-integrating ABC results.
ABC RESULTS:   sky130_fd_sc_hd__clkinv_1 cells:        6
ABC RESULTS:   sky130_fd_sc_hd__lpflow_isobufsrc_1 cells:        4
ABC RESULTS:   sky130_fd_sc_hd__xnor2_1 cells:        4
ABC RESULTS:   sky130_fd_sc_hd__o221ai_1 cells:        4
ABC RESULTS:   sky130_fd_sc_hd__nor4_1 cells:        2
ABC RESULTS:   sky130_fd_sc_hd__or3_1 cells:        1
ABC RESULTS:   sky130_fd_sc_hd__nor3_1 cells:        1
ABC RESULTS:   sky130_fd_sc_hd__nor3b_1 cells:        1
ABC RESULTS:   sky130_fd_sc_hd__o21ai_0 cells:        1
ABC RESULTS:   sky130_fd_sc_hd__nand2b_1 cells:        1
ABC RESULTS:        internal signals:       29
ABC RESULTS:           input signals:       17
ABC RESULTS:          output signals:        2
Removing temp directory.

12.8. Extracting gate netlist of module `\ID_EX_reg' to `<abc-temp-dir>/input.blif'..
Extracted 406 gates and 1045 wires to a netlist network with 636 inputs and 317 outputs.

12.8.1. Executing ABC.
Running ABC command: "<yosys-exe-dir>/yosys-abc" -s -f <abc-temp-dir>/abc.script 2>&1
ABC: ABC command line: "source <abc-temp-dir>/abc.script".
ABC: 
ABC: + read_blif <abc-temp-dir>/input.blif 
ABC: + read_lib -w /home/trithuc/.ciel/ciel/sky130/versions/0fe599b2afb6708d281543108caf8310912f54af/sky130A/libs.ref/sky130_fd_sc_hd/lib/sky130_fd_sc_hd__tt_025C_1v80.lib 
ABC: Parsing finished successfully.  Parsing time =     0.04 sec
ABC: Scl_LibertyReadGenlib() skipped cell "sky130_fd_sc_hd__decap_12" without logic function.
ABC: Scl_LibertyReadGenlib() skipped cell "sky130_fd_sc_hd__decap_3" without logic function.
ABC: Scl_LibertyReadGenlib() skipped cell "sky130_fd_sc_hd__decap_4" without logic function.
ABC: Scl_LibertyReadGenlib() skipped cell "sky130_fd_sc_hd__decap_6" without logic function.
ABC: Scl_LibertyReadGenlib() skipped cell "sky130_fd_sc_hd__decap_8" without logic function.
ABC: Scl_LibertyReadGenlib() skipped sequential cell "sky130_fd_sc_hd__dfbbn_1".
ABC: Scl_LibertyReadGenlib() skipped sequential cell "sky130_fd_sc_hd__dfbbn_2".
ABC: Scl_LibertyReadGenlib() skipped sequential cell "sky130_fd_sc_hd__dfbbp_1".
ABC: Scl_LibertyReadGenlib() skipped sequential cell "sky130_fd_sc_hd__dfrbp_1".
ABC: Scl_LibertyReadGenlib() skipped sequential cell "sky130_fd_sc_hd__dfrbp_2".
ABC: Scl_LibertyReadGenlib() skipped sequential cell "sky130_fd_sc_hd__dfrtn_1".
ABC: Scl_LibertyReadGenlib() skipped sequential cell "sky130_fd_sc_hd__dfrtp_1".
ABC: Scl_LibertyReadGenlib() skipped sequential cell "sky130_fd_sc_hd__dfrtp_2".
ABC: Scl_LibertyReadGenlib() skipped sequential cell "sky130_fd_sc_hd__dfrtp_4".
ABC: Scl_LibertyReadGenlib() skipped sequential cell "sky130_fd_sc_hd__dfsbp_1".
ABC: Scl_LibertyReadGenlib() skipped sequential cell "sky130_fd_sc_hd__dfsbp_2".
ABC: Scl_LibertyReadGenlib() skipped sequential cell "sky130_fd_sc_hd__dfstp_1".
ABC: Scl_LibertyReadGenlib() skipped sequential cell "sky130_fd_sc_hd__dfstp_2".
ABC: Scl_LibertyReadGenlib() skipped sequential cell "sky130_fd_sc_hd__dfstp_4".
ABC: Scl_LibertyReadGenlib() skipped sequential cell "sky130_fd_sc_hd__dfxbp_1".
ABC: Scl_LibertyReadGenlib() skipped sequential cell "sky130_fd_sc_hd__dfxbp_2".
ABC: Scl_LibertyReadGenlib() skipped sequential cell "sky130_fd_sc_hd__dfxtp_1".
ABC: Scl_LibertyReadGenlib() skipped sequential cell "sky130_fd_sc_hd__dfxtp_2".
ABC: Scl_LibertyReadGenlib() skipped sequential cell "sky130_fd_sc_hd__dfxtp_4".
ABC: Scl_LibertyReadGenlib() skipped cell "sky130_fd_sc_hd__diode_2" without logic function.
ABC: Scl_LibertyReadGenlib() skipped cell "sky130_fd_sc_hd__dlclkp_1" without logic function.
ABC: Scl_LibertyReadGenlib() skipped cell "sky130_fd_sc_hd__dlclkp_2" without logic function.
ABC: Scl_LibertyReadGenlib() skipped cell "sky130_fd_sc_hd__dlclkp_4" without logic function.
ABC: Scl_LibertyReadGenlib() skipped sequential cell "sky130_fd_sc_hd__dlrbn_1".
ABC: Scl_LibertyReadGenlib() skipped sequential cell "sky130_fd_sc_hd__dlrbn_2".
ABC: Scl_LibertyReadGenlib() skipped sequential cell "sky130_fd_sc_hd__dlrbp_1".
ABC: Scl_LibertyReadGenlib() skipped sequential cell "sky130_fd_sc_hd__dlrbp_2".
ABC: Scl_LibertyReadGenlib() skipped sequential cell "sky130_fd_sc_hd__dlrtn_1".
ABC: Scl_LibertyReadGenlib() skipped sequential cell "sky130_fd_sc_hd__dlrtn_2".
ABC: Scl_LibertyReadGenlib() skipped sequential cell "sky130_fd_sc_hd__dlrtn_4".
ABC: Scl_LibertyReadGenlib() skipped sequential cell "sky130_fd_sc_hd__dlrtp_1".
ABC: Scl_LibertyReadGenlib() skipped sequential cell "sky130_fd_sc_hd__dlrtp_2".
ABC: Scl_LibertyReadGenlib() skipped sequential cell "sky130_fd_sc_hd__dlrtp_4".
ABC: Scl_LibertyReadGenlib() skipped sequential cell "sky130_fd_sc_hd__dlxbn_1".
ABC: Scl_LibertyReadGenlib() skipped sequential cell "sky130_fd_sc_hd__dlxbn_2".
ABC: Scl_LibertyReadGenlib() skipped sequential cell "sky130_fd_sc_hd__dlxbp_1".
ABC: Scl_LibertyReadGenlib() skipped sequential cell "sky130_fd_sc_hd__dlxtn_1".
ABC: Scl_LibertyReadGenlib() skipped sequential cell "sky130_fd_sc_hd__dlxtn_2".
ABC: Scl_LibertyReadGenlib() skipped sequential cell "sky130_fd_sc_hd__dlxtn_4".
ABC: Scl_LibertyReadGenlib() skipped sequential cell "sky130_fd_sc_hd__dlxtp_1".
ABC: Scl_LibertyReadGenlib() skipped three-state cell "sky130_fd_sc_hd__ebufn_1".
ABC: Scl_LibertyReadGenlib() skipped three-state cell "sky130_fd_sc_hd__ebufn_2".
ABC: Scl_LibertyReadGenlib() skipped three-state cell "sky130_fd_sc_hd__ebufn_4".
ABC: Scl_LibertyReadGenlib() skipped three-state cell "sky130_fd_sc_hd__ebufn_8".
ABC: Scl_LibertyReadGenlib() skipped sequential cell "sky130_fd_sc_hd__edfxbp_1".
ABC: Scl_LibertyReadGenlib() skipped sequential cell "sky130_fd_sc_hd__edfxtp_1".
ABC: Scl_LibertyReadGenlib() skipped three-state cell "sky130_fd_sc_hd__einvn_0".
ABC: Scl_LibertyReadGenlib() skipped three-state cell "sky130_fd_sc_hd__einvn_1".
ABC: Scl_LibertyReadGenlib() skipped three-state cell "sky130_fd_sc_hd__einvn_2".
ABC: Scl_LibertyReadGenlib() skipped three-state cell "sky130_fd_sc_hd__einvn_4".
ABC: Scl_LibertyReadGenlib() skipped three-state cell "sky130_fd_sc_hd__einvn_8".
ABC: Scl_LibertyReadGenlib() skipped three-state cell "sky130_fd_sc_hd__einvp_1".
ABC: Scl_LibertyReadGenlib() skipped three-state cell "sky130_fd_sc_hd__einvp_2".
ABC: Scl_LibertyReadGenlib() skipped three-state cell "sky130_fd_sc_hd__einvp_4".
ABC: Scl_LibertyReadGenlib() skipped three-state cell "sky130_fd_sc_hd__einvp_8".
ABC: Scl_LibertyReadGenlib() skipped cell "sky130_fd_sc_hd__lpflow_bleeder_1" without logic function.
ABC: Scl_LibertyReadGenlib() skipped cell "sky130_fd_sc_hd__lpflow_decapkapwr_12" without logic function.
ABC: Scl_LibertyReadGenlib() skipped cell "sky130_fd_sc_hd__lpflow_decapkapwr_3" without logic function.
ABC: Scl_LibertyReadGenlib() skipped cell "sky130_fd_sc_hd__lpflow_decapkapwr_4" without logic function.
ABC: Scl_LibertyReadGenlib() skipped cell "sky130_fd_sc_hd__lpflow_decapkapwr_6" without logic function.
ABC: Scl_LibertyReadGenlib() skipped cell "sky130_fd_sc_hd__lpflow_decapkapwr_8" without logic function.
ABC: Scl_LibertyReadGenlib() skipped sequential cell "sky130_fd_sc_hd__lpflow_inputisolatch_1".
ABC: Scl_LibertyReadGenlib() skipped sequential cell "sky130_fd_sc_hd__sdfbbn_1".
ABC: Scl_LibertyReadGenlib() skipped sequential cell "sky130_fd_sc_hd__sdfbbn_2".
ABC: Scl_LibertyReadGenlib() skipped sequential cell "sky130_fd_sc_hd__sdfbbp_1".
ABC: Scl_LibertyReadGenlib() skipped sequential cell "sky130_fd_sc_hd__sdfrbp_1".
ABC: Scl_LibertyReadGenlib() skipped sequential cell "sky130_fd_sc_hd__sdfrbp_2".
ABC: Scl_LibertyReadGenlib() skipped sequential cell "sky130_fd_sc_hd__sdfrtn_1".
ABC: Scl_LibertyReadGenlib() skipped sequential cell "sky130_fd_sc_hd__sdfrtp_1".
ABC: Scl_LibertyReadGenlib() skipped sequential cell "sky130_fd_sc_hd__sdfrtp_2".
ABC: Scl_LibertyReadGenlib() skipped sequential cell "sky130_fd_sc_hd__sdfrtp_4".
ABC: Scl_LibertyReadGenlib() skipped sequential cell "sky130_fd_sc_hd__sdfsbp_1".
ABC: Scl_LibertyReadGenlib() skipped sequential cell "sky130_fd_sc_hd__sdfsbp_2".
ABC: Scl_LibertyReadGenlib() skipped sequential cell "sky130_fd_sc_hd__sdfstp_1".
ABC: Scl_LibertyReadGenlib() skipped sequential cell "sky130_fd_sc_hd__sdfstp_2".
ABC: Scl_LibertyReadGenlib() skipped sequential cell "sky130_fd_sc_hd__sdfstp_4".
ABC: Scl_LibertyReadGenlib() skipped sequential cell "sky130_fd_sc_hd__sdfxbp_1".
ABC: Scl_LibertyReadGenlib() skipped sequential cell "sky130_fd_sc_hd__sdfxbp_2".
ABC: Scl_LibertyReadGenlib() skipped sequential cell "sky130_fd_sc_hd__sdfxtp_1".
ABC: Scl_LibertyReadGenlib() skipped sequential cell "sky130_fd_sc_hd__sdfxtp_2".
ABC: Scl_LibertyReadGenlib() skipped sequential cell "sky130_fd_sc_hd__sdfxtp_4".
ABC: Scl_LibertyReadGenlib() skipped cell "sky130_fd_sc_hd__sdlclkp_1" without logic function.
ABC: Scl_LibertyReadGenlib() skipped cell "sky130_fd_sc_hd__sdlclkp_2" without logic function.
ABC: Scl_LibertyReadGenlib() skipped cell "sky130_fd_sc_hd__sdlclkp_4" without logic function.
ABC: Scl_LibertyReadGenlib() skipped sequential cell "sky130_fd_sc_hd__sedfxbp_1".
ABC: Scl_LibertyReadGenlib() skipped sequential cell "sky130_fd_sc_hd__sedfxbp_2".
ABC: Scl_LibertyReadGenlib() skipped sequential cell "sky130_fd_sc_hd__sedfxtp_1".
ABC: Scl_LibertyReadGenlib() skipped sequential cell "sky130_fd_sc_hd__sedfxtp_2".
ABC: Scl_LibertyReadGenlib() skipped sequential cell "sky130_fd_sc_hd__sedfxtp_4".
ABC: Library "sky130_fd_sc_hd__tt_025C_1v80" from "/home/trithuc/.ciel/ciel/sky130/versions/0fe599b2afb6708d281543108caf8310912f54af/sky130A/libs.ref/sky130_fd_sc_hd/lib/sky130_fd_sc_hd__tt_025C_1v80.lib" has 334 cells (94 skipped: 63 seq; 13 tri-state; 18 no func; 0 dont_use).  Time =     0.06 sec
ABC: Memory =   19.85 MB. Time =     0.06 sec
ABC: Warning: Detected 9 multi-output gates (for example, "sky130_fd_sc_hd__fa_1").
ABC: + strash 
ABC: + &get -n 
ABC: + &fraig -x 
ABC: + &put 
ABC: + scorr 
ABC: Warning: The network is combinational (run "fraig" or "fraig_sweep").
ABC: + dc2 
ABC: + dretime 
ABC: + strash 
ABC: + &get -n 
ABC: + &dch -f 
ABC: + &nf 
ABC: + &put 
ABC: + write_blif <abc-temp-dir>/output.blif 

12.8.2. Re-integrating ABC results.
ABC RESULTS:   sky130_fd_sc_hd__lpflow_isobufsrc_1 cells:        1
ABC RESULTS:   sky130_fd_sc_hd__nand2b_1 cells:        1
ABC RESULTS:   sky130_fd_sc_hd__nor2_1 cells:        1
ABC RESULTS:   sky130_fd_sc_hd__lpflow_inputiso1p_1 cells:        1
ABC RESULTS:   sky130_fd_sc_hd__o22a_1 cells:        3
ABC RESULTS:   sky130_fd_sc_hd__a22o_1 cells:       40
ABC RESULTS:   sky130_fd_sc_hd__mux2_1 cells:      274
ABC RESULTS:        internal signals:       92
ABC RESULTS:           input signals:      636
ABC RESULTS:          output signals:      317
Removing temp directory.

12.9. Extracting gate netlist of module `\IF_ID_reg' to `<abc-temp-dir>/input.blif'..
Extracted 289 gates and 486 wires to a netlist network with 194 inputs and 96 outputs.

12.9.1. Executing ABC.
Running ABC command: "<yosys-exe-dir>/yosys-abc" -s -f <abc-temp-dir>/abc.script 2>&1
ABC: ABC command line: "source <abc-temp-dir>/abc.script".
ABC: 
ABC: + read_blif <abc-temp-dir>/input.blif 
ABC: + read_lib -w /home/trithuc/.ciel/ciel/sky130/versions/0fe599b2afb6708d281543108caf8310912f54af/sky130A/libs.ref/sky130_fd_sc_hd/lib/sky130_fd_sc_hd__tt_025C_1v80.lib 
ABC: Parsing finished successfully.  Parsing time =     0.04 sec
ABC: Scl_LibertyReadGenlib() skipped cell "sky130_fd_sc_hd__decap_12" without logic function.
ABC: Scl_LibertyReadGenlib() skipped cell "sky130_fd_sc_hd__decap_3" without logic function.
ABC: Scl_LibertyReadGenlib() skipped cell "sky130_fd_sc_hd__decap_4" without logic function.
ABC: Scl_LibertyReadGenlib() skipped cell "sky130_fd_sc_hd__decap_6" without logic function.
ABC: Scl_LibertyReadGenlib() skipped cell "sky130_fd_sc_hd__decap_8" without logic function.
ABC: Scl_LibertyReadGenlib() skipped sequential cell "sky130_fd_sc_hd__dfbbn_1".
ABC: Scl_LibertyReadGenlib() skipped sequential cell "sky130_fd_sc_hd__dfbbn_2".
ABC: Scl_LibertyReadGenlib() skipped sequential cell "sky130_fd_sc_hd__dfbbp_1".
ABC: Scl_LibertyReadGenlib() skipped sequential cell "sky130_fd_sc_hd__dfrbp_1".
ABC: Scl_LibertyReadGenlib() skipped sequential cell "sky130_fd_sc_hd__dfrbp_2".
ABC: Scl_LibertyReadGenlib() skipped sequential cell "sky130_fd_sc_hd__dfrtn_1".
ABC: Scl_LibertyReadGenlib() skipped sequential cell "sky130_fd_sc_hd__dfrtp_1".
ABC: Scl_LibertyReadGenlib() skipped sequential cell "sky130_fd_sc_hd__dfrtp_2".
ABC: Scl_LibertyReadGenlib() skipped sequential cell "sky130_fd_sc_hd__dfrtp_4".
ABC: Scl_LibertyReadGenlib() skipped sequential cell "sky130_fd_sc_hd__dfsbp_1".
ABC: Scl_LibertyReadGenlib() skipped sequential cell "sky130_fd_sc_hd__dfsbp_2".
ABC: Scl_LibertyReadGenlib() skipped sequential cell "sky130_fd_sc_hd__dfstp_1".
ABC: Scl_LibertyReadGenlib() skipped sequential cell "sky130_fd_sc_hd__dfstp_2".
ABC: Scl_LibertyReadGenlib() skipped sequential cell "sky130_fd_sc_hd__dfstp_4".
ABC: Scl_LibertyReadGenlib() skipped sequential cell "sky130_fd_sc_hd__dfxbp_1".
ABC: Scl_LibertyReadGenlib() skipped sequential cell "sky130_fd_sc_hd__dfxbp_2".
ABC: Scl_LibertyReadGenlib() skipped sequential cell "sky130_fd_sc_hd__dfxtp_1".
ABC: Scl_LibertyReadGenlib() skipped sequential cell "sky130_fd_sc_hd__dfxtp_2".
ABC: Scl_LibertyReadGenlib() skipped sequential cell "sky130_fd_sc_hd__dfxtp_4".
ABC: Scl_LibertyReadGenlib() skipped cell "sky130_fd_sc_hd__diode_2" without logic function.
ABC: Scl_LibertyReadGenlib() skipped cell "sky130_fd_sc_hd__dlclkp_1" without logic function.
ABC: Scl_LibertyReadGenlib() skipped cell "sky130_fd_sc_hd__dlclkp_2" without logic function.
ABC: Scl_LibertyReadGenlib() skipped cell "sky130_fd_sc_hd__dlclkp_4" without logic function.
ABC: Scl_LibertyReadGenlib() skipped sequential cell "sky130_fd_sc_hd__dlrbn_1".
ABC: Scl_LibertyReadGenlib() skipped sequential cell "sky130_fd_sc_hd__dlrbn_2".
ABC: Scl_LibertyReadGenlib() skipped sequential cell "sky130_fd_sc_hd__dlrbp_1".
ABC: Scl_LibertyReadGenlib() skipped sequential cell "sky130_fd_sc_hd__dlrbp_2".
ABC: Scl_LibertyReadGenlib() skipped sequential cell "sky130_fd_sc_hd__dlrtn_1".
ABC: Scl_LibertyReadGenlib() skipped sequential cell "sky130_fd_sc_hd__dlrtn_2".
ABC: Scl_LibertyReadGenlib() skipped sequential cell "sky130_fd_sc_hd__dlrtn_4".
ABC: Scl_LibertyReadGenlib() skipped sequential cell "sky130_fd_sc_hd__dlrtp_1".
ABC: Scl_LibertyReadGenlib() skipped sequential cell "sky130_fd_sc_hd__dlrtp_2".
ABC: Scl_LibertyReadGenlib() skipped sequential cell "sky130_fd_sc_hd__dlrtp_4".
ABC: Scl_LibertyReadGenlib() skipped sequential cell "sky130_fd_sc_hd__dlxbn_1".
ABC: Scl_LibertyReadGenlib() skipped sequential cell "sky130_fd_sc_hd__dlxbn_2".
ABC: Scl_LibertyReadGenlib() skipped sequential cell "sky130_fd_sc_hd__dlxbp_1".
ABC: Scl_LibertyReadGenlib() skipped sequential cell "sky130_fd_sc_hd__dlxtn_1".
ABC: Scl_LibertyReadGenlib() skipped sequential cell "sky130_fd_sc_hd__dlxtn_2".
ABC: Scl_LibertyReadGenlib() skipped sequential cell "sky130_fd_sc_hd__dlxtn_4".
ABC: Scl_LibertyReadGenlib() skipped sequential cell "sky130_fd_sc_hd__dlxtp_1".
ABC: Scl_LibertyReadGenlib() skipped three-state cell "sky130_fd_sc_hd__ebufn_1".
ABC: Scl_LibertyReadGenlib() skipped three-state cell "sky130_fd_sc_hd__ebufn_2".
ABC: Scl_LibertyReadGenlib() skipped three-state cell "sky130_fd_sc_hd__ebufn_4".
ABC: Scl_LibertyReadGenlib() skipped three-state cell "sky130_fd_sc_hd__ebufn_8".
ABC: Scl_LibertyReadGenlib() skipped sequential cell "sky130_fd_sc_hd__edfxbp_1".
ABC: Scl_LibertyReadGenlib() skipped sequential cell "sky130_fd_sc_hd__edfxtp_1".
ABC: Scl_LibertyReadGenlib() skipped three-state cell "sky130_fd_sc_hd__einvn_0".
ABC: Scl_LibertyReadGenlib() skipped three-state cell "sky130_fd_sc_hd__einvn_1".
ABC: Scl_LibertyReadGenlib() skipped three-state cell "sky130_fd_sc_hd__einvn_2".
ABC: Scl_LibertyReadGenlib() skipped three-state cell "sky130_fd_sc_hd__einvn_4".
ABC: Scl_LibertyReadGenlib() skipped three-state cell "sky130_fd_sc_hd__einvn_8".
ABC: Scl_LibertyReadGenlib() skipped three-state cell "sky130_fd_sc_hd__einvp_1".
ABC: Scl_LibertyReadGenlib() skipped three-state cell "sky130_fd_sc_hd__einvp_2".
ABC: Scl_LibertyReadGenlib() skipped three-state cell "sky130_fd_sc_hd__einvp_4".
ABC: Scl_LibertyReadGenlib() skipped three-state cell "sky130_fd_sc_hd__einvp_8".
ABC: Scl_LibertyReadGenlib() skipped cell "sky130_fd_sc_hd__lpflow_bleeder_1" without logic function.
ABC: Scl_LibertyReadGenlib() skipped cell "sky130_fd_sc_hd__lpflow_decapkapwr_12" without logic function.
ABC: Scl_LibertyReadGenlib() skipped cell "sky130_fd_sc_hd__lpflow_decapkapwr_3" without logic function.
ABC: Scl_LibertyReadGenlib() skipped cell "sky130_fd_sc_hd__lpflow_decapkapwr_4" without logic function.
ABC: Scl_LibertyReadGenlib() skipped cell "sky130_fd_sc_hd__lpflow_decapkapwr_6" without logic function.
ABC: Scl_LibertyReadGenlib() skipped cell "sky130_fd_sc_hd__lpflow_decapkapwr_8" without logic function.
ABC: Scl_LibertyReadGenlib() skipped sequential cell "sky130_fd_sc_hd__lpflow_inputisolatch_1".
ABC: Scl_LibertyReadGenlib() skipped sequential cell "sky130_fd_sc_hd__sdfbbn_1".
ABC: Scl_LibertyReadGenlib() skipped sequential cell "sky130_fd_sc_hd__sdfbbn_2".
ABC: Scl_LibertyReadGenlib() skipped sequential cell "sky130_fd_sc_hd__sdfbbp_1".
ABC: Scl_LibertyReadGenlib() skipped sequential cell "sky130_fd_sc_hd__sdfrbp_1".
ABC: Scl_LibertyReadGenlib() skipped sequential cell "sky130_fd_sc_hd__sdfrbp_2".
ABC: Scl_LibertyReadGenlib() skipped sequential cell "sky130_fd_sc_hd__sdfrtn_1".
ABC: Scl_LibertyReadGenlib() skipped sequential cell "sky130_fd_sc_hd__sdfrtp_1".
ABC: Scl_LibertyReadGenlib() skipped sequential cell "sky130_fd_sc_hd__sdfrtp_2".
ABC: Scl_LibertyReadGenlib() skipped sequential cell "sky130_fd_sc_hd__sdfrtp_4".
ABC: Scl_LibertyReadGenlib() skipped sequential cell "sky130_fd_sc_hd__sdfsbp_1".
ABC: Scl_LibertyReadGenlib() skipped sequential cell "sky130_fd_sc_hd__sdfsbp_2".
ABC: Scl_LibertyReadGenlib() skipped sequential cell "sky130_fd_sc_hd__sdfstp_1".
ABC: Scl_LibertyReadGenlib() skipped sequential cell "sky130_fd_sc_hd__sdfstp_2".
ABC: Scl_LibertyReadGenlib() skipped sequential cell "sky130_fd_sc_hd__sdfstp_4".
ABC: Scl_LibertyReadGenlib() skipped sequential cell "sky130_fd_sc_hd__sdfxbp_1".
ABC: Scl_LibertyReadGenlib() skipped sequential cell "sky130_fd_sc_hd__sdfxbp_2".
ABC: Scl_LibertyReadGenlib() skipped sequential cell "sky130_fd_sc_hd__sdfxtp_1".
ABC: Scl_LibertyReadGenlib() skipped sequential cell "sky130_fd_sc_hd__sdfxtp_2".
ABC: Scl_LibertyReadGenlib() skipped sequential cell "sky130_fd_sc_hd__sdfxtp_4".
ABC: Scl_LibertyReadGenlib() skipped cell "sky130_fd_sc_hd__sdlclkp_1" without logic function.
ABC: Scl_LibertyReadGenlib() skipped cell "sky130_fd_sc_hd__sdlclkp_2" without logic function.
ABC: Scl_LibertyReadGenlib() skipped cell "sky130_fd_sc_hd__sdlclkp_4" without logic function.
ABC: Scl_LibertyReadGenlib() skipped sequential cell "sky130_fd_sc_hd__sedfxbp_1".
ABC: Scl_LibertyReadGenlib() skipped sequential cell "sky130_fd_sc_hd__sedfxbp_2".
ABC: Scl_LibertyReadGenlib() skipped sequential cell "sky130_fd_sc_hd__sedfxtp_1".
ABC: Scl_LibertyReadGenlib() skipped sequential cell "sky130_fd_sc_hd__sedfxtp_2".
ABC: Scl_LibertyReadGenlib() skipped sequential cell "sky130_fd_sc_hd__sedfxtp_4".
ABC: Library "sky130_fd_sc_hd__tt_025C_1v80" from "/home/trithuc/.ciel/ciel/sky130/versions/0fe599b2afb6708d281543108caf8310912f54af/sky130A/libs.ref/sky130_fd_sc_hd/lib/sky130_fd_sc_hd__tt_025C_1v80.lib" has 334 cells (94 skipped: 63 seq; 13 tri-state; 18 no func; 0 dont_use).  Time =     0.06 sec
ABC: Memory =   19.85 MB. Time =     0.06 sec
ABC: Warning: Detected 9 multi-output gates (for example, "sky130_fd_sc_hd__fa_1").
ABC: + strash 
ABC: + &get -n 
ABC: + &fraig -x 
ABC: + &put 
ABC: + scorr 
ABC: Warning: The network is combinational (run "fraig" or "fraig_sweep").
ABC: + dc2 
ABC: + dretime 
ABC: + strash 
ABC: + &get -n 
ABC: + &dch -f 
ABC: + &nf 
ABC: + &put 
ABC: + write_blif <abc-temp-dir>/output.blif 

12.9.2. Re-integrating ABC results.
ABC RESULTS:   sky130_fd_sc_hd__nor2_1 cells:        1
ABC RESULTS:   sky130_fd_sc_hd__lpflow_inputiso1p_1 cells:        1
ABC RESULTS:   sky130_fd_sc_hd__lpflow_isobufsrc_1 cells:        1
ABC RESULTS:   sky130_fd_sc_hd__nand2b_1 cells:        1
ABC RESULTS:   sky130_fd_sc_hd__o22a_1 cells:        3
ABC RESULTS:   sky130_fd_sc_hd__a22o_1 cells:       93
ABC RESULTS:        internal signals:      196
ABC RESULTS:           input signals:      194
ABC RESULTS:          output signals:       96
Removing temp directory.

12.10. Extracting gate netlist of module `\ImmGen' to `<abc-temp-dir>/input.blif'..
Extracted 254 gates and 287 wires to a netlist network with 32 inputs and 32 outputs.

12.10.1. Executing ABC.
Running ABC command: "<yosys-exe-dir>/yosys-abc" -s -f <abc-temp-dir>/abc.script 2>&1
ABC: ABC command line: "source <abc-temp-dir>/abc.script".
ABC: 
ABC: + read_blif <abc-temp-dir>/input.blif 
ABC: + read_lib -w /home/trithuc/.ciel/ciel/sky130/versions/0fe599b2afb6708d281543108caf8310912f54af/sky130A/libs.ref/sky130_fd_sc_hd/lib/sky130_fd_sc_hd__tt_025C_1v80.lib 
ABC: Parsing finished successfully.  Parsing time =     0.04 sec
ABC: Scl_LibertyReadGenlib() skipped cell "sky130_fd_sc_hd__decap_12" without logic function.
ABC: Scl_LibertyReadGenlib() skipped cell "sky130_fd_sc_hd__decap_3" without logic function.
ABC: Scl_LibertyReadGenlib() skipped cell "sky130_fd_sc_hd__decap_4" without logic function.
ABC: Scl_LibertyReadGenlib() skipped cell "sky130_fd_sc_hd__decap_6" without logic function.
ABC: Scl_LibertyReadGenlib() skipped cell "sky130_fd_sc_hd__decap_8" without logic function.
ABC: Scl_LibertyReadGenlib() skipped sequential cell "sky130_fd_sc_hd__dfbbn_1".
ABC: Scl_LibertyReadGenlib() skipped sequential cell "sky130_fd_sc_hd__dfbbn_2".
ABC: Scl_LibertyReadGenlib() skipped sequential cell "sky130_fd_sc_hd__dfbbp_1".
ABC: Scl_LibertyReadGenlib() skipped sequential cell "sky130_fd_sc_hd__dfrbp_1".
ABC: Scl_LibertyReadGenlib() skipped sequential cell "sky130_fd_sc_hd__dfrbp_2".
ABC: Scl_LibertyReadGenlib() skipped sequential cell "sky130_fd_sc_hd__dfrtn_1".
ABC: Scl_LibertyReadGenlib() skipped sequential cell "sky130_fd_sc_hd__dfrtp_1".
ABC: Scl_LibertyReadGenlib() skipped sequential cell "sky130_fd_sc_hd__dfrtp_2".
ABC: Scl_LibertyReadGenlib() skipped sequential cell "sky130_fd_sc_hd__dfrtp_4".
ABC: Scl_LibertyReadGenlib() skipped sequential cell "sky130_fd_sc_hd__dfsbp_1".
ABC: Scl_LibertyReadGenlib() skipped sequential cell "sky130_fd_sc_hd__dfsbp_2".
ABC: Scl_LibertyReadGenlib() skipped sequential cell "sky130_fd_sc_hd__dfstp_1".
ABC: Scl_LibertyReadGenlib() skipped sequential cell "sky130_fd_sc_hd__dfstp_2".
ABC: Scl_LibertyReadGenlib() skipped sequential cell "sky130_fd_sc_hd__dfstp_4".
ABC: Scl_LibertyReadGenlib() skipped sequential cell "sky130_fd_sc_hd__dfxbp_1".
ABC: Scl_LibertyReadGenlib() skipped sequential cell "sky130_fd_sc_hd__dfxbp_2".
ABC: Scl_LibertyReadGenlib() skipped sequential cell "sky130_fd_sc_hd__dfxtp_1".
ABC: Scl_LibertyReadGenlib() skipped sequential cell "sky130_fd_sc_hd__dfxtp_2".
ABC: Scl_LibertyReadGenlib() skipped sequential cell "sky130_fd_sc_hd__dfxtp_4".
ABC: Scl_LibertyReadGenlib() skipped cell "sky130_fd_sc_hd__diode_2" without logic function.
ABC: Scl_LibertyReadGenlib() skipped cell "sky130_fd_sc_hd__dlclkp_1" without logic function.
ABC: Scl_LibertyReadGenlib() skipped cell "sky130_fd_sc_hd__dlclkp_2" without logic function.
ABC: Scl_LibertyReadGenlib() skipped cell "sky130_fd_sc_hd__dlclkp_4" without logic function.
ABC: Scl_LibertyReadGenlib() skipped sequential cell "sky130_fd_sc_hd__dlrbn_1".
ABC: Scl_LibertyReadGenlib() skipped sequential cell "sky130_fd_sc_hd__dlrbn_2".
ABC: Scl_LibertyReadGenlib() skipped sequential cell "sky130_fd_sc_hd__dlrbp_1".
ABC: Scl_LibertyReadGenlib() skipped sequential cell "sky130_fd_sc_hd__dlrbp_2".
ABC: Scl_LibertyReadGenlib() skipped sequential cell "sky130_fd_sc_hd__dlrtn_1".
ABC: Scl_LibertyReadGenlib() skipped sequential cell "sky130_fd_sc_hd__dlrtn_2".
ABC: Scl_LibertyReadGenlib() skipped sequential cell "sky130_fd_sc_hd__dlrtn_4".
ABC: Scl_LibertyReadGenlib() skipped sequential cell "sky130_fd_sc_hd__dlrtp_1".
ABC: Scl_LibertyReadGenlib() skipped sequential cell "sky130_fd_sc_hd__dlrtp_2".
ABC: Scl_LibertyReadGenlib() skipped sequential cell "sky130_fd_sc_hd__dlrtp_4".
ABC: Scl_LibertyReadGenlib() skipped sequential cell "sky130_fd_sc_hd__dlxbn_1".
ABC: Scl_LibertyReadGenlib() skipped sequential cell "sky130_fd_sc_hd__dlxbn_2".
ABC: Scl_LibertyReadGenlib() skipped sequential cell "sky130_fd_sc_hd__dlxbp_1".
ABC: Scl_LibertyReadGenlib() skipped sequential cell "sky130_fd_sc_hd__dlxtn_1".
ABC: Scl_LibertyReadGenlib() skipped sequential cell "sky130_fd_sc_hd__dlxtn_2".
ABC: Scl_LibertyReadGenlib() skipped sequential cell "sky130_fd_sc_hd__dlxtn_4".
ABC: Scl_LibertyReadGenlib() skipped sequential cell "sky130_fd_sc_hd__dlxtp_1".
ABC: Scl_LibertyReadGenlib() skipped three-state cell "sky130_fd_sc_hd__ebufn_1".
ABC: Scl_LibertyReadGenlib() skipped three-state cell "sky130_fd_sc_hd__ebufn_2".
ABC: Scl_LibertyReadGenlib() skipped three-state cell "sky130_fd_sc_hd__ebufn_4".
ABC: Scl_LibertyReadGenlib() skipped three-state cell "sky130_fd_sc_hd__ebufn_8".
ABC: Scl_LibertyReadGenlib() skipped sequential cell "sky130_fd_sc_hd__edfxbp_1".
ABC: Scl_LibertyReadGenlib() skipped sequential cell "sky130_fd_sc_hd__edfxtp_1".
ABC: Scl_LibertyReadGenlib() skipped three-state cell "sky130_fd_sc_hd__einvn_0".
ABC: Scl_LibertyReadGenlib() skipped three-state cell "sky130_fd_sc_hd__einvn_1".
ABC: Scl_LibertyReadGenlib() skipped three-state cell "sky130_fd_sc_hd__einvn_2".
ABC: Scl_LibertyReadGenlib() skipped three-state cell "sky130_fd_sc_hd__einvn_4".
ABC: Scl_LibertyReadGenlib() skipped three-state cell "sky130_fd_sc_hd__einvn_8".
ABC: Scl_LibertyReadGenlib() skipped three-state cell "sky130_fd_sc_hd__einvp_1".
ABC: Scl_LibertyReadGenlib() skipped three-state cell "sky130_fd_sc_hd__einvp_2".
ABC: Scl_LibertyReadGenlib() skipped three-state cell "sky130_fd_sc_hd__einvp_4".
ABC: Scl_LibertyReadGenlib() skipped three-state cell "sky130_fd_sc_hd__einvp_8".
ABC: Scl_LibertyReadGenlib() skipped cell "sky130_fd_sc_hd__lpflow_bleeder_1" without logic function.
ABC: Scl_LibertyReadGenlib() skipped cell "sky130_fd_sc_hd__lpflow_decapkapwr_12" without logic function.
ABC: Scl_LibertyReadGenlib() skipped cell "sky130_fd_sc_hd__lpflow_decapkapwr_3" without logic function.
ABC: Scl_LibertyReadGenlib() skipped cell "sky130_fd_sc_hd__lpflow_decapkapwr_4" without logic function.
ABC: Scl_LibertyReadGenlib() skipped cell "sky130_fd_sc_hd__lpflow_decapkapwr_6" without logic function.
ABC: Scl_LibertyReadGenlib() skipped cell "sky130_fd_sc_hd__lpflow_decapkapwr_8" without logic function.
ABC: Scl_LibertyReadGenlib() skipped sequential cell "sky130_fd_sc_hd__lpflow_inputisolatch_1".
ABC: Scl_LibertyReadGenlib() skipped sequential cell "sky130_fd_sc_hd__sdfbbn_1".
ABC: Scl_LibertyReadGenlib() skipped sequential cell "sky130_fd_sc_hd__sdfbbn_2".
ABC: Scl_LibertyReadGenlib() skipped sequential cell "sky130_fd_sc_hd__sdfbbp_1".
ABC: Scl_LibertyReadGenlib() skipped sequential cell "sky130_fd_sc_hd__sdfrbp_1".
ABC: Scl_LibertyReadGenlib() skipped sequential cell "sky130_fd_sc_hd__sdfrbp_2".
ABC: Scl_LibertyReadGenlib() skipped sequential cell "sky130_fd_sc_hd__sdfrtn_1".
ABC: Scl_LibertyReadGenlib() skipped sequential cell "sky130_fd_sc_hd__sdfrtp_1".
ABC: Scl_LibertyReadGenlib() skipped sequential cell "sky130_fd_sc_hd__sdfrtp_2".
ABC: Scl_LibertyReadGenlib() skipped sequential cell "sky130_fd_sc_hd__sdfrtp_4".
ABC: Scl_LibertyReadGenlib() skipped sequential cell "sky130_fd_sc_hd__sdfsbp_1".
ABC: Scl_LibertyReadGenlib() skipped sequential cell "sky130_fd_sc_hd__sdfsbp_2".
ABC: Scl_LibertyReadGenlib() skipped sequential cell "sky130_fd_sc_hd__sdfstp_1".
ABC: Scl_LibertyReadGenlib() skipped sequential cell "sky130_fd_sc_hd__sdfstp_2".
ABC: Scl_LibertyReadGenlib() skipped sequential cell "sky130_fd_sc_hd__sdfstp_4".
ABC: Scl_LibertyReadGenlib() skipped sequential cell "sky130_fd_sc_hd__sdfxbp_1".
ABC: Scl_LibertyReadGenlib() skipped sequential cell "sky130_fd_sc_hd__sdfxbp_2".
ABC: Scl_LibertyReadGenlib() skipped sequential cell "sky130_fd_sc_hd__sdfxtp_1".
ABC: Scl_LibertyReadGenlib() skipped sequential cell "sky130_fd_sc_hd__sdfxtp_2".
ABC: Scl_LibertyReadGenlib() skipped sequential cell "sky130_fd_sc_hd__sdfxtp_4".
ABC: Scl_LibertyReadGenlib() skipped cell "sky130_fd_sc_hd__sdlclkp_1" without logic function.
ABC: Scl_LibertyReadGenlib() skipped cell "sky130_fd_sc_hd__sdlclkp_2" without logic function.
ABC: Scl_LibertyReadGenlib() skipped cell "sky130_fd_sc_hd__sdlclkp_4" without logic function.
ABC: Scl_LibertyReadGenlib() skipped sequential cell "sky130_fd_sc_hd__sedfxbp_1".
ABC: Scl_LibertyReadGenlib() skipped sequential cell "sky130_fd_sc_hd__sedfxbp_2".
ABC: Scl_LibertyReadGenlib() skipped sequential cell "sky130_fd_sc_hd__sedfxtp_1".
ABC: Scl_LibertyReadGenlib() skipped sequential cell "sky130_fd_sc_hd__sedfxtp_2".
ABC: Scl_LibertyReadGenlib() skipped sequential cell "sky130_fd_sc_hd__sedfxtp_4".
ABC: Library "sky130_fd_sc_hd__tt_025C_1v80" from "/home/trithuc/.ciel/ciel/sky130/versions/0fe599b2afb6708d281543108caf8310912f54af/sky130A/libs.ref/sky130_fd_sc_hd/lib/sky130_fd_sc_hd__tt_025C_1v80.lib" has 334 cells (94 skipped: 63 seq; 13 tri-state; 18 no func; 0 dont_use).  Time =     0.06 sec
ABC: Memory =   19.85 MB. Time =     0.06 sec
ABC: Warning: Detected 9 multi-output gates (for example, "sky130_fd_sc_hd__fa_1").
ABC: + strash 
ABC: + &get -n 
ABC: + &fraig -x 
ABC: + &put 
ABC: + scorr 
ABC: Warning: The network is combinational (run "fraig" or "fraig_sweep").
ABC: + dc2 
ABC: + dretime 
ABC: + strash 
ABC: + &get -n 
ABC: + &dch -f 
ABC: + &nf 
ABC: + &put 
ABC: + write_blif <abc-temp-dir>/output.blif 

12.10.2. Re-integrating ABC results.
ABC RESULTS:   sky130_fd_sc_hd__nand4bb_1 cells:        1
ABC RESULTS:   sky130_fd_sc_hd__and4b_1 cells:        1
ABC RESULTS:   sky130_fd_sc_hd__nand2b_1 cells:        2
ABC RESULTS:   sky130_fd_sc_hd__a32o_1 cells:        1
ABC RESULTS:   sky130_fd_sc_hd__nor2_1 cells:        2
ABC RESULTS:   sky130_fd_sc_hd__nand4_1 cells:        1
ABC RESULTS:   sky130_fd_sc_hd__a22o_1 cells:        5
ABC RESULTS:   sky130_fd_sc_hd__nor3_1 cells:        2
ABC RESULTS:   sky130_fd_sc_hd__lpflow_isobufsrc_1 cells:        7
ABC RESULTS:   sky130_fd_sc_hd__nand2_1 cells:        1
ABC RESULTS:   sky130_fd_sc_hd__nand4b_1 cells:        1
ABC RESULTS:   sky130_fd_sc_hd__a22oi_1 cells:        1
ABC RESULTS:   sky130_fd_sc_hd__nand3_1 cells:        1
ABC RESULTS:   sky130_fd_sc_hd__and3b_1 cells:        3
ABC RESULTS:   sky130_fd_sc_hd__lpflow_inputiso1p_1 cells:        2
ABC RESULTS:   sky130_fd_sc_hd__o21a_1 cells:        1
ABC RESULTS:   sky130_fd_sc_hd__and2_0 cells:        1
ABC RESULTS:   sky130_fd_sc_hd__a211o_1 cells:       11
ABC RESULTS:   sky130_fd_sc_hd__a21o_1 cells:        9
ABC RESULTS:        internal signals:      223
ABC RESULTS:           input signals:       32
ABC RESULTS:          output signals:       32
Removing temp directory.

12.11. Extracting gate netlist of module `\MEM_WB_reg' to `<abc-temp-dir>/input.blif'..
Extracted 142 gates and 416 wires to a netlist network with 272 inputs and 135 outputs.

12.11.1. Executing ABC.
Running ABC command: "<yosys-exe-dir>/yosys-abc" -s -f <abc-temp-dir>/abc.script 2>&1
ABC: ABC command line: "source <abc-temp-dir>/abc.script".
ABC: 
ABC: + read_blif <abc-temp-dir>/input.blif 
ABC: + read_lib -w /home/trithuc/.ciel/ciel/sky130/versions/0fe599b2afb6708d281543108caf8310912f54af/sky130A/libs.ref/sky130_fd_sc_hd/lib/sky130_fd_sc_hd__tt_025C_1v80.lib 
ABC: Parsing finished successfully.  Parsing time =     0.04 sec
ABC: Scl_LibertyReadGenlib() skipped cell "sky130_fd_sc_hd__decap_12" without logic function.
ABC: Scl_LibertyReadGenlib() skipped cell "sky130_fd_sc_hd__decap_3" without logic function.
ABC: Scl_LibertyReadGenlib() skipped cell "sky130_fd_sc_hd__decap_4" without logic function.
ABC: Scl_LibertyReadGenlib() skipped cell "sky130_fd_sc_hd__decap_6" without logic function.
ABC: Scl_LibertyReadGenlib() skipped cell "sky130_fd_sc_hd__decap_8" without logic function.
ABC: Scl_LibertyReadGenlib() skipped sequential cell "sky130_fd_sc_hd__dfbbn_1".
ABC: Scl_LibertyReadGenlib() skipped sequential cell "sky130_fd_sc_hd__dfbbn_2".
ABC: Scl_LibertyReadGenlib() skipped sequential cell "sky130_fd_sc_hd__dfbbp_1".
ABC: Scl_LibertyReadGenlib() skipped sequential cell "sky130_fd_sc_hd__dfrbp_1".
ABC: Scl_LibertyReadGenlib() skipped sequential cell "sky130_fd_sc_hd__dfrbp_2".
ABC: Scl_LibertyReadGenlib() skipped sequential cell "sky130_fd_sc_hd__dfrtn_1".
ABC: Scl_LibertyReadGenlib() skipped sequential cell "sky130_fd_sc_hd__dfrtp_1".
ABC: Scl_LibertyReadGenlib() skipped sequential cell "sky130_fd_sc_hd__dfrtp_2".
ABC: Scl_LibertyReadGenlib() skipped sequential cell "sky130_fd_sc_hd__dfrtp_4".
ABC: Scl_LibertyReadGenlib() skipped sequential cell "sky130_fd_sc_hd__dfsbp_1".
ABC: Scl_LibertyReadGenlib() skipped sequential cell "sky130_fd_sc_hd__dfsbp_2".
ABC: Scl_LibertyReadGenlib() skipped sequential cell "sky130_fd_sc_hd__dfstp_1".
ABC: Scl_LibertyReadGenlib() skipped sequential cell "sky130_fd_sc_hd__dfstp_2".
ABC: Scl_LibertyReadGenlib() skipped sequential cell "sky130_fd_sc_hd__dfstp_4".
ABC: Scl_LibertyReadGenlib() skipped sequential cell "sky130_fd_sc_hd__dfxbp_1".
ABC: Scl_LibertyReadGenlib() skipped sequential cell "sky130_fd_sc_hd__dfxbp_2".
ABC: Scl_LibertyReadGenlib() skipped sequential cell "sky130_fd_sc_hd__dfxtp_1".
ABC: Scl_LibertyReadGenlib() skipped sequential cell "sky130_fd_sc_hd__dfxtp_2".
ABC: Scl_LibertyReadGenlib() skipped sequential cell "sky130_fd_sc_hd__dfxtp_4".
ABC: Scl_LibertyReadGenlib() skipped cell "sky130_fd_sc_hd__diode_2" without logic function.
ABC: Scl_LibertyReadGenlib() skipped cell "sky130_fd_sc_hd__dlclkp_1" without logic function.
ABC: Scl_LibertyReadGenlib() skipped cell "sky130_fd_sc_hd__dlclkp_2" without logic function.
ABC: Scl_LibertyReadGenlib() skipped cell "sky130_fd_sc_hd__dlclkp_4" without logic function.
ABC: Scl_LibertyReadGenlib() skipped sequential cell "sky130_fd_sc_hd__dlrbn_1".
ABC: Scl_LibertyReadGenlib() skipped sequential cell "sky130_fd_sc_hd__dlrbn_2".
ABC: Scl_LibertyReadGenlib() skipped sequential cell "sky130_fd_sc_hd__dlrbp_1".
ABC: Scl_LibertyReadGenlib() skipped sequential cell "sky130_fd_sc_hd__dlrbp_2".
ABC: Scl_LibertyReadGenlib() skipped sequential cell "sky130_fd_sc_hd__dlrtn_1".
ABC: Scl_LibertyReadGenlib() skipped sequential cell "sky130_fd_sc_hd__dlrtn_2".
ABC: Scl_LibertyReadGenlib() skipped sequential cell "sky130_fd_sc_hd__dlrtn_4".
ABC: Scl_LibertyReadGenlib() skipped sequential cell "sky130_fd_sc_hd__dlrtp_1".
ABC: Scl_LibertyReadGenlib() skipped sequential cell "sky130_fd_sc_hd__dlrtp_2".
ABC: Scl_LibertyReadGenlib() skipped sequential cell "sky130_fd_sc_hd__dlrtp_4".
ABC: Scl_LibertyReadGenlib() skipped sequential cell "sky130_fd_sc_hd__dlxbn_1".
ABC: Scl_LibertyReadGenlib() skipped sequential cell "sky130_fd_sc_hd__dlxbn_2".
ABC: Scl_LibertyReadGenlib() skipped sequential cell "sky130_fd_sc_hd__dlxbp_1".
ABC: Scl_LibertyReadGenlib() skipped sequential cell "sky130_fd_sc_hd__dlxtn_1".
ABC: Scl_LibertyReadGenlib() skipped sequential cell "sky130_fd_sc_hd__dlxtn_2".
ABC: Scl_LibertyReadGenlib() skipped sequential cell "sky130_fd_sc_hd__dlxtn_4".
ABC: Scl_LibertyReadGenlib() skipped sequential cell "sky130_fd_sc_hd__dlxtp_1".
ABC: Scl_LibertyReadGenlib() skipped three-state cell "sky130_fd_sc_hd__ebufn_1".
ABC: Scl_LibertyReadGenlib() skipped three-state cell "sky130_fd_sc_hd__ebufn_2".
ABC: Scl_LibertyReadGenlib() skipped three-state cell "sky130_fd_sc_hd__ebufn_4".
ABC: Scl_LibertyReadGenlib() skipped three-state cell "sky130_fd_sc_hd__ebufn_8".
ABC: Scl_LibertyReadGenlib() skipped sequential cell "sky130_fd_sc_hd__edfxbp_1".
ABC: Scl_LibertyReadGenlib() skipped sequential cell "sky130_fd_sc_hd__edfxtp_1".
ABC: Scl_LibertyReadGenlib() skipped three-state cell "sky130_fd_sc_hd__einvn_0".
ABC: Scl_LibertyReadGenlib() skipped three-state cell "sky130_fd_sc_hd__einvn_1".
ABC: Scl_LibertyReadGenlib() skipped three-state cell "sky130_fd_sc_hd__einvn_2".
ABC: Scl_LibertyReadGenlib() skipped three-state cell "sky130_fd_sc_hd__einvn_4".
ABC: Scl_LibertyReadGenlib() skipped three-state cell "sky130_fd_sc_hd__einvn_8".
ABC: Scl_LibertyReadGenlib() skipped three-state cell "sky130_fd_sc_hd__einvp_1".
ABC: Scl_LibertyReadGenlib() skipped three-state cell "sky130_fd_sc_hd__einvp_2".
ABC: Scl_LibertyReadGenlib() skipped three-state cell "sky130_fd_sc_hd__einvp_4".
ABC: Scl_LibertyReadGenlib() skipped three-state cell "sky130_fd_sc_hd__einvp_8".
ABC: Scl_LibertyReadGenlib() skipped cell "sky130_fd_sc_hd__lpflow_bleeder_1" without logic function.
ABC: Scl_LibertyReadGenlib() skipped cell "sky130_fd_sc_hd__lpflow_decapkapwr_12" without logic function.
ABC: Scl_LibertyReadGenlib() skipped cell "sky130_fd_sc_hd__lpflow_decapkapwr_3" without logic function.
ABC: Scl_LibertyReadGenlib() skipped cell "sky130_fd_sc_hd__lpflow_decapkapwr_4" without logic function.
ABC: Scl_LibertyReadGenlib() skipped cell "sky130_fd_sc_hd__lpflow_decapkapwr_6" without logic function.
ABC: Scl_LibertyReadGenlib() skipped cell "sky130_fd_sc_hd__lpflow_decapkapwr_8" without logic function.
ABC: Scl_LibertyReadGenlib() skipped sequential cell "sky130_fd_sc_hd__lpflow_inputisolatch_1".
ABC: Scl_LibertyReadGenlib() skipped sequential cell "sky130_fd_sc_hd__sdfbbn_1".
ABC: Scl_LibertyReadGenlib() skipped sequential cell "sky130_fd_sc_hd__sdfbbn_2".
ABC: Scl_LibertyReadGenlib() skipped sequential cell "sky130_fd_sc_hd__sdfbbp_1".
ABC: Scl_LibertyReadGenlib() skipped sequential cell "sky130_fd_sc_hd__sdfrbp_1".
ABC: Scl_LibertyReadGenlib() skipped sequential cell "sky130_fd_sc_hd__sdfrbp_2".
ABC: Scl_LibertyReadGenlib() skipped sequential cell "sky130_fd_sc_hd__sdfrtn_1".
ABC: Scl_LibertyReadGenlib() skipped sequential cell "sky130_fd_sc_hd__sdfrtp_1".
ABC: Scl_LibertyReadGenlib() skipped sequential cell "sky130_fd_sc_hd__sdfrtp_2".
ABC: Scl_LibertyReadGenlib() skipped sequential cell "sky130_fd_sc_hd__sdfrtp_4".
ABC: Scl_LibertyReadGenlib() skipped sequential cell "sky130_fd_sc_hd__sdfsbp_1".
ABC: Scl_LibertyReadGenlib() skipped sequential cell "sky130_fd_sc_hd__sdfsbp_2".
ABC: Scl_LibertyReadGenlib() skipped sequential cell "sky130_fd_sc_hd__sdfstp_1".
ABC: Scl_LibertyReadGenlib() skipped sequential cell "sky130_fd_sc_hd__sdfstp_2".
ABC: Scl_LibertyReadGenlib() skipped sequential cell "sky130_fd_sc_hd__sdfstp_4".
ABC: Scl_LibertyReadGenlib() skipped sequential cell "sky130_fd_sc_hd__sdfxbp_1".
ABC: Scl_LibertyReadGenlib() skipped sequential cell "sky130_fd_sc_hd__sdfxbp_2".
ABC: Scl_LibertyReadGenlib() skipped sequential cell "sky130_fd_sc_hd__sdfxtp_1".
ABC: Scl_LibertyReadGenlib() skipped sequential cell "sky130_fd_sc_hd__sdfxtp_2".
ABC: Scl_LibertyReadGenlib() skipped sequential cell "sky130_fd_sc_hd__sdfxtp_4".
ABC: Scl_LibertyReadGenlib() skipped cell "sky130_fd_sc_hd__sdlclkp_1" without logic function.
ABC: Scl_LibertyReadGenlib() skipped cell "sky130_fd_sc_hd__sdlclkp_2" without logic function.
ABC: Scl_LibertyReadGenlib() skipped cell "sky130_fd_sc_hd__sdlclkp_4" without logic function.
ABC: Scl_LibertyReadGenlib() skipped sequential cell "sky130_fd_sc_hd__sedfxbp_1".
ABC: Scl_LibertyReadGenlib() skipped sequential cell "sky130_fd_sc_hd__sedfxbp_2".
ABC: Scl_LibertyReadGenlib() skipped sequential cell "sky130_fd_sc_hd__sedfxtp_1".
ABC: Scl_LibertyReadGenlib() skipped sequential cell "sky130_fd_sc_hd__sedfxtp_2".
ABC: Scl_LibertyReadGenlib() skipped sequential cell "sky130_fd_sc_hd__sedfxtp_4".
ABC: Library "sky130_fd_sc_hd__tt_025C_1v80" from "/home/trithuc/.ciel/ciel/sky130/versions/0fe599b2afb6708d281543108caf8310912f54af/sky130A/libs.ref/sky130_fd_sc_hd/lib/sky130_fd_sc_hd__tt_025C_1v80.lib" has 334 cells (94 skipped: 63 seq; 13 tri-state; 18 no func; 0 dont_use).  Time =     0.06 sec
ABC: Memory =   19.85 MB. Time =     0.06 sec
ABC: Warning: Detected 9 multi-output gates (for example, "sky130_fd_sc_hd__fa_1").
ABC: + strash 
ABC: + &get -n 
ABC: + &fraig -x 
ABC: + &put 
ABC: + scorr 
ABC: Warning: The network is combinational (run "fraig" or "fraig_sweep").
ABC: + dc2 
ABC: + dretime 
ABC: + strash 
ABC: + &get -n 
ABC: + &dch -f 
ABC: + &nf 
ABC: + &put 
ABC: + write_blif <abc-temp-dir>/output.blif 

12.11.2. Re-integrating ABC results.
ABC RESULTS:   sky130_fd_sc_hd__lpflow_isobufsrc_1 cells:        1
ABC RESULTS:   sky130_fd_sc_hd__mux2_1 cells:      133
ABC RESULTS:   sky130_fd_sc_hd__nor2_1 cells:        1
ABC RESULTS:   sky130_fd_sc_hd__a22o_1 cells:        2
ABC RESULTS:        internal signals:        9
ABC RESULTS:           input signals:      272
ABC RESULTS:          output signals:      135
Removing temp directory.

12.12. Extracting gate netlist of module `\MUX_2_1' to `<abc-temp-dir>/input.blif'..
Extracted 193 gates and 322 wires to a netlist network with 129 inputs and 64 outputs.

12.12.1. Executing ABC.
Running ABC command: "<yosys-exe-dir>/yosys-abc" -s -f <abc-temp-dir>/abc.script 2>&1
ABC: ABC command line: "source <abc-temp-dir>/abc.script".
ABC: 
ABC: + read_blif <abc-temp-dir>/input.blif 
ABC: + read_lib -w /home/trithuc/.ciel/ciel/sky130/versions/0fe599b2afb6708d281543108caf8310912f54af/sky130A/libs.ref/sky130_fd_sc_hd/lib/sky130_fd_sc_hd__tt_025C_1v80.lib 
ABC: Parsing finished successfully.  Parsing time =     0.04 sec
ABC: Scl_LibertyReadGenlib() skipped cell "sky130_fd_sc_hd__decap_12" without logic function.
ABC: Scl_LibertyReadGenlib() skipped cell "sky130_fd_sc_hd__decap_3" without logic function.
ABC: Scl_LibertyReadGenlib() skipped cell "sky130_fd_sc_hd__decap_4" without logic function.
ABC: Scl_LibertyReadGenlib() skipped cell "sky130_fd_sc_hd__decap_6" without logic function.
ABC: Scl_LibertyReadGenlib() skipped cell "sky130_fd_sc_hd__decap_8" without logic function.
ABC: Scl_LibertyReadGenlib() skipped sequential cell "sky130_fd_sc_hd__dfbbn_1".
ABC: Scl_LibertyReadGenlib() skipped sequential cell "sky130_fd_sc_hd__dfbbn_2".
ABC: Scl_LibertyReadGenlib() skipped sequential cell "sky130_fd_sc_hd__dfbbp_1".
ABC: Scl_LibertyReadGenlib() skipped sequential cell "sky130_fd_sc_hd__dfrbp_1".
ABC: Scl_LibertyReadGenlib() skipped sequential cell "sky130_fd_sc_hd__dfrbp_2".
ABC: Scl_LibertyReadGenlib() skipped sequential cell "sky130_fd_sc_hd__dfrtn_1".
ABC: Scl_LibertyReadGenlib() skipped sequential cell "sky130_fd_sc_hd__dfrtp_1".
ABC: Scl_LibertyReadGenlib() skipped sequential cell "sky130_fd_sc_hd__dfrtp_2".
ABC: Scl_LibertyReadGenlib() skipped sequential cell "sky130_fd_sc_hd__dfrtp_4".
ABC: Scl_LibertyReadGenlib() skipped sequential cell "sky130_fd_sc_hd__dfsbp_1".
ABC: Scl_LibertyReadGenlib() skipped sequential cell "sky130_fd_sc_hd__dfsbp_2".
ABC: Scl_LibertyReadGenlib() skipped sequential cell "sky130_fd_sc_hd__dfstp_1".
ABC: Scl_LibertyReadGenlib() skipped sequential cell "sky130_fd_sc_hd__dfstp_2".
ABC: Scl_LibertyReadGenlib() skipped sequential cell "sky130_fd_sc_hd__dfstp_4".
ABC: Scl_LibertyReadGenlib() skipped sequential cell "sky130_fd_sc_hd__dfxbp_1".
ABC: Scl_LibertyReadGenlib() skipped sequential cell "sky130_fd_sc_hd__dfxbp_2".
ABC: Scl_LibertyReadGenlib() skipped sequential cell "sky130_fd_sc_hd__dfxtp_1".
ABC: Scl_LibertyReadGenlib() skipped sequential cell "sky130_fd_sc_hd__dfxtp_2".
ABC: Scl_LibertyReadGenlib() skipped sequential cell "sky130_fd_sc_hd__dfxtp_4".
ABC: Scl_LibertyReadGenlib() skipped cell "sky130_fd_sc_hd__diode_2" without logic function.
ABC: Scl_LibertyReadGenlib() skipped cell "sky130_fd_sc_hd__dlclkp_1" without logic function.
ABC: Scl_LibertyReadGenlib() skipped cell "sky130_fd_sc_hd__dlclkp_2" without logic function.
ABC: Scl_LibertyReadGenlib() skipped cell "sky130_fd_sc_hd__dlclkp_4" without logic function.
ABC: Scl_LibertyReadGenlib() skipped sequential cell "sky130_fd_sc_hd__dlrbn_1".
ABC: Scl_LibertyReadGenlib() skipped sequential cell "sky130_fd_sc_hd__dlrbn_2".
ABC: Scl_LibertyReadGenlib() skipped sequential cell "sky130_fd_sc_hd__dlrbp_1".
ABC: Scl_LibertyReadGenlib() skipped sequential cell "sky130_fd_sc_hd__dlrbp_2".
ABC: Scl_LibertyReadGenlib() skipped sequential cell "sky130_fd_sc_hd__dlrtn_1".
ABC: Scl_LibertyReadGenlib() skipped sequential cell "sky130_fd_sc_hd__dlrtn_2".
ABC: Scl_LibertyReadGenlib() skipped sequential cell "sky130_fd_sc_hd__dlrtn_4".
ABC: Scl_LibertyReadGenlib() skipped sequential cell "sky130_fd_sc_hd__dlrtp_1".
ABC: Scl_LibertyReadGenlib() skipped sequential cell "sky130_fd_sc_hd__dlrtp_2".
ABC: Scl_LibertyReadGenlib() skipped sequential cell "sky130_fd_sc_hd__dlrtp_4".
ABC: Scl_LibertyReadGenlib() skipped sequential cell "sky130_fd_sc_hd__dlxbn_1".
ABC: Scl_LibertyReadGenlib() skipped sequential cell "sky130_fd_sc_hd__dlxbn_2".
ABC: Scl_LibertyReadGenlib() skipped sequential cell "sky130_fd_sc_hd__dlxbp_1".
ABC: Scl_LibertyReadGenlib() skipped sequential cell "sky130_fd_sc_hd__dlxtn_1".
ABC: Scl_LibertyReadGenlib() skipped sequential cell "sky130_fd_sc_hd__dlxtn_2".
ABC: Scl_LibertyReadGenlib() skipped sequential cell "sky130_fd_sc_hd__dlxtn_4".
ABC: Scl_LibertyReadGenlib() skipped sequential cell "sky130_fd_sc_hd__dlxtp_1".
ABC: Scl_LibertyReadGenlib() skipped three-state cell "sky130_fd_sc_hd__ebufn_1".
ABC: Scl_LibertyReadGenlib() skipped three-state cell "sky130_fd_sc_hd__ebufn_2".
ABC: Scl_LibertyReadGenlib() skipped three-state cell "sky130_fd_sc_hd__ebufn_4".
ABC: Scl_LibertyReadGenlib() skipped three-state cell "sky130_fd_sc_hd__ebufn_8".
ABC: Scl_LibertyReadGenlib() skipped sequential cell "sky130_fd_sc_hd__edfxbp_1".
ABC: Scl_LibertyReadGenlib() skipped sequential cell "sky130_fd_sc_hd__edfxtp_1".
ABC: Scl_LibertyReadGenlib() skipped three-state cell "sky130_fd_sc_hd__einvn_0".
ABC: Scl_LibertyReadGenlib() skipped three-state cell "sky130_fd_sc_hd__einvn_1".
ABC: Scl_LibertyReadGenlib() skipped three-state cell "sky130_fd_sc_hd__einvn_2".
ABC: Scl_LibertyReadGenlib() skipped three-state cell "sky130_fd_sc_hd__einvn_4".
ABC: Scl_LibertyReadGenlib() skipped three-state cell "sky130_fd_sc_hd__einvn_8".
ABC: Scl_LibertyReadGenlib() skipped three-state cell "sky130_fd_sc_hd__einvp_1".
ABC: Scl_LibertyReadGenlib() skipped three-state cell "sky130_fd_sc_hd__einvp_2".
ABC: Scl_LibertyReadGenlib() skipped three-state cell "sky130_fd_sc_hd__einvp_4".
ABC: Scl_LibertyReadGenlib() skipped three-state cell "sky130_fd_sc_hd__einvp_8".
ABC: Scl_LibertyReadGenlib() skipped cell "sky130_fd_sc_hd__lpflow_bleeder_1" without logic function.
ABC: Scl_LibertyReadGenlib() skipped cell "sky130_fd_sc_hd__lpflow_decapkapwr_12" without logic function.
ABC: Scl_LibertyReadGenlib() skipped cell "sky130_fd_sc_hd__lpflow_decapkapwr_3" without logic function.
ABC: Scl_LibertyReadGenlib() skipped cell "sky130_fd_sc_hd__lpflow_decapkapwr_4" without logic function.
ABC: Scl_LibertyReadGenlib() skipped cell "sky130_fd_sc_hd__lpflow_decapkapwr_6" without logic function.
ABC: Scl_LibertyReadGenlib() skipped cell "sky130_fd_sc_hd__lpflow_decapkapwr_8" without logic function.
ABC: Scl_LibertyReadGenlib() skipped sequential cell "sky130_fd_sc_hd__lpflow_inputisolatch_1".
ABC: Scl_LibertyReadGenlib() skipped sequential cell "sky130_fd_sc_hd__sdfbbn_1".
ABC: Scl_LibertyReadGenlib() skipped sequential cell "sky130_fd_sc_hd__sdfbbn_2".
ABC: Scl_LibertyReadGenlib() skipped sequential cell "sky130_fd_sc_hd__sdfbbp_1".
ABC: Scl_LibertyReadGenlib() skipped sequential cell "sky130_fd_sc_hd__sdfrbp_1".
ABC: Scl_LibertyReadGenlib() skipped sequential cell "sky130_fd_sc_hd__sdfrbp_2".
ABC: Scl_LibertyReadGenlib() skipped sequential cell "sky130_fd_sc_hd__sdfrtn_1".
ABC: Scl_LibertyReadGenlib() skipped sequential cell "sky130_fd_sc_hd__sdfrtp_1".
ABC: Scl_LibertyReadGenlib() skipped sequential cell "sky130_fd_sc_hd__sdfrtp_2".
ABC: Scl_LibertyReadGenlib() skipped sequential cell "sky130_fd_sc_hd__sdfrtp_4".
ABC: Scl_LibertyReadGenlib() skipped sequential cell "sky130_fd_sc_hd__sdfsbp_1".
ABC: Scl_LibertyReadGenlib() skipped sequential cell "sky130_fd_sc_hd__sdfsbp_2".
ABC: Scl_LibertyReadGenlib() skipped sequential cell "sky130_fd_sc_hd__sdfstp_1".
ABC: Scl_LibertyReadGenlib() skipped sequential cell "sky130_fd_sc_hd__sdfstp_2".
ABC: Scl_LibertyReadGenlib() skipped sequential cell "sky130_fd_sc_hd__sdfstp_4".
ABC: Scl_LibertyReadGenlib() skipped sequential cell "sky130_fd_sc_hd__sdfxbp_1".
ABC: Scl_LibertyReadGenlib() skipped sequential cell "sky130_fd_sc_hd__sdfxbp_2".
ABC: Scl_LibertyReadGenlib() skipped sequential cell "sky130_fd_sc_hd__sdfxtp_1".
ABC: Scl_LibertyReadGenlib() skipped sequential cell "sky130_fd_sc_hd__sdfxtp_2".
ABC: Scl_LibertyReadGenlib() skipped sequential cell "sky130_fd_sc_hd__sdfxtp_4".
ABC: Scl_LibertyReadGenlib() skipped cell "sky130_fd_sc_hd__sdlclkp_1" without logic function.
ABC: Scl_LibertyReadGenlib() skipped cell "sky130_fd_sc_hd__sdlclkp_2" without logic function.
ABC: Scl_LibertyReadGenlib() skipped cell "sky130_fd_sc_hd__sdlclkp_4" without logic function.
ABC: Scl_LibertyReadGenlib() skipped sequential cell "sky130_fd_sc_hd__sedfxbp_1".
ABC: Scl_LibertyReadGenlib() skipped sequential cell "sky130_fd_sc_hd__sedfxbp_2".
ABC: Scl_LibertyReadGenlib() skipped sequential cell "sky130_fd_sc_hd__sedfxtp_1".
ABC: Scl_LibertyReadGenlib() skipped sequential cell "sky130_fd_sc_hd__sedfxtp_2".
ABC: Scl_LibertyReadGenlib() skipped sequential cell "sky130_fd_sc_hd__sedfxtp_4".
ABC: Library "sky130_fd_sc_hd__tt_025C_1v80" from "/home/trithuc/.ciel/ciel/sky130/versions/0fe599b2afb6708d281543108caf8310912f54af/sky130A/libs.ref/sky130_fd_sc_hd/lib/sky130_fd_sc_hd__tt_025C_1v80.lib" has 334 cells (94 skipped: 63 seq; 13 tri-state; 18 no func; 0 dont_use).  Time =     0.06 sec
ABC: Memory =   19.85 MB. Time =     0.06 sec
ABC: Warning: Detected 9 multi-output gates (for example, "sky130_fd_sc_hd__fa_1").
ABC: + strash 
ABC: + &get -n 
ABC: + &fraig -x 
ABC: + &put 
ABC: + scorr 
ABC: Warning: The network is combinational (run "fraig" or "fraig_sweep").
ABC: + dc2 
ABC: + dretime 
ABC: + strash 
ABC: + &get -n 
ABC: + &dch -f 
ABC: + &nf 
ABC: + &put 
ABC: + write_blif <abc-temp-dir>/output.blif 

12.12.2. Re-integrating ABC results.
ABC RESULTS:   sky130_fd_sc_hd__mux2_1 cells:       64
ABC RESULTS:        internal signals:      129
ABC RESULTS:           input signals:      129
ABC RESULTS:          output signals:       64
Removing temp directory.

12.13. Extracting gate netlist of module `\PC' to `<abc-temp-dir>/input.blif'..
Extracted 302 gates and 433 wires to a netlist network with 130 inputs and 64 outputs.

12.13.1. Executing ABC.
Running ABC command: "<yosys-exe-dir>/yosys-abc" -s -f <abc-temp-dir>/abc.script 2>&1
ABC: ABC command line: "source <abc-temp-dir>/abc.script".
ABC: 
ABC: + read_blif <abc-temp-dir>/input.blif 
ABC: + read_lib -w /home/trithuc/.ciel/ciel/sky130/versions/0fe599b2afb6708d281543108caf8310912f54af/sky130A/libs.ref/sky130_fd_sc_hd/lib/sky130_fd_sc_hd__tt_025C_1v80.lib 
ABC: Parsing finished successfully.  Parsing time =     0.04 sec
ABC: Scl_LibertyReadGenlib() skipped cell "sky130_fd_sc_hd__decap_12" without logic function.
ABC: Scl_LibertyReadGenlib() skipped cell "sky130_fd_sc_hd__decap_3" without logic function.
ABC: Scl_LibertyReadGenlib() skipped cell "sky130_fd_sc_hd__decap_4" without logic function.
ABC: Scl_LibertyReadGenlib() skipped cell "sky130_fd_sc_hd__decap_6" without logic function.
ABC: Scl_LibertyReadGenlib() skipped cell "sky130_fd_sc_hd__decap_8" without logic function.
ABC: Scl_LibertyReadGenlib() skipped sequential cell "sky130_fd_sc_hd__dfbbn_1".
ABC: Scl_LibertyReadGenlib() skipped sequential cell "sky130_fd_sc_hd__dfbbn_2".
ABC: Scl_LibertyReadGenlib() skipped sequential cell "sky130_fd_sc_hd__dfbbp_1".
ABC: Scl_LibertyReadGenlib() skipped sequential cell "sky130_fd_sc_hd__dfrbp_1".
ABC: Scl_LibertyReadGenlib() skipped sequential cell "sky130_fd_sc_hd__dfrbp_2".
ABC: Scl_LibertyReadGenlib() skipped sequential cell "sky130_fd_sc_hd__dfrtn_1".
ABC: Scl_LibertyReadGenlib() skipped sequential cell "sky130_fd_sc_hd__dfrtp_1".
ABC: Scl_LibertyReadGenlib() skipped sequential cell "sky130_fd_sc_hd__dfrtp_2".
ABC: Scl_LibertyReadGenlib() skipped sequential cell "sky130_fd_sc_hd__dfrtp_4".
ABC: Scl_LibertyReadGenlib() skipped sequential cell "sky130_fd_sc_hd__dfsbp_1".
ABC: Scl_LibertyReadGenlib() skipped sequential cell "sky130_fd_sc_hd__dfsbp_2".
ABC: Scl_LibertyReadGenlib() skipped sequential cell "sky130_fd_sc_hd__dfstp_1".
ABC: Scl_LibertyReadGenlib() skipped sequential cell "sky130_fd_sc_hd__dfstp_2".
ABC: Scl_LibertyReadGenlib() skipped sequential cell "sky130_fd_sc_hd__dfstp_4".
ABC: Scl_LibertyReadGenlib() skipped sequential cell "sky130_fd_sc_hd__dfxbp_1".
ABC: Scl_LibertyReadGenlib() skipped sequential cell "sky130_fd_sc_hd__dfxbp_2".
ABC: Scl_LibertyReadGenlib() skipped sequential cell "sky130_fd_sc_hd__dfxtp_1".
ABC: Scl_LibertyReadGenlib() skipped sequential cell "sky130_fd_sc_hd__dfxtp_2".
ABC: Scl_LibertyReadGenlib() skipped sequential cell "sky130_fd_sc_hd__dfxtp_4".
ABC: Scl_LibertyReadGenlib() skipped cell "sky130_fd_sc_hd__diode_2" without logic function.
ABC: Scl_LibertyReadGenlib() skipped cell "sky130_fd_sc_hd__dlclkp_1" without logic function.
ABC: Scl_LibertyReadGenlib() skipped cell "sky130_fd_sc_hd__dlclkp_2" without logic function.
ABC: Scl_LibertyReadGenlib() skipped cell "sky130_fd_sc_hd__dlclkp_4" without logic function.
ABC: Scl_LibertyReadGenlib() skipped sequential cell "sky130_fd_sc_hd__dlrbn_1".
ABC: Scl_LibertyReadGenlib() skipped sequential cell "sky130_fd_sc_hd__dlrbn_2".
ABC: Scl_LibertyReadGenlib() skipped sequential cell "sky130_fd_sc_hd__dlrbp_1".
ABC: Scl_LibertyReadGenlib() skipped sequential cell "sky130_fd_sc_hd__dlrbp_2".
ABC: Scl_LibertyReadGenlib() skipped sequential cell "sky130_fd_sc_hd__dlrtn_1".
ABC: Scl_LibertyReadGenlib() skipped sequential cell "sky130_fd_sc_hd__dlrtn_2".
ABC: Scl_LibertyReadGenlib() skipped sequential cell "sky130_fd_sc_hd__dlrtn_4".
ABC: Scl_LibertyReadGenlib() skipped sequential cell "sky130_fd_sc_hd__dlrtp_1".
ABC: Scl_LibertyReadGenlib() skipped sequential cell "sky130_fd_sc_hd__dlrtp_2".
ABC: Scl_LibertyReadGenlib() skipped sequential cell "sky130_fd_sc_hd__dlrtp_4".
ABC: Scl_LibertyReadGenlib() skipped sequential cell "sky130_fd_sc_hd__dlxbn_1".
ABC: Scl_LibertyReadGenlib() skipped sequential cell "sky130_fd_sc_hd__dlxbn_2".
ABC: Scl_LibertyReadGenlib() skipped sequential cell "sky130_fd_sc_hd__dlxbp_1".
ABC: Scl_LibertyReadGenlib() skipped sequential cell "sky130_fd_sc_hd__dlxtn_1".
ABC: Scl_LibertyReadGenlib() skipped sequential cell "sky130_fd_sc_hd__dlxtn_2".
ABC: Scl_LibertyReadGenlib() skipped sequential cell "sky130_fd_sc_hd__dlxtn_4".
ABC: Scl_LibertyReadGenlib() skipped sequential cell "sky130_fd_sc_hd__dlxtp_1".
ABC: Scl_LibertyReadGenlib() skipped three-state cell "sky130_fd_sc_hd__ebufn_1".
ABC: Scl_LibertyReadGenlib() skipped three-state cell "sky130_fd_sc_hd__ebufn_2".
ABC: Scl_LibertyReadGenlib() skipped three-state cell "sky130_fd_sc_hd__ebufn_4".
ABC: Scl_LibertyReadGenlib() skipped three-state cell "sky130_fd_sc_hd__ebufn_8".
ABC: Scl_LibertyReadGenlib() skipped sequential cell "sky130_fd_sc_hd__edfxbp_1".
ABC: Scl_LibertyReadGenlib() skipped sequential cell "sky130_fd_sc_hd__edfxtp_1".
ABC: Scl_LibertyReadGenlib() skipped three-state cell "sky130_fd_sc_hd__einvn_0".
ABC: Scl_LibertyReadGenlib() skipped three-state cell "sky130_fd_sc_hd__einvn_1".
ABC: Scl_LibertyReadGenlib() skipped three-state cell "sky130_fd_sc_hd__einvn_2".
ABC: Scl_LibertyReadGenlib() skipped three-state cell "sky130_fd_sc_hd__einvn_4".
ABC: Scl_LibertyReadGenlib() skipped three-state cell "sky130_fd_sc_hd__einvn_8".
ABC: Scl_LibertyReadGenlib() skipped three-state cell "sky130_fd_sc_hd__einvp_1".
ABC: Scl_LibertyReadGenlib() skipped three-state cell "sky130_fd_sc_hd__einvp_2".
ABC: Scl_LibertyReadGenlib() skipped three-state cell "sky130_fd_sc_hd__einvp_4".
ABC: Scl_LibertyReadGenlib() skipped three-state cell "sky130_fd_sc_hd__einvp_8".
ABC: Scl_LibertyReadGenlib() skipped cell "sky130_fd_sc_hd__lpflow_bleeder_1" without logic function.
ABC: Scl_LibertyReadGenlib() skipped cell "sky130_fd_sc_hd__lpflow_decapkapwr_12" without logic function.
ABC: Scl_LibertyReadGenlib() skipped cell "sky130_fd_sc_hd__lpflow_decapkapwr_3" without logic function.
ABC: Scl_LibertyReadGenlib() skipped cell "sky130_fd_sc_hd__lpflow_decapkapwr_4" without logic function.
ABC: Scl_LibertyReadGenlib() skipped cell "sky130_fd_sc_hd__lpflow_decapkapwr_6" without logic function.
ABC: Scl_LibertyReadGenlib() skipped cell "sky130_fd_sc_hd__lpflow_decapkapwr_8" without logic function.
ABC: Scl_LibertyReadGenlib() skipped sequential cell "sky130_fd_sc_hd__lpflow_inputisolatch_1".
ABC: Scl_LibertyReadGenlib() skipped sequential cell "sky130_fd_sc_hd__sdfbbn_1".
ABC: Scl_LibertyReadGenlib() skipped sequential cell "sky130_fd_sc_hd__sdfbbn_2".
ABC: Scl_LibertyReadGenlib() skipped sequential cell "sky130_fd_sc_hd__sdfbbp_1".
ABC: Scl_LibertyReadGenlib() skipped sequential cell "sky130_fd_sc_hd__sdfrbp_1".
ABC: Scl_LibertyReadGenlib() skipped sequential cell "sky130_fd_sc_hd__sdfrbp_2".
ABC: Scl_LibertyReadGenlib() skipped sequential cell "sky130_fd_sc_hd__sdfrtn_1".
ABC: Scl_LibertyReadGenlib() skipped sequential cell "sky130_fd_sc_hd__sdfrtp_1".
ABC: Scl_LibertyReadGenlib() skipped sequential cell "sky130_fd_sc_hd__sdfrtp_2".
ABC: Scl_LibertyReadGenlib() skipped sequential cell "sky130_fd_sc_hd__sdfrtp_4".
ABC: Scl_LibertyReadGenlib() skipped sequential cell "sky130_fd_sc_hd__sdfsbp_1".
ABC: Scl_LibertyReadGenlib() skipped sequential cell "sky130_fd_sc_hd__sdfsbp_2".
ABC: Scl_LibertyReadGenlib() skipped sequential cell "sky130_fd_sc_hd__sdfstp_1".
ABC: Scl_LibertyReadGenlib() skipped sequential cell "sky130_fd_sc_hd__sdfstp_2".
ABC: Scl_LibertyReadGenlib() skipped sequential cell "sky130_fd_sc_hd__sdfstp_4".
ABC: Scl_LibertyReadGenlib() skipped sequential cell "sky130_fd_sc_hd__sdfxbp_1".
ABC: Scl_LibertyReadGenlib() skipped sequential cell "sky130_fd_sc_hd__sdfxbp_2".
ABC: Scl_LibertyReadGenlib() skipped sequential cell "sky130_fd_sc_hd__sdfxtp_1".
ABC: Scl_LibertyReadGenlib() skipped sequential cell "sky130_fd_sc_hd__sdfxtp_2".
ABC: Scl_LibertyReadGenlib() skipped sequential cell "sky130_fd_sc_hd__sdfxtp_4".
ABC: Scl_LibertyReadGenlib() skipped cell "sky130_fd_sc_hd__sdlclkp_1" without logic function.
ABC: Scl_LibertyReadGenlib() skipped cell "sky130_fd_sc_hd__sdlclkp_2" without logic function.
ABC: Scl_LibertyReadGenlib() skipped cell "sky130_fd_sc_hd__sdlclkp_4" without logic function.
ABC: Scl_LibertyReadGenlib() skipped sequential cell "sky130_fd_sc_hd__sedfxbp_1".
ABC: Scl_LibertyReadGenlib() skipped sequential cell "sky130_fd_sc_hd__sedfxbp_2".
ABC: Scl_LibertyReadGenlib() skipped sequential cell "sky130_fd_sc_hd__sedfxtp_1".
ABC: Scl_LibertyReadGenlib() skipped sequential cell "sky130_fd_sc_hd__sedfxtp_2".
ABC: Scl_LibertyReadGenlib() skipped sequential cell "sky130_fd_sc_hd__sedfxtp_4".
ABC: Library "sky130_fd_sc_hd__tt_025C_1v80" from "/home/trithuc/.ciel/ciel/sky130/versions/0fe599b2afb6708d281543108caf8310912f54af/sky130A/libs.ref/sky130_fd_sc_hd/lib/sky130_fd_sc_hd__tt_025C_1v80.lib" has 334 cells (94 skipped: 63 seq; 13 tri-state; 18 no func; 0 dont_use).  Time =     0.06 sec
ABC: Memory =   19.85 MB. Time =     0.06 sec
ABC: Warning: Detected 9 multi-output gates (for example, "sky130_fd_sc_hd__fa_1").
ABC: + strash 
ABC: + &get -n 
ABC: + &fraig -x 
ABC: + &put 
ABC: + scorr 
ABC: Warning: The network is combinational (run "fraig" or "fraig_sweep").
ABC: + dc2 
ABC: + dretime 
ABC: + strash 
ABC: + &get -n 
ABC: + &dch -f 
ABC: + &nf 
ABC: + &put 
ABC: + write_blif <abc-temp-dir>/output.blif 

12.13.2. Re-integrating ABC results.
ABC RESULTS:   sky130_fd_sc_hd__clkinv_1 cells:       30
ABC RESULTS:   sky130_fd_sc_hd__a22oi_1 cells:        1
ABC RESULTS:   sky130_fd_sc_hd__and4_1 cells:        1
ABC RESULTS:   sky130_fd_sc_hd__lpflow_isobufsrc_1 cells:        2
ABC RESULTS:   sky130_fd_sc_hd__nand3_1 cells:        2
ABC RESULTS:   sky130_fd_sc_hd__a21boi_0 cells:        2
ABC RESULTS:   sky130_fd_sc_hd__mux2i_1 cells:        1
ABC RESULTS:   sky130_fd_sc_hd__xnor2_1 cells:        1
ABC RESULTS:   sky130_fd_sc_hd__o22ai_1 cells:        1
ABC RESULTS:   sky130_fd_sc_hd__a21o_1 cells:        5
ABC RESULTS:   sky130_fd_sc_hd__nor3_1 cells:        8
ABC RESULTS:   sky130_fd_sc_hd__nor4_1 cells:        9
ABC RESULTS:   sky130_fd_sc_hd__and2_0 cells:        9
ABC RESULTS:   sky130_fd_sc_hd__nor2_1 cells:       55
ABC RESULTS:   sky130_fd_sc_hd__and3_1 cells:        9
ABC RESULTS:   sky130_fd_sc_hd__o31ai_1 cells:       27
ABC RESULTS:   sky130_fd_sc_hd__nand4_1 cells:       10
ABC RESULTS:   sky130_fd_sc_hd__o21a_1 cells:        2
ABC RESULTS:   sky130_fd_sc_hd__a22o_1 cells:        9
ABC RESULTS:   sky130_fd_sc_hd__a21oi_1 cells:       14
ABC RESULTS:   sky130_fd_sc_hd__o21ai_0 cells:       57
ABC RESULTS:   sky130_fd_sc_hd__nand2_1 cells:       78
ABC RESULTS:   sky130_fd_sc_hd__mux2_1 cells:       31
ABC RESULTS:        internal signals:      239
ABC RESULTS:           input signals:      130
ABC RESULTS:          output signals:       64
Removing temp directory.

12.14. Extracting gate netlist of module `\PC_next' to `<abc-temp-dir>/input.blif'..
Extracted 577 gates and 779 wires to a netlist network with 201 inputs and 65 outputs.

12.14.1. Executing ABC.
Running ABC command: "<yosys-exe-dir>/yosys-abc" -s -f <abc-temp-dir>/abc.script 2>&1
ABC: ABC command line: "source <abc-temp-dir>/abc.script".
ABC: 
ABC: + read_blif <abc-temp-dir>/input.blif 
ABC: + read_lib -w /home/trithuc/.ciel/ciel/sky130/versions/0fe599b2afb6708d281543108caf8310912f54af/sky130A/libs.ref/sky130_fd_sc_hd/lib/sky130_fd_sc_hd__tt_025C_1v80.lib 
ABC: Parsing finished successfully.  Parsing time =     0.04 sec
ABC: Scl_LibertyReadGenlib() skipped cell "sky130_fd_sc_hd__decap_12" without logic function.
ABC: Scl_LibertyReadGenlib() skipped cell "sky130_fd_sc_hd__decap_3" without logic function.
ABC: Scl_LibertyReadGenlib() skipped cell "sky130_fd_sc_hd__decap_4" without logic function.
ABC: Scl_LibertyReadGenlib() skipped cell "sky130_fd_sc_hd__decap_6" without logic function.
ABC: Scl_LibertyReadGenlib() skipped cell "sky130_fd_sc_hd__decap_8" without logic function.
ABC: Scl_LibertyReadGenlib() skipped sequential cell "sky130_fd_sc_hd__dfbbn_1".
ABC: Scl_LibertyReadGenlib() skipped sequential cell "sky130_fd_sc_hd__dfbbn_2".
ABC: Scl_LibertyReadGenlib() skipped sequential cell "sky130_fd_sc_hd__dfbbp_1".
ABC: Scl_LibertyReadGenlib() skipped sequential cell "sky130_fd_sc_hd__dfrbp_1".
ABC: Scl_LibertyReadGenlib() skipped sequential cell "sky130_fd_sc_hd__dfrbp_2".
ABC: Scl_LibertyReadGenlib() skipped sequential cell "sky130_fd_sc_hd__dfrtn_1".
ABC: Scl_LibertyReadGenlib() skipped sequential cell "sky130_fd_sc_hd__dfrtp_1".
ABC: Scl_LibertyReadGenlib() skipped sequential cell "sky130_fd_sc_hd__dfrtp_2".
ABC: Scl_LibertyReadGenlib() skipped sequential cell "sky130_fd_sc_hd__dfrtp_4".
ABC: Scl_LibertyReadGenlib() skipped sequential cell "sky130_fd_sc_hd__dfsbp_1".
ABC: Scl_LibertyReadGenlib() skipped sequential cell "sky130_fd_sc_hd__dfsbp_2".
ABC: Scl_LibertyReadGenlib() skipped sequential cell "sky130_fd_sc_hd__dfstp_1".
ABC: Scl_LibertyReadGenlib() skipped sequential cell "sky130_fd_sc_hd__dfstp_2".
ABC: Scl_LibertyReadGenlib() skipped sequential cell "sky130_fd_sc_hd__dfstp_4".
ABC: Scl_LibertyReadGenlib() skipped sequential cell "sky130_fd_sc_hd__dfxbp_1".
ABC: Scl_LibertyReadGenlib() skipped sequential cell "sky130_fd_sc_hd__dfxbp_2".
ABC: Scl_LibertyReadGenlib() skipped sequential cell "sky130_fd_sc_hd__dfxtp_1".
ABC: Scl_LibertyReadGenlib() skipped sequential cell "sky130_fd_sc_hd__dfxtp_2".
ABC: Scl_LibertyReadGenlib() skipped sequential cell "sky130_fd_sc_hd__dfxtp_4".
ABC: Scl_LibertyReadGenlib() skipped cell "sky130_fd_sc_hd__diode_2" without logic function.
ABC: Scl_LibertyReadGenlib() skipped cell "sky130_fd_sc_hd__dlclkp_1" without logic function.
ABC: Scl_LibertyReadGenlib() skipped cell "sky130_fd_sc_hd__dlclkp_2" without logic function.
ABC: Scl_LibertyReadGenlib() skipped cell "sky130_fd_sc_hd__dlclkp_4" without logic function.
ABC: Scl_LibertyReadGenlib() skipped sequential cell "sky130_fd_sc_hd__dlrbn_1".
ABC: Scl_LibertyReadGenlib() skipped sequential cell "sky130_fd_sc_hd__dlrbn_2".
ABC: Scl_LibertyReadGenlib() skipped sequential cell "sky130_fd_sc_hd__dlrbp_1".
ABC: Scl_LibertyReadGenlib() skipped sequential cell "sky130_fd_sc_hd__dlrbp_2".
ABC: Scl_LibertyReadGenlib() skipped sequential cell "sky130_fd_sc_hd__dlrtn_1".
ABC: Scl_LibertyReadGenlib() skipped sequential cell "sky130_fd_sc_hd__dlrtn_2".
ABC: Scl_LibertyReadGenlib() skipped sequential cell "sky130_fd_sc_hd__dlrtn_4".
ABC: Scl_LibertyReadGenlib() skipped sequential cell "sky130_fd_sc_hd__dlrtp_1".
ABC: Scl_LibertyReadGenlib() skipped sequential cell "sky130_fd_sc_hd__dlrtp_2".
ABC: Scl_LibertyReadGenlib() skipped sequential cell "sky130_fd_sc_hd__dlrtp_4".
ABC: Scl_LibertyReadGenlib() skipped sequential cell "sky130_fd_sc_hd__dlxbn_1".
ABC: Scl_LibertyReadGenlib() skipped sequential cell "sky130_fd_sc_hd__dlxbn_2".
ABC: Scl_LibertyReadGenlib() skipped sequential cell "sky130_fd_sc_hd__dlxbp_1".
ABC: Scl_LibertyReadGenlib() skipped sequential cell "sky130_fd_sc_hd__dlxtn_1".
ABC: Scl_LibertyReadGenlib() skipped sequential cell "sky130_fd_sc_hd__dlxtn_2".
ABC: Scl_LibertyReadGenlib() skipped sequential cell "sky130_fd_sc_hd__dlxtn_4".
ABC: Scl_LibertyReadGenlib() skipped sequential cell "sky130_fd_sc_hd__dlxtp_1".
ABC: Scl_LibertyReadGenlib() skipped three-state cell "sky130_fd_sc_hd__ebufn_1".
ABC: Scl_LibertyReadGenlib() skipped three-state cell "sky130_fd_sc_hd__ebufn_2".
ABC: Scl_LibertyReadGenlib() skipped three-state cell "sky130_fd_sc_hd__ebufn_4".
ABC: Scl_LibertyReadGenlib() skipped three-state cell "sky130_fd_sc_hd__ebufn_8".
ABC: Scl_LibertyReadGenlib() skipped sequential cell "sky130_fd_sc_hd__edfxbp_1".
ABC: Scl_LibertyReadGenlib() skipped sequential cell "sky130_fd_sc_hd__edfxtp_1".
ABC: Scl_LibertyReadGenlib() skipped three-state cell "sky130_fd_sc_hd__einvn_0".
ABC: Scl_LibertyReadGenlib() skipped three-state cell "sky130_fd_sc_hd__einvn_1".
ABC: Scl_LibertyReadGenlib() skipped three-state cell "sky130_fd_sc_hd__einvn_2".
ABC: Scl_LibertyReadGenlib() skipped three-state cell "sky130_fd_sc_hd__einvn_4".
ABC: Scl_LibertyReadGenlib() skipped three-state cell "sky130_fd_sc_hd__einvn_8".
ABC: Scl_LibertyReadGenlib() skipped three-state cell "sky130_fd_sc_hd__einvp_1".
ABC: Scl_LibertyReadGenlib() skipped three-state cell "sky130_fd_sc_hd__einvp_2".
ABC: Scl_LibertyReadGenlib() skipped three-state cell "sky130_fd_sc_hd__einvp_4".
ABC: Scl_LibertyReadGenlib() skipped three-state cell "sky130_fd_sc_hd__einvp_8".
ABC: Scl_LibertyReadGenlib() skipped cell "sky130_fd_sc_hd__lpflow_bleeder_1" without logic function.
ABC: Scl_LibertyReadGenlib() skipped cell "sky130_fd_sc_hd__lpflow_decapkapwr_12" without logic function.
ABC: Scl_LibertyReadGenlib() skipped cell "sky130_fd_sc_hd__lpflow_decapkapwr_3" without logic function.
ABC: Scl_LibertyReadGenlib() skipped cell "sky130_fd_sc_hd__lpflow_decapkapwr_4" without logic function.
ABC: Scl_LibertyReadGenlib() skipped cell "sky130_fd_sc_hd__lpflow_decapkapwr_6" without logic function.
ABC: Scl_LibertyReadGenlib() skipped cell "sky130_fd_sc_hd__lpflow_decapkapwr_8" without logic function.
ABC: Scl_LibertyReadGenlib() skipped sequential cell "sky130_fd_sc_hd__lpflow_inputisolatch_1".
ABC: Scl_LibertyReadGenlib() skipped sequential cell "sky130_fd_sc_hd__sdfbbn_1".
ABC: Scl_LibertyReadGenlib() skipped sequential cell "sky130_fd_sc_hd__sdfbbn_2".
ABC: Scl_LibertyReadGenlib() skipped sequential cell "sky130_fd_sc_hd__sdfbbp_1".
ABC: Scl_LibertyReadGenlib() skipped sequential cell "sky130_fd_sc_hd__sdfrbp_1".
ABC: Scl_LibertyReadGenlib() skipped sequential cell "sky130_fd_sc_hd__sdfrbp_2".
ABC: Scl_LibertyReadGenlib() skipped sequential cell "sky130_fd_sc_hd__sdfrtn_1".
ABC: Scl_LibertyReadGenlib() skipped sequential cell "sky130_fd_sc_hd__sdfrtp_1".
ABC: Scl_LibertyReadGenlib() skipped sequential cell "sky130_fd_sc_hd__sdfrtp_2".
ABC: Scl_LibertyReadGenlib() skipped sequential cell "sky130_fd_sc_hd__sdfrtp_4".
ABC: Scl_LibertyReadGenlib() skipped sequential cell "sky130_fd_sc_hd__sdfsbp_1".
ABC: Scl_LibertyReadGenlib() skipped sequential cell "sky130_fd_sc_hd__sdfsbp_2".
ABC: Scl_LibertyReadGenlib() skipped sequential cell "sky130_fd_sc_hd__sdfstp_1".
ABC: Scl_LibertyReadGenlib() skipped sequential cell "sky130_fd_sc_hd__sdfstp_2".
ABC: Scl_LibertyReadGenlib() skipped sequential cell "sky130_fd_sc_hd__sdfstp_4".
ABC: Scl_LibertyReadGenlib() skipped sequential cell "sky130_fd_sc_hd__sdfxbp_1".
ABC: Scl_LibertyReadGenlib() skipped sequential cell "sky130_fd_sc_hd__sdfxbp_2".
ABC: Scl_LibertyReadGenlib() skipped sequential cell "sky130_fd_sc_hd__sdfxtp_1".
ABC: Scl_LibertyReadGenlib() skipped sequential cell "sky130_fd_sc_hd__sdfxtp_2".
ABC: Scl_LibertyReadGenlib() skipped sequential cell "sky130_fd_sc_hd__sdfxtp_4".
ABC: Scl_LibertyReadGenlib() skipped cell "sky130_fd_sc_hd__sdlclkp_1" without logic function.
ABC: Scl_LibertyReadGenlib() skipped cell "sky130_fd_sc_hd__sdlclkp_2" without logic function.
ABC: Scl_LibertyReadGenlib() skipped cell "sky130_fd_sc_hd__sdlclkp_4" without logic function.
ABC: Scl_LibertyReadGenlib() skipped sequential cell "sky130_fd_sc_hd__sedfxbp_1".
ABC: Scl_LibertyReadGenlib() skipped sequential cell "sky130_fd_sc_hd__sedfxbp_2".
ABC: Scl_LibertyReadGenlib() skipped sequential cell "sky130_fd_sc_hd__sedfxtp_1".
ABC: Scl_LibertyReadGenlib() skipped sequential cell "sky130_fd_sc_hd__sedfxtp_2".
ABC: Scl_LibertyReadGenlib() skipped sequential cell "sky130_fd_sc_hd__sedfxtp_4".
ABC: Library "sky130_fd_sc_hd__tt_025C_1v80" from "/home/trithuc/.ciel/ciel/sky130/versions/0fe599b2afb6708d281543108caf8310912f54af/sky130A/libs.ref/sky130_fd_sc_hd/lib/sky130_fd_sc_hd__tt_025C_1v80.lib" has 334 cells (94 skipped: 63 seq; 13 tri-state; 18 no func; 0 dont_use).  Time =     0.06 sec
ABC: Memory =   19.85 MB. Time =     0.06 sec
ABC: Warning: Detected 9 multi-output gates (for example, "sky130_fd_sc_hd__fa_1").
ABC: + strash 
ABC: + &get -n 
ABC: + &fraig -x 
ABC: + &put 
ABC: + scorr 
ABC: Warning: The network is combinational (run "fraig" or "fraig_sweep").
ABC: + dc2 
ABC: + dretime 
ABC: + strash 
ABC: + &get -n 
ABC: + &dch -f 
ABC: + &nf 
ABC: + &put 
ABC: + write_blif <abc-temp-dir>/output.blif 

12.14.2. Re-integrating ABC results.
ABC RESULTS:   sky130_fd_sc_hd__and2_0 cells:        1
ABC RESULTS:   sky130_fd_sc_hd__mux2_1 cells:        1
ABC RESULTS:   sky130_fd_sc_hd__maj3_1 cells:       61
ABC RESULTS:   sky130_fd_sc_hd__xnor2_1 cells:       23
ABC RESULTS:   sky130_fd_sc_hd__nand2_1 cells:      107
ABC RESULTS:   sky130_fd_sc_hd__xor2_1 cells:       62
ABC RESULTS:   sky130_fd_sc_hd__nor2_1 cells:        3
ABC RESULTS:   sky130_fd_sc_hd__o21ai_0 cells:       64
ABC RESULTS:   sky130_fd_sc_hd__a21oi_1 cells:       47
ABC RESULTS:   sky130_fd_sc_hd__a21o_1 cells:        2
ABC RESULTS:        internal signals:      513
ABC RESULTS:           input signals:      201
ABC RESULTS:          output signals:       65
Removing temp directory.

12.15. Extracting gate netlist of module `\RISC_V_pipe_line' to `<abc-temp-dir>/input.blif'..
Extracted 951 gates and 1667 wires to a netlist network with 714 inputs and 387 outputs.

12.15.1. Executing ABC.
Running ABC command: "<yosys-exe-dir>/yosys-abc" -s -f <abc-temp-dir>/abc.script 2>&1
ABC: ABC command line: "source <abc-temp-dir>/abc.script".
ABC: 
ABC: + read_blif <abc-temp-dir>/input.blif 
ABC: + read_lib -w /home/trithuc/.ciel/ciel/sky130/versions/0fe599b2afb6708d281543108caf8310912f54af/sky130A/libs.ref/sky130_fd_sc_hd/lib/sky130_fd_sc_hd__tt_025C_1v80.lib 
ABC: Parsing finished successfully.  Parsing time =     0.04 sec
ABC: Scl_LibertyReadGenlib() skipped cell "sky130_fd_sc_hd__decap_12" without logic function.
ABC: Scl_LibertyReadGenlib() skipped cell "sky130_fd_sc_hd__decap_3" without logic function.
ABC: Scl_LibertyReadGenlib() skipped cell "sky130_fd_sc_hd__decap_4" without logic function.
ABC: Scl_LibertyReadGenlib() skipped cell "sky130_fd_sc_hd__decap_6" without logic function.
ABC: Scl_LibertyReadGenlib() skipped cell "sky130_fd_sc_hd__decap_8" without logic function.
ABC: Scl_LibertyReadGenlib() skipped sequential cell "sky130_fd_sc_hd__dfbbn_1".
ABC: Scl_LibertyReadGenlib() skipped sequential cell "sky130_fd_sc_hd__dfbbn_2".
ABC: Scl_LibertyReadGenlib() skipped sequential cell "sky130_fd_sc_hd__dfbbp_1".
ABC: Scl_LibertyReadGenlib() skipped sequential cell "sky130_fd_sc_hd__dfrbp_1".
ABC: Scl_LibertyReadGenlib() skipped sequential cell "sky130_fd_sc_hd__dfrbp_2".
ABC: Scl_LibertyReadGenlib() skipped sequential cell "sky130_fd_sc_hd__dfrtn_1".
ABC: Scl_LibertyReadGenlib() skipped sequential cell "sky130_fd_sc_hd__dfrtp_1".
ABC: Scl_LibertyReadGenlib() skipped sequential cell "sky130_fd_sc_hd__dfrtp_2".
ABC: Scl_LibertyReadGenlib() skipped sequential cell "sky130_fd_sc_hd__dfrtp_4".
ABC: Scl_LibertyReadGenlib() skipped sequential cell "sky130_fd_sc_hd__dfsbp_1".
ABC: Scl_LibertyReadGenlib() skipped sequential cell "sky130_fd_sc_hd__dfsbp_2".
ABC: Scl_LibertyReadGenlib() skipped sequential cell "sky130_fd_sc_hd__dfstp_1".
ABC: Scl_LibertyReadGenlib() skipped sequential cell "sky130_fd_sc_hd__dfstp_2".
ABC: Scl_LibertyReadGenlib() skipped sequential cell "sky130_fd_sc_hd__dfstp_4".
ABC: Scl_LibertyReadGenlib() skipped sequential cell "sky130_fd_sc_hd__dfxbp_1".
ABC: Scl_LibertyReadGenlib() skipped sequential cell "sky130_fd_sc_hd__dfxbp_2".
ABC: Scl_LibertyReadGenlib() skipped sequential cell "sky130_fd_sc_hd__dfxtp_1".
ABC: Scl_LibertyReadGenlib() skipped sequential cell "sky130_fd_sc_hd__dfxtp_2".
ABC: Scl_LibertyReadGenlib() skipped sequential cell "sky130_fd_sc_hd__dfxtp_4".
ABC: Scl_LibertyReadGenlib() skipped cell "sky130_fd_sc_hd__diode_2" without logic function.
ABC: Scl_LibertyReadGenlib() skipped cell "sky130_fd_sc_hd__dlclkp_1" without logic function.
ABC: Scl_LibertyReadGenlib() skipped cell "sky130_fd_sc_hd__dlclkp_2" without logic function.
ABC: Scl_LibertyReadGenlib() skipped cell "sky130_fd_sc_hd__dlclkp_4" without logic function.
ABC: Scl_LibertyReadGenlib() skipped sequential cell "sky130_fd_sc_hd__dlrbn_1".
ABC: Scl_LibertyReadGenlib() skipped sequential cell "sky130_fd_sc_hd__dlrbn_2".
ABC: Scl_LibertyReadGenlib() skipped sequential cell "sky130_fd_sc_hd__dlrbp_1".
ABC: Scl_LibertyReadGenlib() skipped sequential cell "sky130_fd_sc_hd__dlrbp_2".
ABC: Scl_LibertyReadGenlib() skipped sequential cell "sky130_fd_sc_hd__dlrtn_1".
ABC: Scl_LibertyReadGenlib() skipped sequential cell "sky130_fd_sc_hd__dlrtn_2".
ABC: Scl_LibertyReadGenlib() skipped sequential cell "sky130_fd_sc_hd__dlrtn_4".
ABC: Scl_LibertyReadGenlib() skipped sequential cell "sky130_fd_sc_hd__dlrtp_1".
ABC: Scl_LibertyReadGenlib() skipped sequential cell "sky130_fd_sc_hd__dlrtp_2".
ABC: Scl_LibertyReadGenlib() skipped sequential cell "sky130_fd_sc_hd__dlrtp_4".
ABC: Scl_LibertyReadGenlib() skipped sequential cell "sky130_fd_sc_hd__dlxbn_1".
ABC: Scl_LibertyReadGenlib() skipped sequential cell "sky130_fd_sc_hd__dlxbn_2".
ABC: Scl_LibertyReadGenlib() skipped sequential cell "sky130_fd_sc_hd__dlxbp_1".
ABC: Scl_LibertyReadGenlib() skipped sequential cell "sky130_fd_sc_hd__dlxtn_1".
ABC: Scl_LibertyReadGenlib() skipped sequential cell "sky130_fd_sc_hd__dlxtn_2".
ABC: Scl_LibertyReadGenlib() skipped sequential cell "sky130_fd_sc_hd__dlxtn_4".
ABC: Scl_LibertyReadGenlib() skipped sequential cell "sky130_fd_sc_hd__dlxtp_1".
ABC: Scl_LibertyReadGenlib() skipped three-state cell "sky130_fd_sc_hd__ebufn_1".
ABC: Scl_LibertyReadGenlib() skipped three-state cell "sky130_fd_sc_hd__ebufn_2".
ABC: Scl_LibertyReadGenlib() skipped three-state cell "sky130_fd_sc_hd__ebufn_4".
ABC: Scl_LibertyReadGenlib() skipped three-state cell "sky130_fd_sc_hd__ebufn_8".
ABC: Scl_LibertyReadGenlib() skipped sequential cell "sky130_fd_sc_hd__edfxbp_1".
ABC: Scl_LibertyReadGenlib() skipped sequential cell "sky130_fd_sc_hd__edfxtp_1".
ABC: Scl_LibertyReadGenlib() skipped three-state cell "sky130_fd_sc_hd__einvn_0".
ABC: Scl_LibertyReadGenlib() skipped three-state cell "sky130_fd_sc_hd__einvn_1".
ABC: Scl_LibertyReadGenlib() skipped three-state cell "sky130_fd_sc_hd__einvn_2".
ABC: Scl_LibertyReadGenlib() skipped three-state cell "sky130_fd_sc_hd__einvn_4".
ABC: Scl_LibertyReadGenlib() skipped three-state cell "sky130_fd_sc_hd__einvn_8".
ABC: Scl_LibertyReadGenlib() skipped three-state cell "sky130_fd_sc_hd__einvp_1".
ABC: Scl_LibertyReadGenlib() skipped three-state cell "sky130_fd_sc_hd__einvp_2".
ABC: Scl_LibertyReadGenlib() skipped three-state cell "sky130_fd_sc_hd__einvp_4".
ABC: Scl_LibertyReadGenlib() skipped three-state cell "sky130_fd_sc_hd__einvp_8".
ABC: Scl_LibertyReadGenlib() skipped cell "sky130_fd_sc_hd__lpflow_bleeder_1" without logic function.
ABC: Scl_LibertyReadGenlib() skipped cell "sky130_fd_sc_hd__lpflow_decapkapwr_12" without logic function.
ABC: Scl_LibertyReadGenlib() skipped cell "sky130_fd_sc_hd__lpflow_decapkapwr_3" without logic function.
ABC: Scl_LibertyReadGenlib() skipped cell "sky130_fd_sc_hd__lpflow_decapkapwr_4" without logic function.
ABC: Scl_LibertyReadGenlib() skipped cell "sky130_fd_sc_hd__lpflow_decapkapwr_6" without logic function.
ABC: Scl_LibertyReadGenlib() skipped cell "sky130_fd_sc_hd__lpflow_decapkapwr_8" without logic function.
ABC: Scl_LibertyReadGenlib() skipped sequential cell "sky130_fd_sc_hd__lpflow_inputisolatch_1".
ABC: Scl_LibertyReadGenlib() skipped sequential cell "sky130_fd_sc_hd__sdfbbn_1".
ABC: Scl_LibertyReadGenlib() skipped sequential cell "sky130_fd_sc_hd__sdfbbn_2".
ABC: Scl_LibertyReadGenlib() skipped sequential cell "sky130_fd_sc_hd__sdfbbp_1".
ABC: Scl_LibertyReadGenlib() skipped sequential cell "sky130_fd_sc_hd__sdfrbp_1".
ABC: Scl_LibertyReadGenlib() skipped sequential cell "sky130_fd_sc_hd__sdfrbp_2".
ABC: Scl_LibertyReadGenlib() skipped sequential cell "sky130_fd_sc_hd__sdfrtn_1".
ABC: Scl_LibertyReadGenlib() skipped sequential cell "sky130_fd_sc_hd__sdfrtp_1".
ABC: Scl_LibertyReadGenlib() skipped sequential cell "sky130_fd_sc_hd__sdfrtp_2".
ABC: Scl_LibertyReadGenlib() skipped sequential cell "sky130_fd_sc_hd__sdfrtp_4".
ABC: Scl_LibertyReadGenlib() skipped sequential cell "sky130_fd_sc_hd__sdfsbp_1".
ABC: Scl_LibertyReadGenlib() skipped sequential cell "sky130_fd_sc_hd__sdfsbp_2".
ABC: Scl_LibertyReadGenlib() skipped sequential cell "sky130_fd_sc_hd__sdfstp_1".
ABC: Scl_LibertyReadGenlib() skipped sequential cell "sky130_fd_sc_hd__sdfstp_2".
ABC: Scl_LibertyReadGenlib() skipped sequential cell "sky130_fd_sc_hd__sdfstp_4".
ABC: Scl_LibertyReadGenlib() skipped sequential cell "sky130_fd_sc_hd__sdfxbp_1".
ABC: Scl_LibertyReadGenlib() skipped sequential cell "sky130_fd_sc_hd__sdfxbp_2".
ABC: Scl_LibertyReadGenlib() skipped sequential cell "sky130_fd_sc_hd__sdfxtp_1".
ABC: Scl_LibertyReadGenlib() skipped sequential cell "sky130_fd_sc_hd__sdfxtp_2".
ABC: Scl_LibertyReadGenlib() skipped sequential cell "sky130_fd_sc_hd__sdfxtp_4".
ABC: Scl_LibertyReadGenlib() skipped cell "sky130_fd_sc_hd__sdlclkp_1" without logic function.
ABC: Scl_LibertyReadGenlib() skipped cell "sky130_fd_sc_hd__sdlclkp_2" without logic function.
ABC: Scl_LibertyReadGenlib() skipped cell "sky130_fd_sc_hd__sdlclkp_4" without logic function.
ABC: Scl_LibertyReadGenlib() skipped sequential cell "sky130_fd_sc_hd__sedfxbp_1".
ABC: Scl_LibertyReadGenlib() skipped sequential cell "sky130_fd_sc_hd__sedfxbp_2".
ABC: Scl_LibertyReadGenlib() skipped sequential cell "sky130_fd_sc_hd__sedfxtp_1".
ABC: Scl_LibertyReadGenlib() skipped sequential cell "sky130_fd_sc_hd__sedfxtp_2".
ABC: Scl_LibertyReadGenlib() skipped sequential cell "sky130_fd_sc_hd__sedfxtp_4".
ABC: Library "sky130_fd_sc_hd__tt_025C_1v80" from "/home/trithuc/.ciel/ciel/sky130/versions/0fe599b2afb6708d281543108caf8310912f54af/sky130A/libs.ref/sky130_fd_sc_hd/lib/sky130_fd_sc_hd__tt_025C_1v80.lib" has 334 cells (94 skipped: 63 seq; 13 tri-state; 18 no func; 0 dont_use).  Time =     0.06 sec
ABC: Memory =   19.85 MB. Time =     0.06 sec
ABC: Warning: Detected 9 multi-output gates (for example, "sky130_fd_sc_hd__fa_1").
ABC: + strash 
ABC: + &get -n 
ABC: + &fraig -x 
ABC: + &put 
ABC: + scorr 
ABC: Warning: The network is combinational (run "fraig" or "fraig_sweep").
ABC: + dc2 
ABC: + dretime 
ABC: + strash 
ABC: + &get -n 
ABC: + &dch -f 
ABC: + &nf 
ABC: + &put 
ABC: + write_blif <abc-temp-dir>/output.blif 

12.15.2. Re-integrating ABC results.
ABC RESULTS:   sky130_fd_sc_hd__nand3_1 cells:        4
ABC RESULTS:   sky130_fd_sc_hd__and2_0 cells:        5
ABC RESULTS:   sky130_fd_sc_hd__and3_1 cells:        3
ABC RESULTS:   sky130_fd_sc_hd__and4_1 cells:        8
ABC RESULTS:   sky130_fd_sc_hd__o21a_1 cells:        1
ABC RESULTS:   sky130_fd_sc_hd__or3_1 cells:        4
ABC RESULTS:   sky130_fd_sc_hd__a22oi_1 cells:        2
ABC RESULTS:   sky130_fd_sc_hd__nor4_1 cells:        8
ABC RESULTS:   sky130_fd_sc_hd__xnor2_1 cells:       43
ABC RESULTS:   sky130_fd_sc_hd__o21bai_1 cells:        1
ABC RESULTS:   sky130_fd_sc_hd__o221ai_1 cells:        2
ABC RESULTS:   sky130_fd_sc_hd__xor2_1 cells:       44
ABC RESULTS:   sky130_fd_sc_hd__a2bb2oi_1 cells:        1
ABC RESULTS:   sky130_fd_sc_hd__nand4_1 cells:       11
ABC RESULTS:   sky130_fd_sc_hd__o22ai_1 cells:        2
ABC RESULTS:   sky130_fd_sc_hd__a221oi_1 cells:        3
ABC RESULTS:   sky130_fd_sc_hd__o2111ai_1 cells:        3
ABC RESULTS:   sky130_fd_sc_hd__or4_1 cells:        1
ABC RESULTS:   sky130_fd_sc_hd__a2111oi_0 cells:        7
ABC RESULTS:   sky130_fd_sc_hd__a31oi_1 cells:        4
ABC RESULTS:   sky130_fd_sc_hd__mux2i_1 cells:       87
ABC RESULTS:   sky130_fd_sc_hd__clkinv_1 cells:       93
ABC RESULTS:   sky130_fd_sc_hd__o31ai_1 cells:        8
ABC RESULTS:   sky130_fd_sc_hd__nor3_1 cells:        7
ABC RESULTS:   sky130_fd_sc_hd__a21o_1 cells:       10
ABC RESULTS:   sky130_fd_sc_hd__mux2_1 cells:       87
ABC RESULTS:   sky130_fd_sc_hd__nand2b_1 cells:        2
ABC RESULTS:   sky130_fd_sc_hd__nor2_1 cells:      149
ABC RESULTS:   sky130_fd_sc_hd__a21oi_1 cells:      151
ABC RESULTS:   sky130_fd_sc_hd__nand2_1 cells:      204
ABC RESULTS:   sky130_fd_sc_hd__o21ai_0 cells:      189
ABC RESULTS:   sky130_fd_sc_hd__lpflow_isobufsrc_1 cells:        4
ABC RESULTS:   sky130_fd_sc_hd__a22o_1 cells:       33
ABC RESULTS:   sky130_fd_sc_hd__o2bb2ai_1 cells:       31
ABC RESULTS:   sky130_fd_sc_hd__lpflow_inputiso1p_1 cells:        4
ABC RESULTS:        internal signals:      566
ABC RESULTS:           input signals:      714
ABC RESULTS:          output signals:      387
Removing temp directory.

12.16. Extracting gate netlist of module `\Register' to `<abc-temp-dir>/input.blif'..
Extracted 6461 gates and 8591 wires to a netlist network with 2128 inputs and 2176 outputs.

12.16.1. Executing ABC.
Running ABC command: "<yosys-exe-dir>/yosys-abc" -s -f <abc-temp-dir>/abc.script 2>&1
ABC: ABC command line: "source <abc-temp-dir>/abc.script".
ABC: 
ABC: + read_blif <abc-temp-dir>/input.blif 
ABC: + read_lib -w /home/trithuc/.ciel/ciel/sky130/versions/0fe599b2afb6708d281543108caf8310912f54af/sky130A/libs.ref/sky130_fd_sc_hd/lib/sky130_fd_sc_hd__tt_025C_1v80.lib 
ABC: Parsing finished successfully.  Parsing time =     0.04 sec
ABC: Scl_LibertyReadGenlib() skipped cell "sky130_fd_sc_hd__decap_12" without logic function.
ABC: Scl_LibertyReadGenlib() skipped cell "sky130_fd_sc_hd__decap_3" without logic function.
ABC: Scl_LibertyReadGenlib() skipped cell "sky130_fd_sc_hd__decap_4" without logic function.
ABC: Scl_LibertyReadGenlib() skipped cell "sky130_fd_sc_hd__decap_6" without logic function.
ABC: Scl_LibertyReadGenlib() skipped cell "sky130_fd_sc_hd__decap_8" without logic function.
ABC: Scl_LibertyReadGenlib() skipped sequential cell "sky130_fd_sc_hd__dfbbn_1".
ABC: Scl_LibertyReadGenlib() skipped sequential cell "sky130_fd_sc_hd__dfbbn_2".
ABC: Scl_LibertyReadGenlib() skipped sequential cell "sky130_fd_sc_hd__dfbbp_1".
ABC: Scl_LibertyReadGenlib() skipped sequential cell "sky130_fd_sc_hd__dfrbp_1".
ABC: Scl_LibertyReadGenlib() skipped sequential cell "sky130_fd_sc_hd__dfrbp_2".
ABC: Scl_LibertyReadGenlib() skipped sequential cell "sky130_fd_sc_hd__dfrtn_1".
ABC: Scl_LibertyReadGenlib() skipped sequential cell "sky130_fd_sc_hd__dfrtp_1".
ABC: Scl_LibertyReadGenlib() skipped sequential cell "sky130_fd_sc_hd__dfrtp_2".
ABC: Scl_LibertyReadGenlib() skipped sequential cell "sky130_fd_sc_hd__dfrtp_4".
ABC: Scl_LibertyReadGenlib() skipped sequential cell "sky130_fd_sc_hd__dfsbp_1".
ABC: Scl_LibertyReadGenlib() skipped sequential cell "sky130_fd_sc_hd__dfsbp_2".
ABC: Scl_LibertyReadGenlib() skipped sequential cell "sky130_fd_sc_hd__dfstp_1".
ABC: Scl_LibertyReadGenlib() skipped sequential cell "sky130_fd_sc_hd__dfstp_2".
ABC: Scl_LibertyReadGenlib() skipped sequential cell "sky130_fd_sc_hd__dfstp_4".
ABC: Scl_LibertyReadGenlib() skipped sequential cell "sky130_fd_sc_hd__dfxbp_1".
ABC: Scl_LibertyReadGenlib() skipped sequential cell "sky130_fd_sc_hd__dfxbp_2".
ABC: Scl_LibertyReadGenlib() skipped sequential cell "sky130_fd_sc_hd__dfxtp_1".
ABC: Scl_LibertyReadGenlib() skipped sequential cell "sky130_fd_sc_hd__dfxtp_2".
ABC: Scl_LibertyReadGenlib() skipped sequential cell "sky130_fd_sc_hd__dfxtp_4".
ABC: Scl_LibertyReadGenlib() skipped cell "sky130_fd_sc_hd__diode_2" without logic function.
ABC: Scl_LibertyReadGenlib() skipped cell "sky130_fd_sc_hd__dlclkp_1" without logic function.
ABC: Scl_LibertyReadGenlib() skipped cell "sky130_fd_sc_hd__dlclkp_2" without logic function.
ABC: Scl_LibertyReadGenlib() skipped cell "sky130_fd_sc_hd__dlclkp_4" without logic function.
ABC: Scl_LibertyReadGenlib() skipped sequential cell "sky130_fd_sc_hd__dlrbn_1".
ABC: Scl_LibertyReadGenlib() skipped sequential cell "sky130_fd_sc_hd__dlrbn_2".
ABC: Scl_LibertyReadGenlib() skipped sequential cell "sky130_fd_sc_hd__dlrbp_1".
ABC: Scl_LibertyReadGenlib() skipped sequential cell "sky130_fd_sc_hd__dlrbp_2".
ABC: Scl_LibertyReadGenlib() skipped sequential cell "sky130_fd_sc_hd__dlrtn_1".
ABC: Scl_LibertyReadGenlib() skipped sequential cell "sky130_fd_sc_hd__dlrtn_2".
ABC: Scl_LibertyReadGenlib() skipped sequential cell "sky130_fd_sc_hd__dlrtn_4".
ABC: Scl_LibertyReadGenlib() skipped sequential cell "sky130_fd_sc_hd__dlrtp_1".
ABC: Scl_LibertyReadGenlib() skipped sequential cell "sky130_fd_sc_hd__dlrtp_2".
ABC: Scl_LibertyReadGenlib() skipped sequential cell "sky130_fd_sc_hd__dlrtp_4".
ABC: Scl_LibertyReadGenlib() skipped sequential cell "sky130_fd_sc_hd__dlxbn_1".
ABC: Scl_LibertyReadGenlib() skipped sequential cell "sky130_fd_sc_hd__dlxbn_2".
ABC: Scl_LibertyReadGenlib() skipped sequential cell "sky130_fd_sc_hd__dlxbp_1".
ABC: Scl_LibertyReadGenlib() skipped sequential cell "sky130_fd_sc_hd__dlxtn_1".
ABC: Scl_LibertyReadGenlib() skipped sequential cell "sky130_fd_sc_hd__dlxtn_2".
ABC: Scl_LibertyReadGenlib() skipped sequential cell "sky130_fd_sc_hd__dlxtn_4".
ABC: Scl_LibertyReadGenlib() skipped sequential cell "sky130_fd_sc_hd__dlxtp_1".
ABC: Scl_LibertyReadGenlib() skipped three-state cell "sky130_fd_sc_hd__ebufn_1".
ABC: Scl_LibertyReadGenlib() skipped three-state cell "sky130_fd_sc_hd__ebufn_2".
ABC: Scl_LibertyReadGenlib() skipped three-state cell "sky130_fd_sc_hd__ebufn_4".
ABC: Scl_LibertyReadGenlib() skipped three-state cell "sky130_fd_sc_hd__ebufn_8".
ABC: Scl_LibertyReadGenlib() skipped sequential cell "sky130_fd_sc_hd__edfxbp_1".
ABC: Scl_LibertyReadGenlib() skipped sequential cell "sky130_fd_sc_hd__edfxtp_1".
ABC: Scl_LibertyReadGenlib() skipped three-state cell "sky130_fd_sc_hd__einvn_0".
ABC: Scl_LibertyReadGenlib() skipped three-state cell "sky130_fd_sc_hd__einvn_1".
ABC: Scl_LibertyReadGenlib() skipped three-state cell "sky130_fd_sc_hd__einvn_2".
ABC: Scl_LibertyReadGenlib() skipped three-state cell "sky130_fd_sc_hd__einvn_4".
ABC: Scl_LibertyReadGenlib() skipped three-state cell "sky130_fd_sc_hd__einvn_8".
ABC: Scl_LibertyReadGenlib() skipped three-state cell "sky130_fd_sc_hd__einvp_1".
ABC: Scl_LibertyReadGenlib() skipped three-state cell "sky130_fd_sc_hd__einvp_2".
ABC: Scl_LibertyReadGenlib() skipped three-state cell "sky130_fd_sc_hd__einvp_4".
ABC: Scl_LibertyReadGenlib() skipped three-state cell "sky130_fd_sc_hd__einvp_8".
ABC: Scl_LibertyReadGenlib() skipped cell "sky130_fd_sc_hd__lpflow_bleeder_1" without logic function.
ABC: Scl_LibertyReadGenlib() skipped cell "sky130_fd_sc_hd__lpflow_decapkapwr_12" without logic function.
ABC: Scl_LibertyReadGenlib() skipped cell "sky130_fd_sc_hd__lpflow_decapkapwr_3" without logic function.
ABC: Scl_LibertyReadGenlib() skipped cell "sky130_fd_sc_hd__lpflow_decapkapwr_4" without logic function.
ABC: Scl_LibertyReadGenlib() skipped cell "sky130_fd_sc_hd__lpflow_decapkapwr_6" without logic function.
ABC: Scl_LibertyReadGenlib() skipped cell "sky130_fd_sc_hd__lpflow_decapkapwr_8" without logic function.
ABC: Scl_LibertyReadGenlib() skipped sequential cell "sky130_fd_sc_hd__lpflow_inputisolatch_1".
ABC: Scl_LibertyReadGenlib() skipped sequential cell "sky130_fd_sc_hd__sdfbbn_1".
ABC: Scl_LibertyReadGenlib() skipped sequential cell "sky130_fd_sc_hd__sdfbbn_2".
ABC: Scl_LibertyReadGenlib() skipped sequential cell "sky130_fd_sc_hd__sdfbbp_1".
ABC: Scl_LibertyReadGenlib() skipped sequential cell "sky130_fd_sc_hd__sdfrbp_1".
ABC: Scl_LibertyReadGenlib() skipped sequential cell "sky130_fd_sc_hd__sdfrbp_2".
ABC: Scl_LibertyReadGenlib() skipped sequential cell "sky130_fd_sc_hd__sdfrtn_1".
ABC: Scl_LibertyReadGenlib() skipped sequential cell "sky130_fd_sc_hd__sdfrtp_1".
ABC: Scl_LibertyReadGenlib() skipped sequential cell "sky130_fd_sc_hd__sdfrtp_2".
ABC: Scl_LibertyReadGenlib() skipped sequential cell "sky130_fd_sc_hd__sdfrtp_4".
ABC: Scl_LibertyReadGenlib() skipped sequential cell "sky130_fd_sc_hd__sdfsbp_1".
ABC: Scl_LibertyReadGenlib() skipped sequential cell "sky130_fd_sc_hd__sdfsbp_2".
ABC: Scl_LibertyReadGenlib() skipped sequential cell "sky130_fd_sc_hd__sdfstp_1".
ABC: Scl_LibertyReadGenlib() skipped sequential cell "sky130_fd_sc_hd__sdfstp_2".
ABC: Scl_LibertyReadGenlib() skipped sequential cell "sky130_fd_sc_hd__sdfstp_4".
ABC: Scl_LibertyReadGenlib() skipped sequential cell "sky130_fd_sc_hd__sdfxbp_1".
ABC: Scl_LibertyReadGenlib() skipped sequential cell "sky130_fd_sc_hd__sdfxbp_2".
ABC: Scl_LibertyReadGenlib() skipped sequential cell "sky130_fd_sc_hd__sdfxtp_1".
ABC: Scl_LibertyReadGenlib() skipped sequential cell "sky130_fd_sc_hd__sdfxtp_2".
ABC: Scl_LibertyReadGenlib() skipped sequential cell "sky130_fd_sc_hd__sdfxtp_4".
ABC: Scl_LibertyReadGenlib() skipped cell "sky130_fd_sc_hd__sdlclkp_1" without logic function.
ABC: Scl_LibertyReadGenlib() skipped cell "sky130_fd_sc_hd__sdlclkp_2" without logic function.
ABC: Scl_LibertyReadGenlib() skipped cell "sky130_fd_sc_hd__sdlclkp_4" without logic function.
ABC: Scl_LibertyReadGenlib() skipped sequential cell "sky130_fd_sc_hd__sedfxbp_1".
ABC: Scl_LibertyReadGenlib() skipped sequential cell "sky130_fd_sc_hd__sedfxbp_2".
ABC: Scl_LibertyReadGenlib() skipped sequential cell "sky130_fd_sc_hd__sedfxtp_1".
ABC: Scl_LibertyReadGenlib() skipped sequential cell "sky130_fd_sc_hd__sedfxtp_2".
ABC: Scl_LibertyReadGenlib() skipped sequential cell "sky130_fd_sc_hd__sedfxtp_4".
ABC: Library "sky130_fd_sc_hd__tt_025C_1v80" from "/home/trithuc/.ciel/ciel/sky130/versions/0fe599b2afb6708d281543108caf8310912f54af/sky130A/libs.ref/sky130_fd_sc_hd/lib/sky130_fd_sc_hd__tt_025C_1v80.lib" has 334 cells (94 skipped: 63 seq; 13 tri-state; 18 no func; 0 dont_use).  Time =     0.06 sec
ABC: Memory =   19.85 MB. Time =     0.06 sec
ABC: Warning: Detected 9 multi-output gates (for example, "sky130_fd_sc_hd__fa_1").
ABC: + strash 
ABC: + &get -n 
ABC: + &fraig -x 
ABC: + &put 
ABC: + scorr 
ABC: Warning: The network is combinational (run "fraig" or "fraig_sweep").
ABC: + dc2 
ABC: + dretime 
ABC: + strash 
ABC: + &get -n 
ABC: + &dch -f 
ABC: + &nf 
ABC: + &put 
ABC: + write_blif <abc-temp-dir>/output.blif 

12.16.2. Re-integrating ABC results.
ABC RESULTS:   sky130_fd_sc_hd__clkinv_1 cells:        2
ABC RESULTS:   sky130_fd_sc_hd__o31a_1 cells:        1
ABC RESULTS:   sky130_fd_sc_hd__and3_1 cells:        1
ABC RESULTS:   sky130_fd_sc_hd__nand3_1 cells:        1
ABC RESULTS:   sky130_fd_sc_hd__nor4bb_1 cells:        3
ABC RESULTS:   sky130_fd_sc_hd__o31ai_1 cells:        1
ABC RESULTS:   sky130_fd_sc_hd__and3b_1 cells:        2
ABC RESULTS:   sky130_fd_sc_hd__nand3b_1 cells:        2
ABC RESULTS:   sky130_fd_sc_hd__and4b_1 cells:        3
ABC RESULTS:   sky130_fd_sc_hd__nand4b_1 cells:        3
ABC RESULTS:   sky130_fd_sc_hd__nand2_1 cells:     1234
ABC RESULTS:   sky130_fd_sc_hd__nor2_1 cells:      844
ABC RESULTS:   sky130_fd_sc_hd__a21oi_1 cells:      832
ABC RESULTS:   sky130_fd_sc_hd__nand2b_1 cells:        4
ABC RESULTS:   sky130_fd_sc_hd__lpflow_isobufsrc_1 cells:        5
ABC RESULTS:   sky130_fd_sc_hd__o21ai_0 cells:     1155
ABC RESULTS:   sky130_fd_sc_hd__xnor2_1 cells:        4
ABC RESULTS:   sky130_fd_sc_hd__nand4_1 cells:        3
ABC RESULTS:   sky130_fd_sc_hd__a211o_1 cells:        2
ABC RESULTS:   sky130_fd_sc_hd__or3_1 cells:        5
ABC RESULTS:   sky130_fd_sc_hd__nor3_1 cells:        2
ABC RESULTS:   sky130_fd_sc_hd__mux4_2 cells:     1280
ABC RESULTS:   sky130_fd_sc_hd__mux2i_1 cells:      128
ABC RESULTS:   sky130_fd_sc_hd__nor4_1 cells:      128
ABC RESULTS:   sky130_fd_sc_hd__a211oi_1 cells:      128
ABC RESULTS:   sky130_fd_sc_hd__buf_1 cells:       64
ABC RESULTS:        internal signals:     4287
ABC RESULTS:           input signals:     2128
ABC RESULTS:          output signals:     2176
Removing temp directory.

13. Executing OPT_CLEAN pass (remove unused cells and wires).
Finding unused cells or wires in module \ALU..
Finding unused cells or wires in module \ALU_control..
Finding unused cells or wires in module \Branch_Target_Buffer..
Finding unused cells or wires in module \Control..
Finding unused cells or wires in module \EX_MEM_reg..
Finding unused cells or wires in module \Forwarding_Unit..
Finding unused cells or wires in module \Hazard_Detection_Unit..
Finding unused cells or wires in module \ID_EX_reg..
Finding unused cells or wires in module \IF_ID_reg..
Finding unused cells or wires in module \ImmGen..
Finding unused cells or wires in module \MEM_WB_reg..
Finding unused cells or wires in module \MUX_2_1..
Finding unused cells or wires in module \PC..
Finding unused cells or wires in module \PC_next..
Finding unused cells or wires in module \RISC_V_pipe_line..
Finding unused cells or wires in module \Register..
Removed 0 unused cells and 15063 unused wires.
<suppressed ~29 debug messages>

14. Printing statistics.

=== ALU ===

   Number of wires:               2590
   Number of wire bits:           2782
   Number of public wires:           8
   Number of public wire bits:     200
   Number of memories:               0
   Number of memory bits:            0
   Number of processes:              0
   Number of cells:               2649
     sky130_fd_sc_hd__a2111oi_0      7
     sky130_fd_sc_hd__a211o_1        5
     sky130_fd_sc_hd__a211oi_1      26
     sky130_fd_sc_hd__a21bo_1        1
     sky130_fd_sc_hd__a21boi_0       7
     sky130_fd_sc_hd__a21o_1        18
     sky130_fd_sc_hd__a21oi_1      396
     sky130_fd_sc_hd__a221o_1       11
     sky130_fd_sc_hd__a221oi_1      30
     sky130_fd_sc_hd__a222oi_1       5
     sky130_fd_sc_hd__a22o_1         1
     sky130_fd_sc_hd__a22oi_1       18
     sky130_fd_sc_hd__a2bb2oi_1      4
     sky130_fd_sc_hd__a311o_1        1
     sky130_fd_sc_hd__a311oi_1       8
     sky130_fd_sc_hd__a31o_1         1
     sky130_fd_sc_hd__a31oi_1       25
     sky130_fd_sc_hd__a32oi_1        9
     sky130_fd_sc_hd__and2_0        27
     sky130_fd_sc_hd__and3_1         6
     sky130_fd_sc_hd__and3b_1        1
     sky130_fd_sc_hd__clkinv_1      59
     sky130_fd_sc_hd__lpflow_inputiso1p_1     27
     sky130_fd_sc_hd__lpflow_isobufsrc_1     52
     sky130_fd_sc_hd__maj3_1        28
     sky130_fd_sc_hd__mux2_1        53
     sky130_fd_sc_hd__mux2i_1      112
     sky130_fd_sc_hd__mux4_2         5
     sky130_fd_sc_hd__nand2_1      448
     sky130_fd_sc_hd__nand2b_1      77
     sky130_fd_sc_hd__nand3_1       55
     sky130_fd_sc_hd__nand3b_1       3
     sky130_fd_sc_hd__nand4_1       17
     sky130_fd_sc_hd__nand4b_1       1
     sky130_fd_sc_hd__nand4bb_1      1
     sky130_fd_sc_hd__nor2_1       382
     sky130_fd_sc_hd__nor2b_1       23
     sky130_fd_sc_hd__nor3_1        39
     sky130_fd_sc_hd__nor3b_1        8
     sky130_fd_sc_hd__nor4_1        11
     sky130_fd_sc_hd__nor4b_1        1
     sky130_fd_sc_hd__nor4bb_1       1
     sky130_fd_sc_hd__o2111a_1       1
     sky130_fd_sc_hd__o2111ai_1      9
     sky130_fd_sc_hd__o211a_1        1
     sky130_fd_sc_hd__o211ai_1      41
     sky130_fd_sc_hd__o21a_1         9
     sky130_fd_sc_hd__o21ai_0      324
     sky130_fd_sc_hd__o21ba_1        1
     sky130_fd_sc_hd__o21bai_1       5
     sky130_fd_sc_hd__o221ai_1      13
     sky130_fd_sc_hd__o22a_1         3
     sky130_fd_sc_hd__o22ai_1       34
     sky130_fd_sc_hd__o2bb2ai_1      4
     sky130_fd_sc_hd__o311a_1        1
     sky130_fd_sc_hd__o311ai_0       5
     sky130_fd_sc_hd__o31a_1         2
     sky130_fd_sc_hd__o31ai_1        6
     sky130_fd_sc_hd__o32a_1         1
     sky130_fd_sc_hd__o32ai_1        2
     sky130_fd_sc_hd__o41ai_1        3
     sky130_fd_sc_hd__or3_1          8
     sky130_fd_sc_hd__or3b_1         3
     sky130_fd_sc_hd__or4_1         12
     sky130_fd_sc_hd__xnor2_1       97
     sky130_fd_sc_hd__xor2_1        54

=== ALU_control ===

   Number of wires:                 18
   Number of wire bits:             24
   Number of public wires:           5
   Number of public wire bits:      11
   Number of memories:               0
   Number of memory bits:            0
   Number of processes:              0
   Number of cells:                 17
     sky130_fd_sc_hd__a21o_1         1
     sky130_fd_sc_hd__a31oi_1        1
     sky130_fd_sc_hd__lpflow_isobufsrc_1      3
     sky130_fd_sc_hd__nand2_1        4
     sky130_fd_sc_hd__nand3_1        1
     sky130_fd_sc_hd__nand4_1        2
     sky130_fd_sc_hd__nor2_1         1
     sky130_fd_sc_hd__nor3b_1        1
     sky130_fd_sc_hd__o2111ai_1      1
     sky130_fd_sc_hd__o21ai_0        2

=== Branch_Target_Buffer ===

   Number of wires:               3532
   Number of wire bits:           5800
   Number of public wires:          57
   Number of public wire bits:    2325
   Number of memories:               0
   Number of memory bits:            0
   Number of processes:              0
   Number of cells:               5604
     sky130_fd_sc_hd__a2111oi_0      4
     sky130_fd_sc_hd__a21boi_0       1
     sky130_fd_sc_hd__a21o_1         7
     sky130_fd_sc_hd__a21oi_1        3
     sky130_fd_sc_hd__a221oi_1     132
     sky130_fd_sc_hd__a222oi_1     199
     sky130_fd_sc_hd__a22o_1       132
     sky130_fd_sc_hd__a22oi_1      469
     sky130_fd_sc_hd__a2bb2oi_1      6
     sky130_fd_sc_hd__a31oi_1       64
     sky130_fd_sc_hd__and2_0        29
     sky130_fd_sc_hd__and3_1        65
     sky130_fd_sc_hd__and4_1        16
     sky130_fd_sc_hd__and4b_1        5
     sky130_fd_sc_hd__clkinv_1      27
     sky130_fd_sc_hd__dfrtp_1     2064
     sky130_fd_sc_hd__lpflow_inputiso1p_1      4
     sky130_fd_sc_hd__lpflow_isobufsrc_1     10
     sky130_fd_sc_hd__mux2_1      1984
     sky130_fd_sc_hd__nand2_1       91
     sky130_fd_sc_hd__nand2b_1      31
     sky130_fd_sc_hd__nand3_1       48
     sky130_fd_sc_hd__nand4_1       67
     sky130_fd_sc_hd__nand4b_1       3
     sky130_fd_sc_hd__nor2_1         8
     sky130_fd_sc_hd__nor3_1        49
     sky130_fd_sc_hd__nor4_1         5
     sky130_fd_sc_hd__nor4b_1        8
     sky130_fd_sc_hd__nor4bb_1       7
     sky130_fd_sc_hd__o2111a_1       3
     sky130_fd_sc_hd__o211ai_1       1
     sky130_fd_sc_hd__o21a_1         7
     sky130_fd_sc_hd__o21ai_0       27
     sky130_fd_sc_hd__o221ai_1       1
     sky130_fd_sc_hd__or3_1          4
     sky130_fd_sc_hd__or4b_1         1
     sky130_fd_sc_hd__xnor2_1        4
     sky130_fd_sc_hd__xor2_1        18

=== Control ===

   Number of wires:                 13
   Number of wire bits:             29
   Number of public wires:           2
   Number of public wire bits:      18
   Number of memories:               0
   Number of memory bits:            0
   Number of processes:              0
   Number of cells:                 21
     sky130_fd_sc_hd__clkinv_1       1
     sky130_fd_sc_hd__nand2b_1       2
     sky130_fd_sc_hd__nand3_1        1
     sky130_fd_sc_hd__nand3b_1       3
     sky130_fd_sc_hd__nand4b_1       1
     sky130_fd_sc_hd__nor2_1         3
     sky130_fd_sc_hd__nor3_1         4
     sky130_fd_sc_hd__nor3b_1        1
     sky130_fd_sc_hd__nor4b_1        1
     sky130_fd_sc_hd__o21ai_0        1
     sky130_fd_sc_hd__o31a_1         1
     sky130_fd_sc_hd__o31ai_1        1
     sky130_fd_sc_hd__or3_1          1

=== EX_MEM_reg ===

   Number of wires:                156
   Number of wire bits:            426
   Number of public wires:          14
   Number of public wire bits:     284
   Number of memories:               0
   Number of memory bits:            0
   Number of processes:              0
   Number of cells:                282
     sky130_fd_sc_hd__a22o_1         4
     sky130_fd_sc_hd__dfrtp_1      140
     sky130_fd_sc_hd__lpflow_isobufsrc_1      1
     sky130_fd_sc_hd__mux2_1       136
     sky130_fd_sc_hd__nor2_1         1

=== Forwarding_Unit ===

   Number of wires:                 36
   Number of wire bits:             54
   Number of public wires:           8
   Number of public wire bits:      26
   Number of memories:               0
   Number of memory bits:            0
   Number of processes:              0
   Number of cells:                 32
     sky130_fd_sc_hd__nand4_1        4
     sky130_fd_sc_hd__nor3_1         2
     sky130_fd_sc_hd__nor4_1         2
     sky130_fd_sc_hd__o31ai_1        2
     sky130_fd_sc_hd__or3_1          2
     sky130_fd_sc_hd__xnor2_1       16
     sky130_fd_sc_hd__xor2_1         4

=== Hazard_Detection_Unit ===

   Number of wires:                 32
   Number of wire bits:             44
   Number of public wires:           9
   Number of public wire bits:      21
   Number of memories:               0
   Number of memory bits:            0
   Number of processes:              0
   Number of cells:                 25
     sky130_fd_sc_hd__clkinv_1       6
     sky130_fd_sc_hd__lpflow_isobufsrc_1      4
     sky130_fd_sc_hd__nand2b_1       1
     sky130_fd_sc_hd__nor3_1         1
     sky130_fd_sc_hd__nor3b_1        1
     sky130_fd_sc_hd__nor4_1         2
     sky130_fd_sc_hd__o21ai_0        1
     sky130_fd_sc_hd__o221ai_1       4
     sky130_fd_sc_hd__or3_1          1
     sky130_fd_sc_hd__xnor2_1        4

=== ID_EX_reg ===

   Number of wires:                345
   Number of wire bits:            959
   Number of public wires:          24
   Number of public wire bits:     638
   Number of memories:               0
   Number of memory bits:            0
   Number of processes:              0
   Number of cells:                638
     sky130_fd_sc_hd__a22o_1        40
     sky130_fd_sc_hd__dfrtp_1      314
     sky130_fd_sc_hd__dfstp_2        3
     sky130_fd_sc_hd__lpflow_inputiso1p_1      1
     sky130_fd_sc_hd__lpflow_isobufsrc_1      1
     sky130_fd_sc_hd__mux2_1       274
     sky130_fd_sc_hd__nand2b_1       1
     sky130_fd_sc_hd__nor2_1         1
     sky130_fd_sc_hd__o22a_1         3

=== IF_ID_reg ===

   Number of wires:                108
   Number of wire bits:            296
   Number of public wires:           8
   Number of public wire bits:     196
   Number of memories:               0
   Number of memory bits:            0
   Number of processes:              0
   Number of cells:                196
     sky130_fd_sc_hd__a22o_1        93
     sky130_fd_sc_hd__dfrtp_1       93
     sky130_fd_sc_hd__dfstp_2        3
     sky130_fd_sc_hd__lpflow_inputiso1p_1      1
     sky130_fd_sc_hd__lpflow_isobufsrc_1      1
     sky130_fd_sc_hd__nand2b_1       1
     sky130_fd_sc_hd__nor2_1         1
     sky130_fd_sc_hd__o22a_1         3

=== ImmGen ===

   Number of wires:                 23
   Number of wire bits:            117
   Number of public wires:           2
   Number of public wire bits:      96
   Number of memories:               0
   Number of memory bits:            0
   Number of processes:              0
   Number of cells:                 53
     sky130_fd_sc_hd__a211o_1       11
     sky130_fd_sc_hd__a21o_1         9
     sky130_fd_sc_hd__a22o_1         5
     sky130_fd_sc_hd__a22oi_1        1
     sky130_fd_sc_hd__a32o_1         1
     sky130_fd_sc_hd__and2_0         1
     sky130_fd_sc_hd__and3b_1        3
     sky130_fd_sc_hd__and4b_1        1
     sky130_fd_sc_hd__lpflow_inputiso1p_1      2
     sky130_fd_sc_hd__lpflow_isobufsrc_1      7
     sky130_fd_sc_hd__nand2_1        1
     sky130_fd_sc_hd__nand2b_1       2
     sky130_fd_sc_hd__nand3_1        1
     sky130_fd_sc_hd__nand4_1        1
     sky130_fd_sc_hd__nand4b_1       1
     sky130_fd_sc_hd__nand4bb_1      1
     sky130_fd_sc_hd__nor2_1         2
     sky130_fd_sc_hd__nor3_1         2
     sky130_fd_sc_hd__o21a_1         1

=== MEM_WB_reg ===

   Number of wires:                149
   Number of wire bits:            411
   Number of public wires:          12
   Number of public wire bits:     274
   Number of memories:               0
   Number of memory bits:            0
   Number of processes:              0
   Number of cells:                272
     sky130_fd_sc_hd__a22o_1         2
     sky130_fd_sc_hd__dfrtp_1      135
     sky130_fd_sc_hd__lpflow_isobufsrc_1      1
     sky130_fd_sc_hd__mux2_1       133
     sky130_fd_sc_hd__nor2_1         1

=== MUX_2_1 ===

   Number of wires:                  4
   Number of wire bits:            193
   Number of public wires:           4
   Number of public wire bits:     193
   Number of memories:               0
   Number of memory bits:            0
   Number of processes:              0
   Number of cells:                 64
     sky130_fd_sc_hd__mux2_1        64

=== PC ===

   Number of wires:                370
   Number of wire bits:            496
   Number of public wires:           6
   Number of public wire bits:     132
   Number of memories:               0
   Number of memory bits:            0
   Number of processes:              0
   Number of cells:                428
     sky130_fd_sc_hd__a21boi_0       2
     sky130_fd_sc_hd__a21o_1         5
     sky130_fd_sc_hd__a21oi_1       14
     sky130_fd_sc_hd__a22o_1         9
     sky130_fd_sc_hd__a22oi_1        1
     sky130_fd_sc_hd__and2_0         9
     sky130_fd_sc_hd__and3_1         9
     sky130_fd_sc_hd__and4_1         1
     sky130_fd_sc_hd__clkinv_1      30
     sky130_fd_sc_hd__dfrtp_1       64
     sky130_fd_sc_hd__lpflow_isobufsrc_1      2
     sky130_fd_sc_hd__mux2_1        31
     sky130_fd_sc_hd__mux2i_1        1
     sky130_fd_sc_hd__nand2_1       78
     sky130_fd_sc_hd__nand3_1        2
     sky130_fd_sc_hd__nand4_1       10
     sky130_fd_sc_hd__nor2_1        55
     sky130_fd_sc_hd__nor3_1         8
     sky130_fd_sc_hd__nor4_1         9
     sky130_fd_sc_hd__o21a_1         2
     sky130_fd_sc_hd__o21ai_0       57
     sky130_fd_sc_hd__o22ai_1        1
     sky130_fd_sc_hd__o31ai_1       27
     sky130_fd_sc_hd__xnor2_1        1

=== PC_next ===

   Number of wires:                319
   Number of wire bits:            573
   Number of public wires:          13
   Number of public wire bits:     267
   Number of memories:               0
   Number of memory bits:            0
   Number of processes:              0
   Number of cells:                371
     sky130_fd_sc_hd__a21o_1         2
     sky130_fd_sc_hd__a21oi_1       47
     sky130_fd_sc_hd__and2_0         1
     sky130_fd_sc_hd__maj3_1        61
     sky130_fd_sc_hd__mux2_1         1
     sky130_fd_sc_hd__nand2_1      107
     sky130_fd_sc_hd__nor2_1         3
     sky130_fd_sc_hd__o21ai_0       64
     sky130_fd_sc_hd__xnor2_1       23
     sky130_fd_sc_hd__xor2_1        62

=== RISC_V_pipe_line ===

   Number of wires:                948
   Number of wire bits:           2543
   Number of public wires:          55
   Number of public wire bits:    1650
   Number of memories:               0
   Number of memory bits:            0
   Number of processes:              0
   Number of cells:               1233
     ALU                             1
     ALU_control                     1
     Branch_Target_Buffer            1
     Control                         1
     DMEM                            1
     EX_MEM_reg                      1
     Forwarding_Unit                 1
     Hazard_Detection_Unit           1
     ID_EX_reg                       1
     IF_ID_reg                       1
     IMEM                            1
     ImmGen                          1
     MEM_WB_reg                      1
     MUX_2_1                         1
     PC                              1
     PC_next                         1
     Register                        1
     sky130_fd_sc_hd__a2111oi_0      7
     sky130_fd_sc_hd__a21o_1        10
     sky130_fd_sc_hd__a21oi_1      151
     sky130_fd_sc_hd__a221oi_1       3
     sky130_fd_sc_hd__a22o_1        33
     sky130_fd_sc_hd__a22oi_1        2
     sky130_fd_sc_hd__a2bb2oi_1      1
     sky130_fd_sc_hd__a31oi_1        4
     sky130_fd_sc_hd__and2_0         5
     sky130_fd_sc_hd__and3_1         3
     sky130_fd_sc_hd__and4_1         8
     sky130_fd_sc_hd__clkinv_1      93
     sky130_fd_sc_hd__lpflow_inputiso1p_1      4
     sky130_fd_sc_hd__lpflow_isobufsrc_1      4
     sky130_fd_sc_hd__mux2_1        87
     sky130_fd_sc_hd__mux2i_1       87
     sky130_fd_sc_hd__nand2_1      204
     sky130_fd_sc_hd__nand2b_1       2
     sky130_fd_sc_hd__nand3_1        4
     sky130_fd_sc_hd__nand4_1       11
     sky130_fd_sc_hd__nor2_1       149
     sky130_fd_sc_hd__nor3_1         7
     sky130_fd_sc_hd__nor4_1         8
     sky130_fd_sc_hd__o2111ai_1      3
     sky130_fd_sc_hd__o21a_1         1
     sky130_fd_sc_hd__o21ai_0      189
     sky130_fd_sc_hd__o21bai_1       1
     sky130_fd_sc_hd__o221ai_1       2
     sky130_fd_sc_hd__o22ai_1        2
     sky130_fd_sc_hd__o2bb2ai_1     31
     sky130_fd_sc_hd__o31ai_1        8
     sky130_fd_sc_hd__or3_1          4
     sky130_fd_sc_hd__or4_1          1
     sky130_fd_sc_hd__xnor2_1       43
     sky130_fd_sc_hd__xor2_1        44

=== Register ===

   Number of wires:               5749
   Number of wire bits:           7966
   Number of public wires:          40
   Number of public wire bits:    2257
   Number of memories:               0
   Number of memory bits:            0
   Number of processes:              0
   Number of cells:               7885
     sky130_fd_sc_hd__a211o_1        2
     sky130_fd_sc_hd__a211oi_1     128
     sky130_fd_sc_hd__a21oi_1      832
     sky130_fd_sc_hd__and3_1         1
     sky130_fd_sc_hd__and3b_1        2
     sky130_fd_sc_hd__and4b_1        3
     sky130_fd_sc_hd__buf_1         64
     sky130_fd_sc_hd__clkinv_1       2
     sky130_fd_sc_hd__dfxtp_1     2048
     sky130_fd_sc_hd__lpflow_isobufsrc_1      5
     sky130_fd_sc_hd__mux2i_1      128
     sky130_fd_sc_hd__mux4_2      1280
     sky130_fd_sc_hd__nand2_1     1234
     sky130_fd_sc_hd__nand2b_1       4
     sky130_fd_sc_hd__nand3_1        1
     sky130_fd_sc_hd__nand3b_1       2
     sky130_fd_sc_hd__nand4_1        3
     sky130_fd_sc_hd__nand4b_1       3
     sky130_fd_sc_hd__nor2_1       844
     sky130_fd_sc_hd__nor3_1         2
     sky130_fd_sc_hd__nor4_1       128
     sky130_fd_sc_hd__nor4bb_1       3
     sky130_fd_sc_hd__o21ai_0     1155
     sky130_fd_sc_hd__o31a_1         1
     sky130_fd_sc_hd__o31ai_1        1
     sky130_fd_sc_hd__or3_1          5
     sky130_fd_sc_hd__xnor2_1        4

=== design hierarchy ===

   RISC_V_pipe_line                  1
     ALU                             1
     ALU_control                     1
     Branch_Target_Buffer            1
     Control                         1
     EX_MEM_reg                      1
     Forwarding_Unit                 1
     Hazard_Detection_Unit           1
     ID_EX_reg                       1
     IF_ID_reg                       1
     ImmGen                          1
     MEM_WB_reg                      1
     MUX_2_1                         1
     PC                              1
     PC_next                         1
     Register                        1

   Number of wires:              14392
   Number of wire bits:          22713
   Number of public wires:         267
   Number of public wire bits:    8588
   Number of memories:               0
   Number of memory bits:            0
   Number of processes:              0
   Number of cells:              19755
     DMEM                            1
     IMEM                            1
     sky130_fd_sc_hd__a2111oi_0     18
     sky130_fd_sc_hd__a211o_1       18
     sky130_fd_sc_hd__a211oi_1     154
     sky130_fd_sc_hd__a21bo_1        1
     sky130_fd_sc_hd__a21boi_0      10
     sky130_fd_sc_hd__a21o_1        52
     sky130_fd_sc_hd__a21oi_1     1443
     sky130_fd_sc_hd__a221o_1       11
     sky130_fd_sc_hd__a221oi_1     165
     sky130_fd_sc_hd__a222oi_1     204
     sky130_fd_sc_hd__a22o_1       319
     sky130_fd_sc_hd__a22oi_1      491
     sky130_fd_sc_hd__a2bb2oi_1     11
     sky130_fd_sc_hd__a311o_1        1
     sky130_fd_sc_hd__a311oi_1       8
     sky130_fd_sc_hd__a31o_1         1
     sky130_fd_sc_hd__a31oi_1       94
     sky130_fd_sc_hd__a32o_1         1
     sky130_fd_sc_hd__a32oi_1        9
     sky130_fd_sc_hd__and2_0        72
     sky130_fd_sc_hd__and3_1        84
     sky130_fd_sc_hd__and3b_1        6
     sky130_fd_sc_hd__and4_1        25
     sky130_fd_sc_hd__and4b_1        9
     sky130_fd_sc_hd__buf_1         64
     sky130_fd_sc_hd__clkinv_1     218
     sky130_fd_sc_hd__dfrtp_1     2810
     sky130_fd_sc_hd__dfstp_2        6
     sky130_fd_sc_hd__dfxtp_1     2048
     sky130_fd_sc_hd__lpflow_inputiso1p_1     39
     sky130_fd_sc_hd__lpflow_isobufsrc_1     91
     sky130_fd_sc_hd__maj3_1        89
     sky130_fd_sc_hd__mux2_1      2763
     sky130_fd_sc_hd__mux2i_1      328
     sky130_fd_sc_hd__mux4_2      1285
     sky130_fd_sc_hd__nand2_1     2167
     sky130_fd_sc_hd__nand2b_1     121
     sky130_fd_sc_hd__nand3_1      113
     sky130_fd_sc_hd__nand3b_1       8
     sky130_fd_sc_hd__nand4_1      115
     sky130_fd_sc_hd__nand4b_1       9
     sky130_fd_sc_hd__nand4bb_1      2
     sky130_fd_sc_hd__nor2_1      1451
     sky130_fd_sc_hd__nor2b_1       23
     sky130_fd_sc_hd__nor3_1       114
     sky130_fd_sc_hd__nor3b_1       11
     sky130_fd_sc_hd__nor4_1       165
     sky130_fd_sc_hd__nor4b_1       10
     sky130_fd_sc_hd__nor4bb_1      11
     sky130_fd_sc_hd__o2111a_1       4
     sky130_fd_sc_hd__o2111ai_1     13
     sky130_fd_sc_hd__o211a_1        1
     sky130_fd_sc_hd__o211ai_1      42
     sky130_fd_sc_hd__o21a_1        20
     sky130_fd_sc_hd__o21ai_0     1820
     sky130_fd_sc_hd__o21ba_1        1
     sky130_fd_sc_hd__o21bai_1       6
     sky130_fd_sc_hd__o221ai_1      20
     sky130_fd_sc_hd__o22a_1         9
     sky130_fd_sc_hd__o22ai_1       37
     sky130_fd_sc_hd__o2bb2ai_1     35
     sky130_fd_sc_hd__o311a_1        1
     sky130_fd_sc_hd__o311ai_0       5
     sky130_fd_sc_hd__o31a_1         4
     sky130_fd_sc_hd__o31ai_1       45
     sky130_fd_sc_hd__o32a_1         1
     sky130_fd_sc_hd__o32ai_1        2
     sky130_fd_sc_hd__o41ai_1        3
     sky130_fd_sc_hd__or3_1         25
     sky130_fd_sc_hd__or3b_1         3
     sky130_fd_sc_hd__or4_1         13
     sky130_fd_sc_hd__or4b_1         1
     sky130_fd_sc_hd__xnor2_1      192
     sky130_fd_sc_hd__xor2_1       182

15. Executing Verilog backend.
Dumping module `\ALU'.
Dumping module `\ALU_control'.
Dumping module `\Branch_Target_Buffer'.
Dumping module `\Control'.
Dumping module `\EX_MEM_reg'.
Dumping module `\Forwarding_Unit'.
Dumping module `\Hazard_Detection_Unit'.
Dumping module `\ID_EX_reg'.
Dumping module `\IF_ID_reg'.
Dumping module `\ImmGen'.
Dumping module `\MEM_WB_reg'.
Dumping module `\MUX_2_1'.
Dumping module `\PC'.
Dumping module `\PC_next'.
Dumping module `\RISC_V_pipe_line'.
Dumping module `\Register'.

Warnings: 29 unique messages, 237 total
End of script. Logfile hash: d196727b2f, CPU: user 3.44s system 0.04s, MEM: 81.98 MB peak
Yosys 0.33 (git sha1 2584903a060)
Time spent: 53% 1x abc (3 sec), 13% 25x opt_expr (0 sec), ...
